event_candidate_id,stable_id,ticker_at_event,event_date,detected_event_type,evidence_date,evidence_form,evidence_item,evidence_url,evidence_summary,label_status,canonical_event_family,canonical_event_type,R,L,E,C,P,X,score_total,manual_grade,training_role,adjudication_note
CAND-14606774787152120897,permaticker:636650,SOPAQ,2026-05-20,bankruptcy_liquidation,2026-05-14,8-K,1.03;2.04;8.01,https://www.sec.gov/Archives/edgar/data/1817511/000149315226023162/form8-k.htm,"Company disclosed voluntary Chapter 11 petitions, debtor-in-possession operation and accelerated obligations; filing warns that security recovery is uncertain but does not establish old-common cancellation.",verified,distress_equity_death,chapter_11,3,3,2,3,0,-1,10,A++,positive_boundary_after_import_review,Verified bankruptcy; keep below S until a plan or court order proves cancellation or no recovery for old common equity.
CAND-16692804117548625723,permaticker:194557,QVCAQ,2026-04-24,bankruptcy_liquidation,2026-04-17,8-K,1.01;1.03;2.04;7.01;9.01,https://www.sec.gov/Archives/edgar/data/1355096/000110465926044521/tm2611635d1_8k.htm,Company disclosed Chapter 11 and a plan under which creditors receive reorganized equity while existing common and preferred interests receive no distribution and are canceled for no consideration.,verified,distress_equity_death,common_equity_cancellation,3,3,3,3,0,0,12,S,positive_hard_after_import_review,Primary filing directly supports common-equity death; this is the clean S boundary the radar should learn.
CAND-12035669252075663372,permaticker:197422,FFIC,2026-06-01,delisted,2026-06-01,8-K,2.01;3.01;3.03;5.01;5.02;9.01,https://www.sec.gov/Archives/edgar/data/923139/000119312526251765/d135457d8k.htm,Delisting followed a completed merger; each old common share converted into the right to receive 0.85 OceanFirst common share plus cash for fractional shares.,rejected,corporate_action_merger,merger_consideration_delisting,0,0,0,3,0,-3,0,rejected,rejected_false_positive,"Sharadar delisting action is real, but it is not a severe negative event or common-equity death."
CAND-16185300028448829762,permaticker:198996,FONR,2026-06-03,delisted,2026-06-03,8-K,2.01;3.01;3.03,https://www.sec.gov/Archives/edgar/data/355019/000119312526255449/d121091d8k.htm,Delisting followed a completed cash merger. Common and Class B common shares converted into the right to receive $19.00 per share; other listed classes also received stated cash consideration.,rejected,corporate_action_merger,cash_merger_consideration_delisting,0,0,0,3,0,-3,0,rejected,rejected_false_positive,"The delisting is a paid merger completion, not a severe negative event."
CAND-15141264022502007439,permaticker:640131,ESHA,2026-05-01,bankruptcy_liquidation,2026-04-23,8-K,3.01;8.01;9.01,https://www.sec.gov/Archives/edgar/data/1918661/000121390026047075/ea028749701ex99-1_eshacq.htm,The SPAC announced redemption and dissolution. Public shares were canceled only after becoming rights to receive the redemption amount; warrants and rights expired without a liquidating distribution.,rejected,corporate_action_redemption,spac_redemption_not_bankruptcy,0,0,0,3,0,-3,0,rejected,rejected_false_positive,"The common-share outcome is redemption consideration, so the bankruptcy label is false even though warrants expire worthless."
CAND-12932567292357832923,permaticker:199663,NVRI1,2026-05-29,delisted,2026-06-01,8-K,2.01;3.01,https://www.sec.gov/Archives/edgar/data/45876/000119312526251741/d129138d8k.htm,"After a distribution and merger, each Clean Earth common share converted into the right to receive $15.00 cash; aggregate transaction consideration was disclosed as approximately $3.04 billion.",rejected,corporate_action_merger,cash_merger_consideration_delisting,0,0,0,3,0,-3,0,rejected,rejected_false_positive,"The exchange exit is transaction mechanics with cash consideration, not equity death."
CAND-5496211245937909013,permaticker:198460,AMWD,2026-05-28,delisted,2026-05-28,8-K,2.01;3.01;3.03,https://www.sec.gov/Archives/edgar/data/794619/000119312526243155/d50625d8k.htm,The completed merger converted each American Woodmark common share into 5.150 MasterBrand common shares plus cash for fractional shares.,rejected,corporate_action_merger,stock_merger_consideration_delisting,0,0,0,3,0,-3,0,rejected,rejected_false_positive,Shareholders received stock consideration; delisting is not a negative-death label.
CAND-2061743558231268296,permaticker:197403,VRE,2026-05-26,delisted,2026-05-27,8-K,2.01;3.01;3.03,https://www.sec.gov/Archives/edgar/data/924901/000110465926066981/tm2615596d1_8k.htm,The completed merger canceled each outstanding common share only after converting it into the right to receive $19.00 cash without interest.,rejected,corporate_action_merger,cash_merger_consideration_delisting,0,0,0,3,0,-3,0,rejected,rejected_false_positive,Cancellation wording must not override the explicit per-share cash merger consideration.
CAND-16594706544157274011,permaticker:633889,ABVEF,2026-06-01,delisted,2026-06-02,6-K,,https://www.sec.gov/Archives/edgar/data/1979484/000110465926069444/tm2616708d1_ex99-1.htm,Nasdaq's Hearings Panel determined to delist the securities for missed audited-financial-statement and Form 20-F deadlines; trading was to be suspended June 2 while appeal and relisting remained possible.,verified,listing_status,forced_delisting_for_filing_noncompliance,2,2,1,3,0,-1,7,A,positive_material_after_import_review,"The delisting determination and suspension are official and material, but appeal and relisting paths make the event reversible and below A++."
CAND-9255410605295960394,permaticker:198834,SIVBQ,2023-03-28,volume_crash,2023-03-22,8-K,2.04;7.01;9.01,https://www.sec.gov/Archives/edgar/data/719739/000119312523076760/d487549d8k.htm,"SVB Financial Group confirmed its March 17 Chapter 11 filing, which triggered defaults or repayment obligations across multiple debt instruments; the cited filing did not establish old-common cancellation.",verified,distress_equity_death,chapter_11,3,3,2,3,0,-1,10,A++,positive_boundary_after_import_review,Relabel the price-only discovery as a confirmed Chapter 11 cause; keep below S until common-equity treatment is proven.
CAND-4136915652174669494,permaticker:114205,PNRLY,2020-03-05,volume_crash,2020-02-28,6-K,,https://www.sec.gov/Archives/edgar/data/1725750/000114036120004338/ex99_1.htm,Nasdaq determined to delist the parent's ADSs after its Hartshorne Mining subsidiary filed Chapter 11; suspension was effective March 5 and OTC quotation remained possible.,verified,listing_status,subsidiary_chapter_11_forced_parent_delisting,2,2,1,3,0,-1,7,A,positive_material_after_import_review,"Primary evidence explains the price dislocation, but the bankruptcy scope is a subsidiary and parent securities could continue OTC, so the event is not A++ or S."
CAND-12741967638896184254,permaticker:120880,NINEQ,2026-01-30,bankruptcy_liquidation,2026-05-13,10-Q,,https://www.sec.gov/Archives/edgar/data/1532286/000153228626000008/nine-20260331.htm,"The confirmed plan became effective March 5, 2026; all equity interests outstanding before the effective date, including common stock, were canceled for no consideration, while new common equity was issued to noteholders.",verified,distress_equity_death,common_equity_cancellation,3,3,3,3,0,0,12,S,positive_hard_after_import_review,A 180-day follow-up filing resolves the provisional plan language and proves final old-common cancellation with no consideration.
CAND-1135215191055614836,permaticker:642140,AAM,2026-02-02,bankruptcy_liquidation,2026-01-29,8-K,5.07;8.01;9.01,https://www.sec.gov/Archives/edgar/data/2012964/000121390026009167/ea027457201ex99-1_aamission.htm,The SPAC public shares were canceled only after becoming the right to receive the stated redemption amount.,rejected,corporate_action_redemption,spac_redemption_not_bankruptcy,0,0,0,3,0,-3,0,rejected,rejected_false_positive,"Redemption consideration makes this a corporate-action control, not bankruptcy or equity death."
CAND-16872395767672311354,permaticker:111624,LAZRQ,2025-12-23,bankruptcy_liquidation,2025-12-15,8-K,1.01;1.03;2.04;7.01;9.01,https://www.sec.gov/Archives/edgar/data/1758057/000114036125045494/ef20061234_8k.htm,The company and certain subsidiaries filed voluntary Chapter 11 petitions in the Southern District of Texas.,verified,distress_equity_death,chapter_11,3,3,2,3,0,-1,10,A++,positive_boundary_after_import_review,Primary evidence confirms Chapter 11; retain below S until final old-common recovery or cancellation is proven.
CAND-9876440012269107074,permaticker:198130,ZYXIQ,2025-12-23,bankruptcy_liquidation,2025-12-16,8-K,1.01;1.03;2.03;3.01;9.01,https://www.sec.gov/Archives/edgar/data/846475/000110465925121390/zyxi-20251215x8k.htm,The company and certain subsidiaries filed voluntary Chapter 11 petitions in the Southern District of Texas.,verified,distress_equity_death,chapter_11,3,3,2,3,0,-1,10,A++,positive_boundary_after_import_review,Primary evidence confirms Chapter 11; retain below S until final old-common recovery or cancellation is proven.
CAND-8046291964763551185,permaticker:124332,CLSDQ,2025-11-28,bankruptcy_liquidation,2025-11-25,8-K,1.03;3.01;7.01;9.01,https://www.sec.gov/Archives/edgar/data/1539029/000119312525297177/d41251d8k.htm,The company filed a voluntary Chapter 11 petition in Delaware and continued operating as debtor-in-possession.,verified,distress_equity_death,chapter_11,3,3,2,3,0,-1,10,A++,positive_boundary_after_import_review,Primary evidence confirms Chapter 11; retain below S until final old-common recovery or cancellation is proven.
CAND-4468556589038286587,permaticker:124772,TPIC,2025-08-18,bankruptcy_liquidation,2025-08-11,8-K,7.01;9.01,https://www.sec.gov/Archives/edgar/data/1455684/000117184325005292/f8k_081125.htm,"The company disclosed Chapter 11 and expected that common holders would receive no distributions and that common equity would be canceled under a plan, but the cited filing described an expected future result rather than an effective plan.",verified,distress_equity_death,chapter_11_expected_common_equity_cancellation,3,3,2,3,0,-1,10,A++,positive_boundary_after_import_review,The expected zero recovery is highly material but remains below S until a confirmation order or effective-date filing proves final old-common treatment.
CAND-4322389513802947192,permaticker:640226,NETD,2025-11-25,bankruptcy_liquidation,2025-11-17,8-K,5.07;8.01;9.01,https://www.sec.gov/Archives/edgar/data/1975218/000110465925113270/tm2531498d1_ex99-1.htm,The SPAC public shares were canceled only after becoming the right to receive a stated redemption amount.,rejected,corporate_action_redemption,spac_redemption_not_bankruptcy,0,0,0,3,0,-3,0,rejected,rejected_false_positive,Redemption consideration makes this a corporate-action control rather than bankruptcy or common-equity death.
CAND-6228352734427864307,permaticker:633031,SONDQ,2025-11-21,bankruptcy_liquidation,2025-11-14,8-K,1.02;1.03;2.04;7.01;9.01,https://www.sec.gov/Archives/edgar/data/1819395/000162828025052329/son-20251107.htm,The company and direct and indirect subsidiaries filed voluntary Chapter 7 petitions; the filing describes liquidation and warns common holders could experience a significant or complete loss.,verified,distress_equity_death,chapter_7_legal_liquidation,3,3,3,3,0,0,12,S,positive_hard_after_import_review,Company-wide Chapter 7 is a legal liquidation rather than a rescue-oriented reorganization; it establishes the legal-death boundary even though final distribution amounts were not yet quantified.
CAND-15928765032131933033,permaticker:197693,WOLF2,2025-09-26,bankruptcy_liquidation,2025-09-30,8-K,1.01;1.02;1.03;2.03;3.02;3.03;5.01;5.02;5.03;7.01;9.01,https://www.sec.gov/Archives/edgar/data/895419/000119312525224251/d22768d8k.htm,"The confirmed plan became effective and canceled old common stock, but old common holders received approximately 5% of the new common equity, with possible additional contingent shares.",verified,distress_equity_death,chapter_11_old_common_partial_recovery,3,3,2,3,0,-1,10,A++,positive_boundary_after_import_review,Cancellation language alone must not produce S: explicit new-equity recovery for old holders keeps this as a severe but non-zero-recovery boundary.
CAND-6098080761976099539,permaticker:644316,FLYYQ,2025-09-03,bankruptcy_liquidation,2025-08-29,8-K,1.03;2.04;5.02;7.01;8.01;9.01,https://www.sec.gov/Archives/edgar/data/1498710/000095010325011031/dp233724_8k.htm,"The company and debtor subsidiaries filed voluntary Chapter 11 petitions, triggering defaults and subsequent exchange delisting, without final old-common treatment in the cited evidence.",verified,distress_equity_death,chapter_11,3,3,2,3,0,-1,10,A++,positive_boundary_after_import_review,Primary evidence confirms Chapter 11 and material legal consequences; retain below S until old-common recovery or cancellation is final.
CAND-268594609333315049,permaticker:195444,MODVQ,2025-08-28,bankruptcy_liquidation,2025-12-29,8-K,1.01;1.02;1.03;2.01;3.03;5.01;5.02;7.01;9.01,https://www.sec.gov/Archives/edgar/data/1220754/000143774925038831/modv20251226_8k.htm,"On the plan effective date, all previously issued and outstanding ModivCare equity interests were canceled, released and extinguished for no consideration; new plan securities went to creditors and other entitled parties.",verified,distress_equity_death,common_equity_cancellation,3,3,3,3,0,0,12,S,positive_hard_after_import_review,The effective plan and explicit no-consideration cancellation prove final old-equity death.
CAND-2783738183497966945,permaticker:119370,GORV,2025-11-26,bankruptcy_liquidation,2025-12-01,8-K,1.01;1.03;2.01;2.04;3.03;5.02;8.01;9.01,https://www.sec.gov/Archives/edgar/data/1721741/000149315225025447/form8-k.htm,"After asset sales, the company assigned all remaining assets for creditors, ceased business operations, filed an effective certificate of dissolution, closed its stock-transfer books and stated that no liquidating distribution was expected and stockholders would suffer a complete loss.",verified,distress_equity_death,corporate_dissolution_no_common_distribution,3,3,3,3,0,0,12,S,positive_hard_after_import_review,"Operational cessation, formal dissolution, creditor assignment and explicit complete stockholder loss jointly prove truth, legal and common-equity death."
CAND-7999905274805167794,permaticker:192942,THR,2026-05-29,delisted,2026-06-01,8-K,1.02;2.01;3.01;3.03;5.01;5.02;7.01;9.01,https://www.sec.gov/Archives/edgar/data/1489096/000110465926068666/tm2616040d1_8k.htm,"Each Thermon common share converted, subject to election and proration, into CECO shares plus $10 cash, $63.89 cash, or CECO shares; the transaction also paid approximately $329.4 million aggregate cash consideration.",rejected,corporate_action_merger,mixed_merger_consideration_delisting,0,0,0,3,0,-3,0,rejected,rejected_false_positive,"The exchange exit followed a completed cash-and-stock merger with explicit consideration, not equity death."
CAND-1552707051806410063,permaticker:195877,CVGW,2026-05-28,delisted,2026-05-29,8-K,1.02;2.01;3.01;3.03;5.01;5.02;9.01,https://www.sec.gov/Archives/edgar/data/1133470/000119312526246170/d334380d8k.htm,"Each Calavo common share converted into 0.9790 Mission Produce shares plus $14.85 cash, with cash for fractional shares; aggregate consideration included about 17.5 million Mission Produce shares and $265.9 million cash.",rejected,corporate_action_merger,mixed_merger_consideration_delisting,0,0,0,3,0,-3,0,rejected,rejected_false_positive,Explicit stock and cash consideration makes the delisting a merger-mechanics control.
CAND-15344324380416809493,permaticker:635557,MCW,2026-05-19,delisted,2026-05-19,8-K,1.01;1.02;2.01;2.03;3.01;3.03;5.02;5.03;7.01;9.01,https://www.sec.gov/Archives/edgar/data/1853513/000119312526229866/d128344d8k.htm,"Each outstanding Mister Car Wash common share was canceled only after converting into the right to receive $7.00 cash, while dissenting shares retained statutory appraisal rights.",rejected,corporate_action_merger,cash_merger_consideration_delisting,0,0,0,3,0,-3,0,rejected,rejected_false_positive,Cancellation wording is transaction mechanics because common holders received explicit cash consideration or appraisal rights.
CAND-647176597931566707,permaticker:197067,GLAE,2021-11-09,volume_crash,2021-11-02,10-Q,,https://www.sec.gov/Archives/edgar/data/1014111/000149315221026988/form10-q.htm,"The selected filing discussed a January 2021 default and a Chapter 11 plan of Adara Enterprises that became effective June 15, 2021; it did not establish a new same-entity hard event near the November 9 price and volume crash.",verified,price_only_control,price_crash_without_contemporaneous_primary_cause,0,0,0,1,3,0,4,C,verified_price_only_control,"Retain the observed market dislocation only as P evidence; the stale subsidiary bankruptcy passage cannot supply R, L or E or upgrade severity."
CAND-9088518226646840089,permaticker:197067,GLAE,2021-11-04,one_day_crash,2021-11-02,10-Q,,https://www.sec.gov/Archives/edgar/data/1014111/000149315221026988/form10-q.htm,"The selected filing discussed a January 2021 default and a Chapter 11 plan of Adara Enterprises that became effective June 15, 2021; it did not establish a new same-entity hard event near the November 4 price crash.",verified,price_only_control,price_crash_without_contemporaneous_primary_cause,0,0,0,1,3,0,4,C,verified_price_only_control,"Retain the observed market dislocation only as P evidence; the stale subsidiary bankruptcy passage cannot supply R, L or E or upgrade severity."
CAND-4061307579315042671,permaticker:642086,ZDAI,2024-11-27,volume_crash,2024-11-27,6-K,,https://www.sec.gov/Archives/edgar/data/1966678/000149315224047935/form6-k.htm,"Nasdaq had identified unpaid listing fees as a possible delisting basis, but the company paid the fees in full on November 26 and Nasdaq notified it on November 27 that the matter was closed; the same-day official evidence therefore contradicts an unresolved delisting cause for the price crash.",verified,price_only_control,price_crash_with_official_compliance_resolution,0,0,0,2,2,-3,1,C,verified_price_only_control,"Keep the observed price dislocation as P evidence only. A resolved listing-fee matter cannot supply negative R, L or E and should be a temporal/refutation control."
CAND-10570589827756975039,permaticker:631094,CLEUF,2025-01-30,volume_crash,2025-01-27,6-K,,https://www.sec.gov/Archives/edgar/data/1775085/000147793225000446/cleu_6k.htm,"The company exchanged 320 million warrants for 240 million newly issued ordinary shares at $0.60 per share; after closing it reported 269,325,176 ordinary shares outstanding, making the exchange shares approximately 89% of post-transaction shares three days before the heavy-volume collapse.",verified,equity_dilution,extreme_warrant_exchange_issuance,2,0,2,2,2,-1,7,A,positive_material_after_import_review,The contemporaneous primary filing supplies a concrete extreme-dilution cause. It is severe but capital-structure-repairable and therefore remains A rather than A++ or S.
CAND-6026108798150667357,permaticker:644656,CGCTU,2026-06-05,delisted,2026-06-10,8-K,2.01;3.01;3.02;3.03;5.01;5.06;8.01;9.01,https://www.sec.gov/Archives/edgar/data/2049662/000110465926072433/tm2617149d1_8k.htm,"The business combination completed and the former CGC Class A security was reclassified into successor PubCo Series A common stock, which was approved for Nasdaq listing under the new symbol FAC; the detected CGCTU exchange exit is a SPAC security transition, not a negative company delisting.",rejected,corporate_action_spac,spac_unit_or_security_transition,0,0,0,3,0,-3,0,rejected,rejected_false_positive,Reject the severe-negative label: successor common stock and warrants remained Nasdaq-listed after the business combination.
CAND-14992267727222386633,permaticker:642371,GIGGU,2026-05-22,delisted,2026-05-28,8-K,1.01;8.01;9.01,https://www.sec.gov/Archives/edgar/data/2023730/000119312526242343/d23892d8k.htm,"Upon closing the business combination, GigCapital7 units ceased trading while Hadron Energy common stock and public warrants began Nasdaq trading as HDRN and HDRNW; redeeming public holders also received the stated trust-account redemption price.",rejected,corporate_action_spac,spac_unit_termination_successor_listing,0,0,0,3,0,-3,0,rejected,rejected_false_positive,"The unit termination is transaction mechanics with continued successor listings, not company distress or common-equity death."
CAND-4720040640224232326,permaticker:632559,PRTCY,2026-05-20,delisted,2026-04-29,6-K,,https://www.sec.gov/Archives/edgar/data/1782999/000119312526188793/d37980dex991.htm,"PureTech voluntarily ended its Nasdaq ADS listing because most trading, liquidity, price discovery, investors and governance were centered in the United Kingdom; ordinary shares remained listed on the London Stock Exchange and the company cited the cost and administrative burden of a dual listing.",verified,listing_status,voluntary_dual_listing_consolidation,1,0,1,3,0,-2,3,B,positive_boundary_after_import_review,"This is a real but ordinary listing-access reduction with a continuing primary LSE venue, not a forced delisting or severe equity-loss event."
CAND-2058499222157443594,permaticker:110593,MAPS,2026-04-24,voluntarydelisting,2026-04-07,8-K,3.01;4.01;5.02;7.01;9.01,https://www.sec.gov/Archives/edgar/data/1779474/000177947426000015/exhibit991pressrelease4720.htm,"WM Technology voluntarily delisted after citing Nasdaq constraints on cannabis-market strategy, limited investor liquidity and analyst coverage, and ongoing disclosure and regulatory costs; it expected continued quotation through OTC Markets.",verified,listing_status,voluntary_delisting_to_otc,1,0,1,3,0,-1,4,B,positive_boundary_after_import_review,"The venue and liquidity loss are genuine, but the event is board-elected, retains an expected OTC path and does not establish severe operating or equity death."
CAND-8903196904257227382,permaticker:635958,LVROF,2026-02-23,voluntarydelisting,2026-02-13,6-K,,https://www.sec.gov/Archives/edgar/data/1945711/000155485526000081/ex991_1.htm,"Lavoro voluntarily exited Nasdaq amid a challenging Brazilian market, low trading volume, a limited public shareholder base and public-company costs; the company said these conditions reduced liquidity and U.S. capital-market access, with no assurance that an OTC market would exist.",verified,listing_status,voluntary_delisting_low_liquidity_and_cost,2,0,1,3,0,-1,5,A,positive_material_after_import_review,"The official filing supports a material loss of market access and liquidity under operating stress, but the board-elected action remains solvable and below A++ or S."
CAND-4563454894890303713,permaticker:166519,TELFY,2026-01-16,voluntarydelisting,2025-12-17,6-K,,https://www.sec.gov/Archives/edgar/data/814052/000081405225000116/tefdel.htm,"Telefónica voluntarily ended its NYSE ADS listing to reduce administrative burden and cost under its simplification plan; ordinary shares remained on the Spanish exchanges, ADS holders could exchange into those shares, and a Level 1 ADR program was intended to facilitate U.S. OTC trading.",verified,listing_status,voluntary_ads_delisting_with_home_market_continuity,1,0,1,3,0,-2,3,B,positive_boundary_after_import_review,This is a real U.S. venue exit but continuing Spanish liquidity and ADR alternatives make it an ordinary listing-consolidation event rather than severe company damage.
CAND-150623232462061975,permaticker:197211,OMCC,2025-12-31,voluntarydelisting,2025-12-11,8-K,,https://www.sec.gov/Archives/edgar/data/1000045/000143774925037549/omcc20251205_8k.htm,"Old Market Capital cited low trading volume, public-company cost and regulatory burdens, expected annual savings, and a desire to redirect resources; it anticipated OTCID quotation but gave no assurance that an OTC market or trading would continue.",verified,listing_status,voluntary_delisting_low_liquidity_and_cost,2,0,1,3,0,-1,5,A,positive_material_after_import_review,"The filing supports a material and uncertain contraction in public-market access under weak liquidity, while the voluntary and potentially reversible nature keeps it below A++."
CAND-13709716017895286914,permaticker:191850,TTSH,2025-12-26,voluntarydelisting,2025-12-12,8-K,9.01,https://www.sec.gov/Archives/edgar/data/1552800/000114036125045538/ef20061186_ex99-1.htm,"Tile Shop executed a 1-for-3,000 reverse split followed by a matching forward split as a going-dark transaction: holders below 3,000 shares received $6.60 cash per share, continuing holders retained the same share count, and the company proceeded toward Nasdaq delisting and SEC deregistration to save more than $2.4 million annually.",verified,listing_status,going_dark_reverse_forward_split_cashout,1,0,1,3,0,-1,4,B,positive_boundary_after_import_review,Cash-out protection for small holders and unchanged ownership counts for continuing holders prevent an equity-death label; the remaining public-liquidity loss is an ordinary B event.
CAND-17571613542554747953,permaticker:197754,GLBZ,2025-12-22,voluntarydelisting,2025-12-12,8-K,9.01,https://www.sec.gov/Archives/edgar/data/890066/000155278125000461/e25456_ex99-1.htm,"Glen Burnie said likely future Nasdaq non-compliance would inevitably result in delisting, while analyst coverage and active trading were absent and reporting costs were significant; it sought OTCQX quotation but stated there was no guarantee that a broker or trading market would continue.",verified,listing_status,preemptive_delisting_before_likely_noncompliance,2,1,1,3,0,-1,6,A,positive_material_after_import_review,"The action was formally voluntary but preempted expected listing failure and carried uncertain replacement liquidity, making it materially negative but still solvable and below A++."
CAND-1297600486339161736,permaticker:197054,CARV,2025-12-05,voluntarydelisting,2025-11-18,8-K,9.01,https://www.sec.gov/Archives/edgar/data/1016178/000094337425000480/ex99-1_8k111825.htm,Carver voluntarily moved from Nasdaq to expected OTCQX quotation to reduce recurring expense and gain strategic flexibility; it planned to keep annual audited statements and quarterly information available while its regulated bank continued OCC call reporting.,verified,listing_status,voluntary_delisting_to_otcqx,1,0,1,3,0,-1,4,B,positive_boundary_after_import_review,"The Nasdaq exit reduces venue quality and reporting obligations but preserves an expected OTCQX path and ongoing financial disclosure, so it remains B."
CAND-4303250534580480929,permaticker:197282,TAIT,2025-12-03,voluntarydelisting,2025-11-14,8-K,3.01;5.02;9.01,https://www.sec.gov/Archives/edgar/data/942126/000118518525001751/taitex99-1.htm,"Taitron's board concluded that Nasdaq listing, SEC compliance and management-resource costs outweighed the benefits; with fewer than 300 holders it planned deregistration, and said Pink-market quotation depended on market makers with no assurance that trading would continue.",verified,listing_status,voluntary_going_dark_cost_reduction,1,0,1,3,0,-1,4,B,positive_boundary_after_import_review,"The public-market downgrade and reporting loss are real, but no weak operating event, forced listing failure or direct equity impairment was established, so the event remains B."
CAND-12256663154114025570,permaticker:111078,GNFTY,2025-11-19,voluntarydelisting,2025-10-30,6-K,,https://www.sec.gov/Archives/edgar/data/1757064/000117184325006830/exh_991.htm,GENFIT voluntarily removed its Nasdaq ADSs to simplify its corporate structure and improve operating efficiency while stating that Euronext Paris remained its primary regulated market and that its financial foundation was strong.,verified,listing_status,voluntary_ads_delisting_with_home_market_continuity,1,0,1,3,0,-2,3,B,positive_boundary_after_import_review,"A continuing primary Euronext listing and explicit operational-simplification rationale make this an ordinary venue-consolidation event, not severe company or equity damage."
CAND-14777959379397450236,permaticker:198661,LNWO,2025-11-14,voluntarydelisting,2025-10-13,8-K,7.01;9.01,https://www.sec.gov/Archives/edgar/data/750004/000095015725000856/ex99-1.htm,"Light & Wonder consolidated its Nasdaq and ASX dual listing into a sole primary ASX listing to align capital-market presence with its shareholder base and growth plans; holders could convert shares into equivalent ASX-traded CDIs, continue holding for OTC trading, or sell before suspension.",verified,listing_status,voluntary_dual_listing_consolidation,1,0,1,3,0,-2,3,B,positive_boundary_after_import_review,"The deep and liquid ASX replacement market and equivalent CDI conversion preserve centralized liquidity, keeping the Nasdaq exit at B."
CAND-14396268047012593505,permaticker:178908,ACGP,2025-09-04,voluntarydelisting,2025-08-15,8-K,3.01;9.01,https://www.sec.gov/Archives/edgar/data/1642122/000143774925027154/ac20250815_8k.htm,"Associated Capital voluntarily left NYSE and suspended SEC reporting to reduce legal, audit, listing and management costs; it applied for OTCQX quotation and intended continued shareholder information, while acknowledging that continued market making was not guaranteed.",verified,listing_status,voluntary_delisting_to_otcqx,1,0,1,3,0,-1,4,B,positive_boundary_after_import_review,"This is a cost-driven venue downgrade with an intended OTCQX and information path, not evidence of weak operations, forced delisting or common-equity death."
CAND-15940485930948201496,permaticker:642737,SNREY,2025-08-15,voluntarydelisting,2025-07-09,6-K,,https://www.sec.gov/Archives/edgar/data/2021938/000119312525157077/d32934dex991.htm,Sunrise's Nasdaq ADS listing was designed as a roughly nine-month transitional venue after its Liberty Global spin-off; it delisted to streamline reporting and save costs while its Class A shares continued on the SIX Swiss Exchange and ADSs could trade OTC before program termination.,verified,listing_status,transitional_ads_delisting_with_home_market_continuity,1,0,1,3,0,-2,3,B,positive_boundary_after_import_review,The planned short-lived U.S. listing and continuing SIX market show listing consolidation rather than a severe negative corporate event.
CAND-18006376468511070487,permaticker:116510,BROGF,2025-06-18,voluntarydelisting,2025-05-28,6-K,,https://www.sec.gov/Archives/edgar/data/1774983/000121390025048302/ea024363502ex99-1_brooge.htm,"Brooge Energy's board cited the lack of an active market for its securities and the continuing expense, regulatory burden and management attention required by Nasdaq and Exchange Act reporting; the announcement did not identify a continuing home exchange or assured replacement trading venue.",verified,listing_status,voluntary_delisting_no_active_market,2,0,1,3,0,-1,5,A,positive_material_after_import_review,"The filing establishes a material contraction in public-market access rather than mere listing consolidation, but the voluntary and potentially reversible action remains below A++."
CAND-8039792521632705497,permaticker:637535,AREB,2026-05-12,bankruptcy_liquidation,2026-04-29,8-K,1.01;3.02;7.01;9.01,https://www.sec.gov/Archives/edgar/data/1648087/000149315226019654/ex99-1.htm,"Contemporaneous filings describe a Nasdaq qualification halt and appeal concerning publicly held shares, bid price and stockholders' equity; the company issued shares to cure one deficiency and Nasdaq announced resumed trading. No court insolvency, bankruptcy petition, liquidation or old-common treatment was disclosed in the event window.",rejected,listing_status,nasdaq_qualification_halt_not_bankruptcy,0,0,0,3,0,-3,0,rejected,rejected_false_positive,Reject the Sharadar bankruptcy/liquidation label; the documented event is a listing-compliance dispute and trading halt.
CAND-4148348600600535960,permaticker:111698,UOKAF,2026-03-19,bankruptcy_liquidation,2026-03-19,6-K,,https://www.sec.gov/Archives/edgar/data/1741534/000110465926031749/tm269264d1_ex99-1.htm,Nasdaq ordered suspension because the security closed at $0.10 or less for ten consecutive business days after a prior reverse split and while under panel monitoring; the company sought a hearing and expected OTC trading. No insolvency filing or liquidation was identified.,rejected,listing_status,low_price_suspension_not_bankruptcy,0,0,0,3,0,-3,0,rejected,rejected_false_positive,Reject the bankruptcy/liquidation metadata label and retain the official low-price suspension only as a separate listing-event candidate.
CAND-17904733021796621628,permaticker:110632,BHATF,2026-03-13,bankruptcy_liquidation,2026-03-13,6-K,,https://www.sec.gov/Archives/edgar/data/1759136/000173112226000389/e7426_ex99-1.htm,Nasdaq issued a delisting determination under the Low Priced Stocks Rule after ten consecutive days at or below $0.10 while the company was under a mandatory panel monitor; trading was to be suspended despite appeal. The filing contains no bankruptcy or liquidation proceeding.,rejected,listing_status,low_price_delisting_not_bankruptcy,0,0,0,3,0,-3,0,rejected,rejected_false_positive,"The official cause is listing-rule failure, so the Sharadar bankruptcy/liquidation classification is rejected."
CAND-12901166050253013492,permaticker:634253,CREVF,2026-02-06,bankruptcy_liquidation,2026-02-06,6-K,,https://www.sec.gov/Archives/edgar/data/1960208/000149315226005461/ex99-1.htm,"Nasdaq denied continued listing because Carbon Revolution failed the minimum shareholders' equity rule, had not filed its Form 20-F and could not demonstrate timely completion of a strategic transaction; trading was suspended and the company did not appeal. Going-concern uncertainty was disclosed, but no formal insolvency or liquidation was filed.",rejected,listing_status,equity_and_filing_noncompliance_not_bankruptcy,0,0,0,3,0,-3,0,rejected,rejected_false_positive,Severe financial and listing stress do not by themselves establish bankruptcy; reject the legal-event label until a court or company insolvency filing exists.
CAND-13811678460024611435,permaticker:640405,IVPR,2026-01-20,bankruptcy_liquidation,2026-01-21,8-K,3.01;8.01;9.01,https://www.sec.gov/Archives/edgar/data/1939365/000121390026006203/ea027354801ex99-1_inspire.htm,"Inspire's common stock moved to OTCQB, management described the change as supporting operating focus, and the company said it would continue SEC periodic and current reporting. Nearby filings show debt-for-equity exchanges and going-concern risk but no bankruptcy petition, court insolvency or liquidation.",rejected,listing_status,otc_transfer_and_financing_not_bankruptcy,0,0,0,3,0,-3,0,rejected,rejected_false_positive,"Debt cancellation language and liquidated-damages clauses are financing terms, not old-common cancellation or liquidation; reject the bankruptcy metadata label."
CAND-15843748112542731880,permaticker:639016,ECDA,2026-01-15,bankruptcy_liquidation,2026-01-15,8-K,,https://www.sec.gov/Archives/edgar/data/1922858/000143774926001367/ecda20260115c_8k.htm,"ECD Automotive described Nasdaq minimum-bid-price and market-value-of-listed-securities deficiencies, reverse splits and an equity line intended to restore listing compliance. The event-window filings contain no bankruptcy petition, court insolvency or liquidation.",rejected,listing_status,nasdaq_compliance_and_reverse_split_not_bankruptcy,0,0,0,3,0,-3,0,rejected,rejected_false_positive,Reject the bankruptcy/liquidation metadata label; the documented event is listing remediation and a reverse split.
CAND-14607675765516928852,permaticker:642096,BLMZF,2025-12-12,bankruptcy_liquidation,2025-12-09,6-K,,https://www.sec.gov/Archives/edgar/data/1984014/000198401425000028/form6k_nasdaq.txt,"Harrison Global received a Nasdaq determination after failing to regain the minimum bid price within the second 180-day compliance period. Nearby filings cover a reverse split, repurchase authorization and PIPE financing, not insolvency.",rejected,listing_status,minimum_bid_price_delisting_not_bankruptcy,0,0,0,3,0,-3,0,rejected,rejected_false_positive,Reject bankruptcy/liquidation and retain the contemporaneous low-price listing failure as a separate event.
CAND-10516904396981108101,permaticker:641447,DYCQ,2025-11-21,bankruptcy_liquidation,2025-11-26,10-Q,,https://www.sec.gov/Archives/edgar/data/1944212/000149315225025170/form10-q.htm,Dynamix is a SPAC whose filing describes redemption and eventual liquidation only as the contractual consequence if it fails to complete a business combination by its deadline. The conditional going-concern language does not establish a filed bankruptcy or current liquidation on the detector date.,rejected,spac_lifecycle,conditional_spac_redemption_not_bankruptcy,0,0,0,3,0,-3,0,rejected,rejected_false_positive,Reject the bankruptcy/liquidation label; a future SPAC deadline and cash redemption condition are not a present insolvency filing.
CAND-915348285501693306,permaticker:640217,BOWN,2025-11-03,bankruptcy_liquidation,2025-11-05,8-K,,https://www.sec.gov/Archives/edgar/data/1973056/000149315225020899/form8-k.htm,"Bowen Acquisition disclosed Nasdaq delisting for failing to maintain 400 total shareholders, followed by a hearing decision and trading suspension. No bankruptcy petition, court insolvency or liquidation was disclosed.",rejected,listing_status,shareholder_count_delisting_not_bankruptcy,0,0,0,3,0,-3,0,rejected,rejected_false_positive,Reject the bankruptcy/liquidation metadata label and retain the shareholder-count listing event only.
CAND-10875191629765919509,permaticker:631671,AMBIQ,2025-10-28,bankruptcy_liquidation,2025-10-21,6-K,,https://www.sec.gov/Archives/edgar/data/1937441/000207097925000044/ambi_form6-krequestforrj.htm,Ambipar Emergency Response disclosed that its parent and an affiliate sought judicial recovery in Brazil and that the company filed a concurrent U.S. Bankruptcy Code action in the Southern District of Texas; subsequent court relief protected group operations and assets while the Brazilian proceeding was considered.,verified,insolvency_restructuring,cross_border_court_supervised_insolvency,3,3,2,3,0,-1,10,A++,positive_boundary_after_import_review,"The contemporaneous company filing establishes court-supervised cross-border insolvency, but it does not establish cancellation or zero recovery for old ordinary shares."
CAND-13661504164440407555,permaticker:124542,FPAYQ,2025-10-24,bankruptcy_liquidation,2025-10-01,8-K,2.04;5.02;9.01,https://www.sec.gov/Archives/edgar/data/1397047/000121390025094752/ea0259570-8k_flex.htm,"FlexShopper disclosed continuing events of default, acceleration of approximately $164.5 million principal plus interest and fees, termination of its subsidiary's servicing role and an end to further advances. These facts establish severe debt default, not a bankruptcy filing on October 24; the later Chapter 11 petition was filed on December 22, 59 days after the detector date.",rejected,debt_distress,debt_acceleration_timing_mismatch_not_bankruptcy,0,0,0,3,0,-3,0,rejected,rejected_false_positive,Reject the dated bankruptcy label and reclassify the contemporaneous evidence as debt default/acceleration. Later bankruptcy evidence must not retroactively validate an earlier event date.
CAND-12067374798867287594,permaticker:638531,SELXF,2026-06-05,delisted,2026-05-22,6-K,,https://www.sec.gov/Archives/edgar/data/1990950/000121390026060373/ea0291993-6k_semilux.htm,"SemiLux received a Nasdaq staff determination after failing to cure the minimum bid price deficiency, lacking the $5 million stockholders' equity needed for a second compliance period and failing to file its 2025 Form 20-F. Suspension was scheduled while the company sought a hearing and extended stay.",verified,listing_status,forced_delisting_multiple_compliance_failures,2,0,1,3,0,-1,5,A,positive_material_after_import_review,"The forced delisting has multiple contemporaneous operating, capital and reporting causes. It is material but remains below A++ because the company sought appeal and the filing does not establish insolvency or old-common destruction."
CAND-3177042810586041116,permaticker:638201,BTMCQ,2026-05-22,delisted,2026-05-19,8-K,3.01,https://www.sec.gov/Archives/edgar/data/1901799/000119312526230708/d228011d8k.htm,"Bitcoin Depot and its subsidiaries filed Chapter 11 to conduct an orderly wind-down and asset sale. Nasdaq stated that the bankruptcy directly caused suspension and delisting under Rules 5101, 5110(b) and IM-5101-1; the company did not intend to appeal and warned of significant or complete investor loss.",verified,listing_status,bankruptcy_driven_delisting,3,3,2,3,0,-1,10,A++,positive_bankruptcy_cause_after_import_review,"This queue contains no separate Bitcoin Depot bankruptcy detector thread, so the bankruptcy-caused delisting carries the primary severe-event evidence. Keep below S until a confirmed plan or court order resolves old-common recovery."
CAND-2130812404065419076,permaticker:636650,SOPAQ,2026-05-20,delisted,2026-05-20,8-K,3.01,https://www.sec.gov/Archives/edgar/data/1817511/000149315226024495/form8-k.htm,"Society Pass disclosed that Nasdaq determined to delist its common stock because the company and a subsidiary had commenced Chapter 11 cases. This is a verified listing consequence of the already-adjudicated same-company, same-date bankruptcy event, not a second independent severe event.",verified,listing_status,bankruptcy_driven_delisting,3,3,2,3,0,-1,10,A++,linked_consequence_dedup_excluded,Link to CAND-14606774787152120897 in the same stable-security and event-date chain. Preserve the true delisting fact but exclude it from independent hard-label counts and training duplication.
CAND-1528108372717352916,permaticker:120389,GRP.U,2026-01-02,voluntarydelisting,2025-12-10,6-K,,https://www.sec.gov/Archives/edgar/data/1564538/000119312525314432/d48891dex991.htm,"Granite REIT voluntarily left NYSE because of persistently low U.S. trading volume, operating costs, administrative efficiency and structure simplification. Its units continued on the Toronto Stock Exchange and qualified for OTCQX trading from January 2, 2026.",verified,listing_status,voluntary_nyse_delisting_with_tsx_otcqx_continuity,1,0,1,3,0,-2,3,B,positive_boundary_after_import_review,"The loss of NYSE access is real, but continuing TSX primary trading and OTCQX access make this a listing consolidation rather than a severe negative corporate event."
CAND-9406979856763623961,permaticker:187407,HCYT,2022-06-13,reverse_split,2022-06-16,8-K,1.01;2.03;5.03,https://www.sec.gov/Archives/edgar/data/1591165/000149315222017007/form8-k.htm,"HCyte completed a 1-for-1,000 reverse split, leaving about 255,246 common shares outstanding while 494,579,117 preferred shares became convertible into about 494,579 post-split common shares. The same filing disclosed $272,500 of notes convertible at a 35% discount to the lowest recent trading price.",verified,equity_dilution,reverse_split_with_discounted_convertible_financing,2,0,2,3,1,-1,7,A,positive_material_after_import_review,"The split itself is proportional, but the contemporaneous discounted notes and preferred conversion overhang make the event materially different from an ordinary compliance-only reverse split."
CAND-12735214471810065060,permaticker:194610,ASTI,2022-01-31,reverse_split,2022-02-08,8-K,3.02;5.01;5.03,https://www.sec.gov/Archives/edgar/data/1350102/000107997322000129/asti_8k.htm,"Ascent Solar completed a 1-for-5,000 reverse split that reduced old common shares from about 23.74 billion to 4.81 million. Immediately afterward, convertible notes became 18.4 million post-split shares and preferred stock became another 7.4 million shares; 30.61 million shares were outstanding and one holder controlled 52.1%.",verified,equity_dilution,reverse_split_followed_by_extreme_debt_conversion_and_control_change,2,1,2,3,2,-1,9,A,positive_material_after_import_review,"Post-split conversions created roughly 25.8 million shares against only about 4.81 million split-adjusted old common shares and transferred majority voting control. This is a dilution/control event, not a mechanical split label."
CAND-15219049706342756542,permaticker:635953,PMCB,2021-07-12,reverse_split,2021-07-13,8-K,5.03,https://www.sec.gov/Archives/edgar/data/1157075/000168316821002921/pharmacyte_8k.htm,"PharmaCyte completed a 1-for-1,500 reverse split, proportionately reducing about 2.4 billion outstanding shares to about 1.6 million and reducing authorized common shares from 50 billion to 33,333,334. The company described the action as preparation for a national-exchange uplisting and future financing or strategic transactions.",verified,corporate_action,proportional_reverse_split_for_uplisting_preparation,1,0,1,3,0,-2,3,B,verified_boundary_after_import_review,"No contemporaneous issuance, holder-percentage change or destructive equity treatment was established. Keep the true action as a B boundary rather than a hard short label."
CAND-3868213760229611485,permaticker:108724,NCPL,2020-11-05,reverse_split,2020-11-05,8-K,2.01;5.03,https://www.sec.gov/Archives/edgar/data/1414767/000172186820000490/f2svstr8k110520.htm,"ValueSetters completed a 1-for-2,000 reverse split and changed its name to Netcapital immediately before a merger. About 416,590 split-adjusted shares remained before 1,666,360 merger shares were issued, producing about 2,082,950 total shares and the NCPL ticker transition.",verified,transaction_mechanics,reverse_split_as_merger_and_name_change_mechanic,1,0,1,3,0,-2,3,B,verified_boundary_after_import_review,The split is a verified transaction mechanic within a merger and ticker transition. It should not be learned as an independent negative or dilution signal.
CAND-12424829973073033203,permaticker:110954,GNLN,2025-06-27,reverse_split,2025-06-25,company_release,,https://investor.gnln.com/news-events/press-releases/detail/174/greenlane-announces-boards-approval-of-reverse-stock-split,Greenlane selected and completed a 1-for-750 reverse split so its shares could trade on a split-adjusted basis from June 27. Nasdaq had required the company to effect a split and achieve a $1 minimum closing bid as a condition of continued listing.,verified,listing_remediation,reverse_split_for_nasdaq_bid_price_compliance,1,0,1,3,0,-2,3,B,verified_boundary_after_import_review,"This is a high-ratio distress signal and listing-remediation action, but the reviewed evidence does not itself establish new-share dilution or old-equity destruction."
CAND-4807373992695186528,permaticker:638698,FMTOF,2025-04-22,reverse_split,2025-04-18,6-K,,https://www.sec.gov/Archives/edgar/data/1888151/000164117225005357/ex99-1.htm,"Femto Technologies announced a 1-for-500 reverse split that reduced approximately 279.95 million subordinate voting shares to about 559,895. The action applied uniformly, preserved relative ownership and was undertaken to regain Nasdaq minimum-bid compliance.",verified,listing_remediation,proportional_reverse_split_for_nasdaq_bid_price_compliance,1,0,1,3,0,-2,3,B,verified_boundary_after_import_review,The filing expressly says relative interests were unchanged. Preserve the compliance signal while keeping this below material-dilution grade.
CAND-7762052374882498005,permaticker:124417,GMBL,2023-12-22,reverse_split,2023-12-22,8-K,5.03,https://www.sec.gov/Archives/edgar/data/1451448/000149315223045996/form8-k.htm,"Esports Entertainment completed a 1-for-400 reverse split, reducing about 426 million shares to 1.065 million and authorized shares from 500 million to 1.25 million. It acted to address Nasdaq low-price and minimum-bid rules and stated that future shareholder approval would be sought to restore capital-raising capacity.",verified,listing_remediation,proportional_reverse_split_for_nasdaq_compliance_with_future_financing_intent,1,0,1,3,0,-1,4,B,verified_boundary_after_import_review,The split preserved holder percentages and proportionately reduced authorized capital. Future financing intent is material context but is not an executed issuance on the event date.
CAND-12712536223455553472,permaticker:638484,ACON,2025-01-30,reverse_split,2025-01-30,8-K,5.03;8.01,https://www.sec.gov/Archives/edgar/data/1635077/000168316825000612/acon_8k.htm,"Aclarion completed a 1-for-335 reverse split, reducing about 169.4 million common shares to about 500,000 while leaving 200 million authorized. The same filing reported an underwritten unit offering with about $14.55 million gross proceeds; the next filing priced another 506,803 common shares for about $4.7 million.",verified,equity_dilution,reverse_split_with_immediate_post_split_equity_issuance,2,0,2,3,2,-1,8,A,positive_material_after_import_review,The authorized-share headroom expanded dramatically and the next-day registered direct common issuance alone roughly matched the entire post-split common count. Treat as material dilution review rather than an ordinary split.
CAND-54765796369059292,permaticker:638464,SKYA,2025-04-28,reverse_split,2025-04-25,8-K,8.01,https://www.sec.gov/Archives/edgar/data/1737995/000164117225006045/ex99-1.htm,"Sharps Technology completed a 1-for-300 reverse split to regain Nasdaq minimum-bid compliance. Both outstanding and authorized common shares were reduced proportionately, with authorized shares falling from 500 million to 1,666,667.",verified,listing_remediation,proportional_reverse_split_for_nasdaq_bid_price_compliance,1,0,1,3,0,-2,3,B,verified_boundary_after_import_review,"The filing states that authorized and outstanding shares were reduced proportionately and no adverse holder effect was intended. Keep as a compliance boundary, not a hard dilution label."
CAND-14408637617695393342,permaticker:197676,GPUS,2023-05-18,reverse_split,2023-04-11,DEF14A,,https://www.sec.gov/Archives/edgar/data/896493/000121465923005219/g411231def14a.htm,"Hyperscale Data sought and then effected a 1-for-300 reverse split. The capital structure included preferred shares sold for $10 million whose conversion at 85% of market price became available only after reverse-split approval, plus rights to purchase additional discounted convertible notes.",verified,equity_dilution,reverse_split_unlocking_discounted_preferred_and_note_conversion,2,0,2,3,1,-1,7,A,positive_material_after_import_review,"Although the May 16 split filing shows a proportional reduction of outstanding shares, approval activated discounted preferred conversion and associated convertible-note financing, creating material dilution exposure."
CAND-13152958575780044702,permaticker:157082,AVTX,2023-12-29,reverse_split,2023-12-28,8-K,3.03;5.03,https://www.sec.gov/Archives/edgar/data/1534120/000162828023042817/avtx-20231228.htm,"Avalo completed a 1-for-240 reverse split, reducing approximately 192.39 million common shares to about 801,611 while leaving authorized common shares unchanged. Holder percentages and voting power remained substantially unchanged; Nasdaq later confirmed bid-price compliance under a one-year panel monitor.",verified,listing_remediation,proportional_reverse_split_for_nasdaq_compliance_with_authorized_headroom,1,0,1,3,0,-1,4,B,verified_boundary_after_import_review,"The unchanged authorized ceiling greatly expands issuance capacity relative to outstanding shares, but no contemporaneous issuance was established. Keep the action as a B compliance and capital-structure boundary."
CAND-8068360794872847263,permaticker:635977,JTAI,2024-11-12,reverse_split,2024-11-08,8-K,3.03;5.03,https://www.sec.gov/Archives/edgar/data/1861622/000149315224044297/form8-k.htm,"Jet.AI completed a 1-for-225 reverse split to regain Nasdaq minimum-bid compliance. The action applied uniformly, proportionately adjusted derivative securities, left authorized common shares unchanged and did not materially alter holder ownership percentages.",verified,listing_remediation,first_high_ratio_reverse_split_for_nasdaq_compliance,1,0,1,3,0,-2,3,B,verified_boundary_after_import_review,"This first reviewed split is a proportional listing-remediation boundary. Its failure to produce durable compliance becomes material context for the later April 2026 repeat event, but should not be back-propagated into this event's grade."
CAND-16027123282796993632,permaticker:187699,XTIA,2025-01-10,reverse_split,2025-01-10,8-K,1.01;3.02;5.03,https://www.sec.gov/Archives/edgar/data/1529113/000121390025002385/ea0227324-8k_xtiaero.htm,"XTI Aerospace completed a 1-for-250 reverse split as a condition to a best-efforts public offering of 1,454,546 post-split common shares for about $20 million, plus 72,727 placement-agent warrant shares. Before the offering it reported about 1,848,121 post-split shares outstanding.",verified,equity_dilution,reverse_split_as_condition_to_large_public_offering,2,0,2,3,2,-1,8,A,positive_material_after_import_review,"The newly offered shares equal roughly 79% of the pre-offering post-split common count, and the split was expressly required for closing. This is a material financing/dilution event rather than an ordinary compliance split."
CAND-9196679783879047646,permaticker:631604,ADTX,2025-03-17,reverse_split,2025-03-12,8-K,3.01;3.03;5.03,https://www.sec.gov/Archives/edgar/data/1726711/000121390025023230/ea0233959-8k_aditxt.htm,"Aditxt completed a 1-for-250 reverse split that left approximately 1,031,102 common shares outstanding. The split was primarily intended to cure Nasdaq minimum-bid noncompliance, left authorized shares unchanged and proportionately adjusted options, units and warrants.",verified,listing_remediation,proportional_reverse_split_for_nasdaq_compliance_with_authorized_headroom,1,0,1,3,0,-1,4,B,verified_boundary_after_import_review,"The issuer was under listing pressure and retained expanded issuance capacity, but the reviewed event filing establishes no same-date issuance or conversion. Keep at B pending a separately dated financing event."
CAND-4768120945191492890,permaticker:642615,PLRZ,2025-05-27,reverse_split,2025-05-23,6-K,,https://www.sec.gov/Archives/edgar/data/1893645/000121390025047370/ea024329101ex99-1_polyrizon.htm,"Polyrizon implemented a 1-for-250 reverse split, reducing approximately 1.332 billion shares to about 5.328 million while authorized capital remained unchanged. Nasdaq simultaneously issued a delisting determination because securities issued under a March purchase agreement, particularly Series A warrants with alternate cashless exercise, had caused substantial shareholder dilution and raised public-interest concerns.",verified,equity_dilution,reverse_split_amid_substantial_warrant_dilution_and_delisting_determination,2,1,2,3,2,-1,9,A,positive_material_after_import_review,"The primary source explicitly links the financing structure to substantial dilution and a Nasdaq public-interest delisting concern. The reverse split is part of that material capital-structure chain, not a standalone mechanical action."
CAND-15816817054651430866,permaticker:636421,HCTI,2025-08-01,reverse_split,2025-08-14,10-Q,,https://www.sec.gov/Archives/edgar/data/1839285/000121390025076686/ea0250468-10q_health.htm,"Healthcare Triangle completed a 1-for-249 reverse split while leaving two billion authorized common shares unchanged. On the filing's split-adjusted basis, outstanding shares rose from about 22,759 at December 2024 to 5,831,829 at June 2025; the equity roll-forward includes about 4.262 million shares from cashless warrants and 1.388 million acquisition shares.",verified,equity_dilution,reverse_split_after_extreme_cashless_warrant_and_acquisition_issuance,2,0,2,3,2,-1,8,A,positive_material_after_import_review,"The roughly 256-fold increase in split-adjusted outstanding shares before the split is dominated by warrant and acquisition issuance. This is a verified extreme-dilution context, while the split itself remains proportionate."
CAND-16544013984573174920,permaticker:632788,OCG,2026-01-16,reverse_split,2026-01-13,6-K,,https://www.sec.gov/Archives/edgar/data/1776067/000121390026003935/ea0272679-6k_oriental.htm,"Oriental Culture completed a 1-for-220 consolidation, reducing approximately 381.52 million ordinary shares to about 1.738 million. Issued, outstanding, authorized and unissued shares were consolidated together; the purpose was Nasdaq minimum-bid compliance, and a special cash dividend was scheduled on the post-consolidation basis.",verified,listing_remediation,proportional_share_consolidation_for_nasdaq_compliance_with_cash_dividend,1,0,1,3,0,-2,3,B,verified_boundary_after_import_review,Authorized capital was consolidated proportionately and the concurrent action included a shareholder cash distribution. This is a true compliance event but not a dilution or severe-equity-loss label.
CAND-8156689787826005542,permaticker:640787,GSIW,2026-03-06,reverse_split,2026-03-10,6-K,,https://www.sec.gov/Archives/edgar/data/1954269/000121390026025372/ea0280368-6k_garden.htm,"Garden Stage completed a 200-for-1 consolidation of authorized, issued and outstanding Class A shares to regain Nasdaq minimum-bid compliance. Nasdaq confirmed compliance on March 20 and closed the matter.",verified,listing_remediation,proportional_share_consolidation_with_confirmed_nasdaq_compliance,1,0,1,3,0,-2,3,B,verified_boundary_after_import_review,The consolidation was proportional and successfully cured the cited deficiency. It is useful as a negative control against treating every high-ratio split as material dilution.
CAND-7286765852508866207,permaticker:642824,LNKS,2026-04-06,reverse_split,2026-04-01,6-K,,https://www.sec.gov/Archives/edgar/data/1972074/000121390026038069/ea028397201ex99-1.htm,"Linkers Industries completed a 1-for-250 reverse split of Class A and Class B shares to maintain Nasdaq listing. Issued and unissued shares and par value were adjusted proportionately, about 1.357 million Class A and 250,000 Class B shares remained, and shareholder percentage interests were not altered except for fractional rounding.",verified,listing_remediation,proportional_dual_class_reverse_split_for_nasdaq_compliance,1,0,1,3,0,-2,3,B,verified_boundary_after_import_review,The source establishes a proportional dual-class consolidation with no separate issuance. Keep as a B listing-remediation boundary.
CAND-14423097265034182519,permaticker:635977,JTAI,2026-04-08,reverse_split,2026-04-10,8-K,3.03;5.03,https://www.sec.gov/Archives/edgar/data/1861622/000149315226016168/form8-k.htm,"Jet.AI completed a 1-for-200 reverse split, reducing approximately 129.36 million shares to about 646,812 while leaving authorized shares unchanged. This followed its 1-for-225 compliance split only about seventeen months earlier; the company again cited Nasdaq minimum-bid compliance and later confirmed the deficiency was cured.",verified,listing_remediation,repeat_high_ratio_reverse_split_after_failed_prior_nasdaq_remediation,2,1,1,3,1,-1,7,A,positive_material_after_import_review,"The second high-ratio split in seventeen months proves the prior remediation was not durable and compounds authorized-share headroom. Repeated failed remediation is materially stronger than a first proportional compliance split, but remains below A++ because no court, delisting or old-equity outcome occurred."
CAND-18042338533886229052,permaticker:639282,RAYA,2025-09-30,reverse_split,2025-09-29,424B5,,https://www.sec.gov/Archives/edgar/data/1825875/000118518525001296/erayak424b5091925.htm,"Erayak paired a 1-for-220 reverse split with an at-the-market sales agreement for up to $10 million. The prospectus also records July registered-direct issuance of 12,396,000 shares and immediately exercisable pre-funded warrants for 18,216,246 shares; pre-split shares outstanding reached about 187.9 million.",verified,equity_dilution,reverse_split_coupled_to_atm_and_prefunded_warrant_dilution,2,0,2,3,2,-1,8,A,positive_material_after_import_review,"The ATM capacity was close to the issuer's pre-split market capitalization at the cited $0.061 price, and it followed large pre-funded-warrant issuance. Treat the split and financing as one dilution chain rather than an ordinary compliance action."
CAND-15563460706776318837,permaticker:640284,CTNT,2026-04-29,reverse_split,2026-05-14,10-Q,,https://www.sec.gov/Archives/edgar/data/1951667/000110465926060534/ctnt-20260331x10q.htm,"Cheetah Net completed a 1-for-200 reverse split after a 1-for-16 split in October 2024. Its split-adjusted filing records a January 2026 private placement of 167,250 shares for approximately $40.14 million and shows 391,177,712 pre-current-split Class A shares reduced to 1,955,889.",verified,equity_dilution,repeat_reverse_split_after_private_placement_dilution,2,1,2,3,2,-1,9,A,positive_material_after_import_review,"This is a repeat remediation accompanied by a material private placement and a sharp intervening increase in the share base. The linked capital change warrants A, while no court or old-common extinguishment supports A++."
CAND-6839481603248547716,permaticker:107145,VIVK,2026-03-24,reverse_split,2026-03-19,8-K,7.01;8.01,https://www.sec.gov/Archives/edgar/data/1450704/000182912626002522/vivakorinc_8k.htm,"Vivakor's second reviewed reverse split, 1-for-200 after a 1-for-30 split in 2022, reduced about 410.07 million shares to 2.05 million while leaving 500 million authorized. A Nasdaq Hearings Panel conditioned continued listing on bid-price compliance and issued a Public Reprimand Letter for financings above the 19.99% threshold without prior shareholder approval.",verified,equity_dilution,repeat_reverse_split_after_unauthorized_financing_and_nasdaq_reprimand,2,1,2,3,1,-1,8,A,positive_material_after_import_review,"The repeat split, unchanged authorized ceiling and contemporaneous Nasdaq finding of financing-rule violations form a material dilution and governance chain. It remains below A++ because listing continued conditionally and old common was not canceled."
CAND-16352481298206532433,permaticker:641671,MTEN,2026-01-26,reverse_split,2026-01-21,6-K,,https://www.sec.gov/Archives/edgar/data/1948099/000121390026006181/ea0273620-6k_mingteng.htm,"Mingteng implemented a 1-for-200 split after establishing a $100 million ATM facility. Class A shares outstanding rose from 19,766,054 on December 8, 2025 to 242,334,931 on January 21, 2026 before being reduced to about 1,211,675 by the split; authorized and issued classes were consolidated proportionately.",verified,equity_dilution,reverse_split_after_extreme_atm_share_issuance,2,0,2,3,2,-1,8,A,positive_material_after_import_review,"The roughly twelvefold share-count increase over six weeks is the decisive signal, not the mechanical split ratio. The contemporaneous ATM facility and issuance establish extreme dilution exposure despite proportional consolidation."
CAND-17034310824368142570,permaticker:190941,BETSF,2024-01-10,reverse_split,2023-12-06,424B5,,https://www.sec.gov/Archives/edgar/data/1543268/000121390023093737/ea189615-424b5_bitbrother.htm,"Bit Brother completed a 1-for-1,000 split after 1-for-15 and 1-for-10 prior splits. Immediately beforehand it offered 184,615,385 Class A shares plus Class D and Class E warrants for up to 369,230,770 additional shares at $0.065, while Nasdaq had already issued a low-price delisting determination.",verified,equity_dilution,repeat_extreme_reverse_split_after_share_and_warrant_offering,2,1,2,3,2,-1,9,A,positive_material_after_import_review,"Repeated reverse splits, a share-and-double-warrant package and active listing pressure make this a strong A dilution sample. It stays below A++ because the event-date evidence does not establish court supervision or old-common cancellation."
CAND-7348734708877961497,permaticker:631578,MDWT,2020-08-28,reverse_split,2020-11-05,S-1,,https://www.sec.gov/Archives/edgar/data/355379/000110465920121007/tm2034654-1_s1.htm,"Midwest Holding effected a 1-for-500 reverse split and Delaware reincorporation while resetting authorized capital to 24 million shares. The action supported a proposed Nasdaq uplisting and public offering after earlier institutional private financing, with cash paid for fractional shares.",verified,listing_remediation,capitalization_reverse_split_for_nasdaq_uplisting,1,0,1,3,0,-2,3,B,verified_boundary_after_import_review,The split was a capitalization and uplisting mechanic rather than evidence of distress or an immediate dilutive conversion. Keep as a B boundary even though separate financing transactions existed.
CAND-16010891940974373059,permaticker:109328,MOBQ,2020-09-09,reverse_split,2020-09-09,8-K/A,5.03;5.07,https://www.sec.gov/Archives/edgar/data/1084267/000168316820003068/mobiquity_8ka.htm,"Mobiquity completed a 1-for-400 reverse split effective for FINRA trading on September 9, 2020 and reduced authorized common shares to 100 million. FINRA applied the temporary MOBQD symbol for twenty business days; no contemporaneous issuance or conversion was established.",verified,listing_remediation,proportional_reverse_split_with_authorized_share_reduction,1,0,1,3,0,-2,3,B,verified_boundary_after_import_review,The contemporaneous 8-K/A resolves the apparent date conflict with a later 10-Q that stated September 29: FINRA's trading effective date was September 9. This remains a proportional B corporate-action boundary.
CAND-2265420110457864456,permaticker:166453,IGLDF,2021-01-19,reverse_split,2021-01-19,FINRA OTC daily list,,https://otce.finra.org/otce/dailyList?viewType=Symbol%2FName%20Changes,Sharadar's 1-for-250 IGLDF action is corroborated by the FINRA-linked OTC daily-list record and independent market-history datasets. It followed the issuer's 1-for-100 split in August 2019; the company was then a shell after disposing of its principal asset.,verified,equity_dilution,repeat_extreme_reverse_split_in_shell_company,2,1,1,3,1,-1,7,A,positive_material_after_import_review,"The repeated extreme consolidation in a shell company is materially stronger than a first mechanical split. Because no contemporaneous SEC filing or financing amount was available, cap the event at A and keep source-strength review visible before downstream import."
CAND-6964974642539117578,permaticker:636253,ARBK,2025-12-12,reverse_split,2025-12-10,6-K,,https://www.sec.gov/Archives/edgar/data/1841675/000165495425013813/a0899l.htm,"The English High Court sanctioned Argo Blockchain's restructuring plan. The company delisted from the London Stock Exchange, issued 2,885,767,520 new ordinary shares for bondholder debt exchange and 25,250,465,800 shares to Growler for loan conversion, assets and exit capital, and changed the ADS ratio from 10:1 to 2,160:1.",verified,equity_dilution,court_sanctioned_restructuring_with_massive_debt_to_equity_dilution,3,3,2,3,0,-1,10,A++,positive_hard_after_import_review,"This is not an ordinary reverse split: it is a court-approved rescue recapitalization with massive debt-to-equity issuance, LSE delisting and an ADS ratio reset. Existing equity was not shown as canceled, so A++ is appropriate rather than S."
CAND-7404323969829368961,permaticker:631903,NXTT,2025-09-16,reverse_split,2025-09-08,8-K,1.01;3.01;8.01,https://www.sec.gov/Archives/edgar/data/1784970/000121390025085190/ea0256179-8k_nexttech.htm,"Next Technology completed a 1-for-200 reverse split after a registered direct offering of 25,313,256 shares and pre-funded warrants for 34,686,744 shares at about $0.15. The warrants were immediately exercised and all underlying shares issued; authorized shares remained unchanged after the split.",verified,equity_dilution,reverse_split_after_registered_direct_and_prefunded_warrant_issuance,2,0,2,3,2,-1,8,A,positive_material_after_import_review,"The $9 million financing issued 60 million shares immediately before the split and followed an earlier 2023 high-ratio split. This is a verified dilution chain, not a standalone compliance split."
CAND-6091375149145077087,permaticker:199568,LOW,2026-05-01,negative_equity,2026-05-28,10-Q,,https://www.sec.gov/Archives/edgar/data/60667/000006066726000072/low-20260501.htm,"Lowe's reported a $9.27 billion shareholders' deficit, but also $1.628 billion quarterly net earnings and $3.35 billion operating cash flow. The deficit improved from $9.917 billion at fiscal year-end and reflects its leveraged capital-return structure rather than an acute loss of operating viability.",verified,accounting_capital_structure,profitable_negative_equity_with_strong_operating_cash_flow,1,0,1,3,0,-2,3,B,verified_boundary_after_import_review,Negative book equity is factual but not independently a hard short event. Strong profitability and cash generation make this a B accounting boundary; debt and capital returns must be assessed separately.
CAND-11141131969560930599,permaticker:187737,BOX,2026-04-30,negative_equity,2026-05-27,10-Q,,https://www.sec.gov/Archives/edgar/data/1372612/000119312526241872/box-20260430.htm,"Box reported a $338.361 million stockholders' deficit while earning $17.726 million in the quarter. It repurchased $114.4 million of stock during the quarter and authorized a further $500 million expansion, leaving about $445 million available under the repurchase plan.",verified,accounting_capital_structure,buyback_driven_negative_equity_with_positive_net_income,1,0,1,3,0,-2,3,B,verified_boundary_after_import_review,The deficit is materially affected by discretionary capital return while the issuer remains profitable. Keep as a B false-hard-event boundary and do not infer insolvency from the equity line alone.
CAND-14286881167494880267,permaticker:198953,BBWI,2026-05-02,negative_equity,2026-05-27,10-Q,,https://www.sec.gov/Archives/edgar/data/701985/000070198526000014/bbwi-20260502.htm,Bath & Body Works reported a $1.133 billion shareholders' deficit including $822 million of treasury stock. First-quarter net income was $183 million and operating cash flow was $244 million; the deficit improved from $1.451 billion a year earlier.,verified,accounting_capital_structure,treasury_stock_negative_equity_with_positive_cash_generation,1,0,1,3,0,-2,3,B,verified_boundary_after_import_review,"Treasury stock and accumulated capital returns explain much of the deficit while earnings and operating cash remain positive. This is a B accounting boundary, not evidence of equity death."
CAND-17142013845724047741,permaticker:124114,DELL,2026-05-01,negative_equity,2026-06-09,10-Q,,https://www.sec.gov/Archives/edgar/data/1571996/000157199626000030/dell-20260501.htm,"Dell reported a $1.404 billion stockholders' deficit, consisting in part of $16.149 billion of treasury stock against $6.343 billion of retained earnings. Quarterly net income was $3.438 billion, operating cash flow was $4.081 billion, and cash plus available revolver capacity totaled $17.462 billion.",verified,accounting_capital_structure,treasury_stock_negative_equity_with_high_profit_and_liquidity,1,0,1,3,0,-2,3,B,verified_boundary_after_import_review,"The negative equity is dominated by cumulative repurchases, not current operating distress. High earnings, cash flow and liquidity make this a strong B control against a naive negative-equity short signal."
CAND-11761709420969124141,permaticker:636508,RENT,2026-04-30,negative_equity,2026-06-03,10-Q,,https://www.sec.gov/Archives/edgar/data/1468327/000146832726000031/rent-20260430.htm,"Rent the Runway reported a $53.3 million stockholders' deficit, an $18.9 million quarterly net loss, $3.8 million operating cash burn, $37.1 million cash and $157.1 million long-term debt. A troubled debt restructuring exchanged $234.2 million of debt for 26,175,193 shares, and a new ATM permits up to $40 million of sales.",verified,fundamental_distress,negative_equity_with_troubled_debt_restructuring_cash_burn_and_dilution,2,1,2,3,1,-1,8,A,positive_material_after_import_review,"Unlike profitable buyback-driven deficits, this case combines recurring losses, cash consumption, debt-for-equity dilution, PIK flexibility and additional funding needs. Management states twelve-month liquidity is sufficient, which keeps it below A++."
CAND-7698270856112693538,permaticker:192424,PME,2022-12-21,one_day_crash,2022-12-09,6-K exhibit 99.1,Nasdaq suspension after OFAC action,https://www.sec.gov/Archives/edgar/data/1517130/000121390022082180/ea170524ex99-1_pingtan.htm,"Pingtan disclosed that Nasdaq suspended trading on December 9, 2022 in response to OFAC actions that placed the company, its chief executive and related vessels on the Specially Designated Nationals list.",verified,regulatory_enforcement,ofac_designation_with_nasdaq_trading_suspension,3,3,2,3,0,-1,10,A++,positive_hard_after_import_review,"The official issuer filing establishes a direct regulatory cause and trading suspension before the detected price episode. This is a hard event, but not proof that common equity was legally canceled, so it remains below S."
CAND-7034522060117079174,permaticker:198485,SQBGQ,2021-11-16,one_day_crash,2021-09-01,8-K,1.03;2.04,https://www.sec.gov/Archives/edgar/data/1648428/000110465921111773/tm2126672d1_8k.htm,"Sequential Brands disclosed bankruptcy-court first-day motions, debtor-in-possession financing, sale procedures and a liquidating plan; later filings recorded sales of its remaining brands during the detected price-crash episode.",verified,distress_equity_death,chapter_11_liquidating_plan_and_asset_sales,3,3,2,3,0,-1,10,A++,positive_hard_after_import_review,The detector is a late market consequence of an already active Chapter 11 liquidation chain. Keep the event at A++ rather than S because the reviewed passage does not itself prove cancellation or zero distribution for old common equity.
CAND-12678335865143925777,permaticker:638698,FMTOF,2025-04-09,volume_crash,2025-04-09,6-K,effective resale registration,https://www.sec.gov/Archives/edgar/data/1888151/000164117225003342/form6-k.htm,"Femto disclosed effectiveness of a resale registration covering up to 233,352,911 common shares, including 2,011,616 shares behind pre-funded warrants, up to 27,960,512 behind Series A warrants and up to 201,315,663 behind Series B warrants.",verified,equity_dilution,extreme_warrant_share_resale_overhang,2,1,2,3,2,-1,9,A,positive_material_after_import_review,"The same-day filing gives a concrete extreme dilution overhang and aligns with the detected market episode. It is a material A sample, not A++, because there is no court process, forced suspension or old-common extinguishment."
CAND-9645044156816235600,permaticker:196884,ELOX,2024-09-09,one_day_crash,2024-08-14,NT 10-Q,Part III narrative,https://www.sec.gov/Archives/edgar/data/1035354/000110465924089588/tm2421678d1_nt10q.htm,"Eloxx reported only $0.2 million of cash at June 30, 2024, lacked the financial resources to prepare its quarterly statements and expected substantial doubt about going concern because cash resources were insufficient for twelve months of planned operations.",verified,fundamental_distress,cash_exhaustion_with_going_concern_warning,2,2,2,3,1,-1,9,A,positive_material_after_import_review,"The warning preceded the first detector in a 30-day clustered price episode and supplies a primary non-price cause. Financial distress is severe, but no bankruptcy, receivership or equity cancellation supports A++."
CAND-11284211770810348969,permaticker:119243,SBNY,2023-03-28,volume_crash,2023-03-12,FDIC press release,receivership,https://www.fdic.gov/news/press-releases/2023/pr23018.html,New York regulators closed Signature Bank and appointed the FDIC receiver. The FDIC transferred deposits and substantially all assets to a bridge bank and stated that shareholders and certain unsecured debt holders would not be protected.,verified,regulatory_receivership,bank_closure_fdic_receivership_shareholders_unprotected,3,3,3,3,0,-1,11,A++,positive_hard_after_import_review,"The official resolution action clearly precedes and explains the later market-volume episode. Shareholders were not protected, but the source does not conclusively establish final zero recovery or legal cancellation of every common share, so cap at A++."
CAND-13358871969953932072,permaticker:107977,WAYS,2020-10-14,volume_crash,,no contemporaneous primary filing,,,The 90-day SEC cause search found no contemporaneous issuer filing or official action that explains the isolated volume detector for Wave Sync Corp.,rejected,price_only_control,unexplained_volume_anomaly,0,0,0,0,0,0,0,rejected,rejected_price_only_control,Do not train a negative event label from volume behavior alone. Retain only as a discovery false-positive control unless new dated primary evidence appears.
CAND-6202521245516485925,permaticker:124777,NMGX,2021-06-08,one_day_crash,2021-05-28,10-K,going-concern assessment,https://www.sec.gov/Archives/edgar/data/891417/000149315221013246/form10-k.htm,"Nano Magic discussed historical operating losses and negative cash flow but also cited increased revenue, positive working capital and a recent capital raise, concluding that capital resources were sufficient to maintain operations for the next twelve months.",rejected,price_only_control,price_move_without_confirmed_negative_cause,0,0,0,3,0,-3,0,rejected,rejected_false_positive,The nearby primary filing contains an explicit mitigating liquidity conclusion rather than a new hard event. Reject the price-only detector as a negative label while retaining it as a boundary case.
CAND-16683881880006535978,permaticker:634025,COCH,2026-03-31,gross_margin_collapse,2026-03-23,10-K,going concern; subsequent offering,https://www.sec.gov/Archives/edgar/data/1840877/000121390026032683/ea0280884-10k_envoy.htm,"Envoy Medical had $3.739 million cash at year-end and recurring losses that caused its auditor to express substantial doubt about going concern. A February 2026 offering provided about $27.73 million net through 47,946,150 common shares and 27,053,850 pre-funded warrants, accompanied by 120,000,000 additional Series A warrants; management expected the proceeds to fund at least twelve months.",verified,fundamental_distress_and_dilution,going_concern_mitigated_by_extreme_dilutive_financing,2,1,2,3,2,-1,9,A,positive_material_reclassified_after_import_review,"Reject the unstable gross-margin detector as the causal description but retain the same-date primary event after reclassification. The financing mitigates immediate cash failure while imposing extreme dilution, supporting A rather than A++ or S."
CAND-18244595321617983539,permaticker:642780,SKYQ,2026-03-31,gross_margin_collapse,2026-03-31,10-K,going concern; annual liquidity,https://www.sec.gov/Archives/edgar/data/1812447/000109690626000438/skyq-20251231_10k.htm,"Sky Quarry reported $35,370 of cash at December 31, 2025, a $12.198 million annual net loss, $3.273 million of operating cash use, recurring operating losses and a net capital deficiency that caused substantial doubt about going concern. Nasdaq had also determined to delist the common stock for continued minimum-bid noncompliance.",verified,fundamental_distress,cash_exhaustion_operating_losses_going_concern_and_listing_pressure,2,2,2,3,1,-1,9,A,positive_material_reclassified_after_import_review,"Reject the unstable gross-margin ratio as the event description and reclassify to evidenced liquidity and operating distress. Funding or restructuring may still change the outcome, and no bankruptcy or old-common cancellation supports A++ or S."
CAND-9840146684150250726,permaticker:193217,TWO,2026-03-31,revenue_collapse_yoy,2026-03-27,8-K,merger agreement,https://www.sec.gov/Archives/edgar/data/1465740/000110465926035663/tm269980d1_8k.htm,"The generic SF1 revenue ratio was mathematically incomparable, and the contemporaneous filing showed a merger in which each Two Harbors common share would convert into the right to receive $10.80 in cash.",rejected,corporate_action_merger,cash_merger_breaks_revenue_comparability,0,0,0,3,0,-3,0,rejected,rejected_false_positive,Reject the negative revenue-collapse label. The transaction changes comparability and provides explicit positive consideration to common holders.
CAND-6163377959378580988,permaticker:632387,EBC,2026-03-31,revenue_collapse_yoy,2026-04-23,8-K earnings release,bank operating metrics,https://www.sec.gov/Archives/edgar/data/1810546/000162828026026859/ebc-20260331xq12026earning.htm,"The detector produced revenue_yoy=-6.248 while requiring current revenue greater than zero, which implies a negative or incomparable prior denominator. Eastern Bank instead reported interest yields, deposit costs and noninterest income, for which generic industrial revenue is not the correct stress metric.",rejected,ratio_noise,invalid_revenue_yoy_denominator_for_bank,0,0,0,3,0,-3,0,rejected,rejected_metric_artifact,"A value below -100% cannot represent ordinary positive-to-positive revenue decline under the detector formula. Use net interest income, credit quality and regulatory capital for banks."
CAND-11313943149646834727,permaticker:187712,DARE,2025-12-31,revenue_collapse_yoy,2026-01-06,8-K,metric review context,https://www.sec.gov/Archives/edgar/data/1401914/000149315226000513/form8-k.htm,"The detector produced revenue_yoy=-17.084 while requiring positive current revenue. This necessarily reflects a negative or incomparable prior-period denominator rather than a valid 1,708% revenue decline.",rejected,ratio_noise,invalid_revenue_yoy_denominator,0,0,0,3,0,-3,0,rejected,rejected_metric_artifact,Reject the event-type label at the mathematical boundary. Any genuine biotechnology funding or clinical event must be detected and evidenced separately.
CAND-1190052043061679722,permaticker:196192,PNBK,2025-12-31,revenue_collapse_yoy,2025-12-31,8-K presentation,bank restructuring context,https://www.sec.gov/Archives/edgar/data/1098146/000143774925039075/ex_903581.htm,"The detector produced revenue_yoy=-10.010 with positive current revenue, proving a negative or incomparable prior denominator. Patriot's presentation described a bank restructuring platform with robust capital and liquidity goals, not a valid generic revenue-collapse measurement.",rejected,ratio_noise,invalid_revenue_yoy_denominator_for_bank,0,0,0,3,0,-3,0,rejected,rejected_metric_artifact,"Reject the generic revenue label and evaluate the bank with net interest margin, credit losses, regulatory capital and deposit funding metrics."
CAND-13080490825598531552,permaticker:110542,EQX,2025-12-31,revenue_collapse_yoy,2025-12-22,6-K exhibit,transaction accounting context,https://www.sec.gov/Archives/edgar/data/1756607/000106299325017435/exhibit99-2.htm,"The detector produced revenue_yoy=-4.644 despite requiring positive current revenue, so the prior denominator is negative or incomparable. The nearby filing concerned transaction accounting and a change in ownership of seller subsidiaries, further breaking simple revenue comparability.",rejected,ratio_noise,invalid_revenue_yoy_denominator_during_transaction,0,0,0,3,0,-3,0,rejected,rejected_metric_artifact,Reject the metric-derived negative label. A mine sale or ownership transition must be evaluated as a separate corporate transaction with asset and consideration evidence.
CAND-10170414387663745089,permaticker:640684,ANSC,2026-03-31,cash_short_debt_stress,2026-03-27,10-K,SPAC going concern,https://www.sec.gov/Archives/edgar/data/1854149/000119312526128371/ansc-20251231.htm,"Agriculture & Natural Solutions Acquisition Corp is a blank-check shell. Its going-concern paragraph concerns the deadline and uncertainty of completing an initial business combination, not an operating company's cash coverage of short-term debt.",rejected,spac_accounting_boundary,spac_combination_deadline_not_operating_cash_stress,0,0,0,3,0,-3,0,rejected,rejected_metric_artifact,"Restricted trust assets, sponsor working capital and the contractual combination deadline must be separated. Reject the generic cash-to-short-debt event label."
CAND-13412128947231942001,permaticker:645483,HAVA,2026-03-31,cash_short_debt_stress,2026-03-26,10-K,SPAC going concern,https://www.sec.gov/Archives/edgar/data/2042460/000121390026034730/ea0281721-10k_harvard.htm,"Harvard Ave Acquisition Corp is a blank-check shell whose going-concern language arises from financing and acquisition-plan costs and the need to complete a business combination, rather than an operating liquidity collapse.",rejected,spac_accounting_boundary,spac_acquisition_costs_not_operating_cash_stress,0,0,0,3,0,-3,0,rejected,rejected_metric_artifact,"Reject the generic cash-ratio label. Any liquidation, redemption or failed-combination event must be detected separately with trust-account and common-holder consideration evidence."
CAND-4748557484457035178,permaticker:646605,IACO,2026-03-31,cash_short_debt_stress,2026-03-31,10-K,trust account,https://www.sec.gov/Archives/edgar/data/2091176/000110465926037891/tmb-20251231x10k.htm,Idea Acquisition Corp disclosed that $350 million of IPO and private-placement proceeds was placed in its trust account. The SF1 cash-to-current-debt value of zero excludes or misclassifies restricted SPAC trust assets and is not an operating distress measure.,rejected,spac_accounting_boundary,restricted_trust_cash_excluded_from_generic_ratio,0,0,0,3,0,-3,0,rejected,rejected_metric_artifact,"Reject the cash-short-debt label. SPAC review must use trust assets, redemption liability, working capital outside trust and the combination deadline."
CAND-11160772017432132691,permaticker:635749,KITT,2026-03-31,gross_margin_collapse,2026-04-15,10-K,going concern and liquidity,https://www.sec.gov/Archives/edgar/data/1849820/000184982026000051/kitt-20251231.htm,"Nauticus Robotics had $7.017 million cash, used $23.004 million in operations and had a working-capital deficit with insufficient cash for twelve months. It raised $34.717 million from ATM common stock and Series B preferred financing, yet management and the auditor still disclosed substantial doubt about going concern.",verified,fundamental_distress_and_dilution,going_concern_cash_burn_and_equity_financing_dependence,2,2,2,3,2,-1,10,A,positive_material_reclassified_after_import_review,"Reject the unstable gross-margin ratio as the causal label and reclassify to primary-evidenced liquidity distress. Investor support and further equity issuance may fund operations, so the outcome remains below A++ and S."
CAND-11779883855368332034,permaticker:631995,HUMA,2026-03-31,gross_margin_collapse,2026-03-27,10-K,going concern and liquidity,https://www.sec.gov/Archives/edgar/data/1818382/000181838226000004/huma-20251231.htm,"Humacyte had $50.5 million cash, only $1.4 million product revenue, a $726.8 million accumulated deficit and a senior secured term-loan facility of up to $77.5 million. It stated that liquidity would be insufficient beyond one year without timely commercial cash flow or additional capital and concluded that substantial doubt existed about going concern.",verified,fundamental_distress,commercial_ramp_cash_burn_debt_and_going_concern,2,2,2,3,1,-1,9,A,positive_material_reclassified_after_import_review,"Reject the unstable gross-margin delta and retain a reclassified financing-dependent distress event. Commercial sales and new capital can still alter the outcome, preventing A++ or S."
CAND-16247308660761121734,permaticker:124773,ATOM,2026-03-31,gross_margin_collapse,2026-05-05,10-Q,liquidity and early-stage operations,https://www.sec.gov/Archives/edgar/data/1420520/000168316826003501/atomera_i10q-033126.htm,"Atomera is an early-stage licensing company with limited revenue, making a -1,145.5 percentage-point gross-margin delta denominator-sensitive. It reported about $41.1 million of cash, cash equivalents and short-term investments, $39.9 million working capital and $4.6 million quarterly operating cash use without a going-concern warning.",rejected,ratio_noise,pre_revenue_gross_margin_denominator_artifact_with_liquidity,0,0,0,3,0,-3,0,rejected,rejected_metric_artifact,"Reject gross-margin collapse as a major negative label. Intermittent licensing revenue makes the ratio unstable, while available liquidity is material relative to the reported quarterly burn."
CAND-16069811199275436575,permaticker:199199,YORW,2026-03-31,cash_short_debt_stress,2026-04-15,8-K,regulated utility equity financing,https://www.sec.gov/Archives/edgar/data/108985/000114036126014830/ef20070559_8k.htm,"The York Water Company is a regulated water utility and announced a public common-stock offering. A generic cash-to-current-debt threshold does not distinguish utility working-capital structure, rate-regulated funding or committed capital access.",rejected,sector_accounting_boundary,regulated_utility_generic_cash_debt_ratio,0,0,0,3,0,-3,0,rejected,rejected_metric_artifact,"Reject the generic cash-short-debt label. Utilities require sector-specific debt maturity, interest coverage, rate-case and capital-program measures rather than a cross-sector cash ratio."
CAND-6022598845685217569,permaticker:157068,DLTH,2026-05-03,interest_coverage_below_1,2026-06-08,8-K,LTM cash flow and adjusted EBITDA,https://www.sec.gov/Archives/edgar/data/1649744/000119312526260960/d105234dex991.htm,Duluth reported trailing-twelve-month free cash flow of $16.6 million versus negative $25.2 million in the prior period and positive adjusted EBITDA. Its subsequent 10-Q described a new $100 million revolver at a lower rate through April 2030; customary default language was not an actual default.,rejected,ratio_noise,single_quarter_interest_coverage_without_default_or_distress,0,0,0,3,0,-3,0,rejected,rejected_metric_artifact,"Reject the single-quarter coverage signal. Retain only if LTM coverage, covenant breach, missed payment, going concern or a comparable primary distress fact is present."
CAND-15818423114890127996,permaticker:199425,PVH,2026-05-03,free_cash_flow_turn_negative,2026-06-05,10-Q,quarterly cash-flow comparability,https://www.sec.gov/Archives/edgar/data/78239/000007823926000040/pvh-20260503.htm,"The detector compared a first-quarter free-cash-flow value with the immediately preceding fourth quarter for an apparel company. The reviewed filing did not establish a contemporaneous going-concern, payment-default or covenant-breach event, so the quarter-over-quarter turn is seasonality-sensitive.",rejected,temporal_comparison_boundary,previous_quarter_fcf_seasonality_artifact,0,0,0,3,0,-3,0,rejected,rejected_metric_artifact,Reject quarter-over-quarter free-cash-flow turn-negative. Recalculate on same-quarter year-over-year and LTM bases before any distress classification.
CAND-10311016734992703007,permaticker:198340,DXLG,2026-05-02,free_cash_flow_turn_negative,2026-05-22,8-K,merger and tender-offer context,https://www.sec.gov/Archives/edgar/data/813298/000119312526237151/dxlg-ex99_1.htm,Destination XL's reviewed disclosure concerned an all-cash tender offer while the company was already subject to a merger agreement. The detector compared first-quarter free cash flow with the immediately preceding holiday quarter and did not identify a primary distress event.,rejected,temporal_comparison_boundary,previous_quarter_fcf_seasonality_and_transaction_context,0,0,0,3,0,-3,0,rejected,rejected_metric_artifact,Reject the quarter-over-quarter free-cash-flow label. Transaction context and retail seasonality break the assumed comparability; require same-quarter YoY or LTM deterioration plus primary distress evidence.
CAND-1035296746741697811,permaticker:187921,SPWH,2026-05-02,free_cash_flow_turn_negative,2026-06-02,10-Q,quarterly operating cash-flow statement,https://www.sec.gov/Archives/edgar/data/1132105/000119312526253546/spwh-20260502.htm,"Sportsman's Warehouse is a seasonal retailer, while the detector compared first-quarter free cash flow with the immediately preceding fourth quarter. The reviewed filing showed the quarterly cash-flow statement but did not establish default, covenant breach or going-concern distress.",rejected,temporal_comparison_boundary,previous_quarter_fcf_seasonality_artifact,0,0,0,3,0,-3,0,rejected,rejected_metric_artifact,Reject the previous-quarter FCF turn-negative signal and suppress the sibling single-quarter coverage candidate in the same review thread. Require same-quarter YoY or LTM confirmation.
CAND-10855742666568172490,permaticker:198202,SIG,2026-05-02,free_cash_flow_turn_negative,2026-06-02,10-Q,quarterly cash-flow comparability,https://www.sec.gov/Archives/edgar/data/832988/000083298826000159/sig-20260502.htm,"Signet is a strongly seasonal jewelry retailer, and the detector compared first-quarter free cash flow with the immediately preceding holiday quarter. The reviewed filing did not identify a contemporaneous going-concern, covenant-breach or payment-default event.",rejected,temporal_comparison_boundary,previous_quarter_fcf_seasonality_artifact,0,0,0,3,0,-3,0,rejected,rejected_metric_artifact,Reject quarter-over-quarter free-cash-flow turn-negative. Use same-quarter year-over-year and LTM cash-flow measures for seasonal retailers.
CAND-17759667128938857909,permaticker:197691,SCVL,2026-05-02,interest_coverage_below_1,2026-05-21,8-K,cash and debt position,https://www.sec.gov/Archives/edgar/data/895447/000119312526233317/scvl-ex99_1.htm,"Shoe Carnival reported $129 million of cash and marketable securities, no debt, $7 million of share repurchases and reaffirmed fiscal-year guidance. A negative single-quarter EBIT-to-interest-expense ratio cannot indicate debt distress when the company reports no debt.",rejected,ratio_noise,interest_coverage_ratio_without_debt,0,0,0,3,0,-3,0,rejected,rejected_metric_artifact,"Reject the coverage label. Require actual funded debt, meaningful cash interest and a distress fact before applying an interest-coverage crisis rule."
CAND-12495199306398469702,permaticker:194744,UEC,2026-04-30,interest_coverage_below_1,2026-06-09,10-Q,liquidity and balance sheet,https://www.sec.gov/Archives/edgar/data/1334933/000143774926019889/uec20260430_10q.htm,"Uranium Energy reported $488.1 million of cash and cash equivalents, $581.6 million of current assets, $17.8 million of current liabilities and $563.8 million of working capital. Interest expense was immaterial relative to liquidity, so the negative single-quarter coverage ratio reflects operating-stage losses rather than debt distress.",rejected,ratio_noise,single_quarter_interest_coverage_without_debt_distress,0,0,0,3,0,-3,0,rejected,rejected_metric_artifact,Reject the interest-coverage label. Mining-development operating losses require separate cash-runway and financing-dilution review; they are not evidence of a payment or covenant crisis.
CAND-1366458086595310516,permaticker:199104,HURC,2026-04-30,interest_coverage_below_1,2026-06-05,8-K,cash and debt position,https://www.sec.gov/Archives/edgar/data/315374/000110465926070810/hurc-20260605xex99d1.htm,"Hurco reported more than $50 million in cash and cash equivalents, no debt, a 300-basis-point gross-margin expansion and a 40% narrowing of net loss per share. Customary default clauses in a credit agreement are not an actual default.",rejected,ratio_noise,interest_coverage_ratio_without_debt,0,0,0,3,0,-3,0,rejected,rejected_metric_artifact,Reject the single-quarter interest-coverage label because the company reported no debt and improving operating metrics.
CAND-1518454032139579837,permaticker:193542,AR,2026-03-31,cash_short_debt_stress,2026-04-29,10-Q,capital resources and liquidity,https://www.sec.gov/Archives/edgar/data/1433270/000110465926051530/ar-20260331x10q.htm,"Antero Resources generated $859.1 million of operating cash flow in the quarter, had $1.6 billion of available borrowing capacity and stated that operating cash flow plus available credit would cover normal operations, debt service, capital spending and contingencies for at least twelve months.",rejected,ratio_noise,cash_balance_ratio_ignores_operating_cash_and_committed_credit,0,0,0,3,0,-3,0,rejected,rejected_metric_artifact,"Reject the cash-short-debt label. For producing E&P companies, use operating cash flow, hedge-adjusted leverage, debt maturities and committed liquidity instead of spot cash divided by current debt."
CAND-11735770610560573476,permaticker:195860,OTRKQ,2025-08-15,bankruptcy_liquidation,2025-08-28,8-K exhibit,5.02;8.01,https://www.sec.gov/Archives/edgar/data/1136174/000143774925027952/otrk20250828_8k.htm,"After previously ceasing operations and terminating all employees, Ontrak's board approved a voluntary Chapter 7 petition and every director resigned effective immediately.",verified,distress_equity_death,chapter_7_liquidation,3,3,2,3,0,-1,10,A++,positive_liquidation_boundary_after_import_review,"Chapter 7 plus ceased operations is a severe terminal-company event, but the filing does not explicitly prove the recovery or cancellation outcome for old common equity; keep below S until that terminal equity evidence is obtained."
CAND-3250503803079319739,permaticker:187768,SLNO,2026-05-18,delisted,2026-05-18,8-K,1.02;2.01;3.01;3.03;5.01;5.02;5.03;9.01,https://www.sec.gov/Archives/edgar/data/1484565/000119312526228016/d143266d8k.htm,Soleno's exchange exit followed a completed Neurocrine tender offer and merger in which each common share was entitled to $53.00 cash.,rejected,corporate_action_merger,cash_tender_merger_consideration_delisting,0,0,0,3,0,-3,0,rejected,rejected_false_positive,"The delisting is transaction mechanics after paid merger consideration, not a severe negative event or common-equity death."
CAND-10453124959292176509,permaticker:195914,MPX,2026-05-14,delisted,2026-05-15,8-K,2.01;3.01;3.03;5.01;5.02;5.03;9.01,https://www.sec.gov/Archives/edgar/data/1129155/000110465926062557/tm2614719d1_8k.htm,Marine Products' completed merger converted each common share into 0.232 MasterCraft shares plus $2.43 cash before NYSE delisting.,rejected,corporate_action_merger,stock_and_cash_merger_consideration_delisting,0,0,0,3,0,-3,0,rejected,rejected_false_positive,Shareholders received stock and cash consideration; the exchange exit is not a negative-death label.
CAND-1678132057625977304,permaticker:638787,EHAB,2026-05-14,delisted,2026-05-15,8-K,1.01;2.01;3.01;3.03;5.01;5.02;5.03;7.01;9.01,https://www.sec.gov/Archives/edgar/data/1803737/000119312526225491/d123700d8k.htm,Enhabit common shares were cancelled only after being converted into the right to receive $13.80 cash in the completed merger.,rejected,corporate_action_merger,cash_merger_consideration_delisting,0,0,0,3,0,-3,0,rejected,rejected_false_positive,Cancellation wording must not override explicit per-share cash merger consideration.
CAND-14852356110662807673,permaticker:191685,TPH,2026-05-13,delisted,2026-05-14,8-K,1.01;2.01;3.01;3.03;5.01;5.02;5.03;8.01;9.01,https://www.sec.gov/Archives/edgar/data/1561680/000119312526222960/d317054d8k.htm,Tri Pointe Homes' completed merger converted each eligible common share into the right to receive $47.00 cash.,rejected,corporate_action_merger,cash_merger_consideration_delisting,0,0,0,3,0,-3,0,rejected,rejected_false_positive,The delisting followed cash consideration and is not a severe negative event.
CAND-17706671171342102312,permaticker:197128,CSGS,2026-05-13,delisted,2026-05-14,8-K,1.01;1.02;2.01;2.04;3.01;3.03;5.01;5.02;5.03;8.01;9.01,https://www.sec.gov/Archives/edgar/data/1005757/000119312526224339/d154728d8k.htm,CSG Systems common shares were converted into the right to receive $80.70 cash in a completed merger before Nasdaq delisting.,rejected,corporate_action_merger,cash_merger_consideration_delisting,0,0,0,3,0,-3,0,rejected,rejected_false_positive,"Paid merger consideration makes this a corporate-action control, not a negative-death label."
CAND-10922078257655318896,permaticker:121827,NCNA,2025-08-11,reverse_split,2025-06-27,424B5,,https://www.sec.gov/Archives/edgar/data/1709626/000119312525151464/d833567d424b5.htm,"NuCana disclosed 151.9 million ordinary shares before a financing sequence that included 61.3 million issued shares, 209.8 million fully exercised pre-funded warrants and a subsequent 9.12 billion ordinary shares issued through warrant exercises, for about GBP 8.0 million net proceeds.",verified,dilution_recapitalization,extreme_realized_warrant_dilution,2,1,3,3,0,-1,8,A++,linked_consequence_dedup_excluded,"The A++ assessment belongs to the realized financing chain, not to the later one-for-200 ADS ratio change by itself; exclude this reverse-split proxy from hard-label training until the primary financing event is represented separately."
CAND-17503183004393223139,permaticker:634435,SNCY,2026-05-12,delisted,2026-05-13,8-K,1.02;2.01;3.01;3.03;5.01;5.02;5.03;9.01,https://www.sec.gov/Archives/edgar/data/1743907/000114036126021071/ef20073188_8k.htm,Sun Country's completed merger converted each common share into $4.10 cash plus 0.1557 Allegiant common shares before Nasdaq delisting.,rejected,corporate_action_merger,stock_and_cash_merger_consideration_delisting,0,0,0,3,0,-3,0,rejected,rejected_false_positive,"The exchange exit is completed-merger mechanics with explicit stock and cash consideration, not a negative-death event."
CAND-9885503322679125133,permaticker:636546,UDMY,2026-05-11,delisted,2026-05-11,8-K,1.02;2.01;3.01;3.03;5.01;5.02;5.03;8.01;9.01,https://www.sec.gov/Archives/edgar/data/1607939/000114036126020398/ef20072946_8k.htm,"Udemy's completed merger converted each common share into 0.800 Coursera common shares, with cash only for fractional shares, before Nasdaq delisting.",rejected,corporate_action_merger,stock_merger_consideration_delisting,0,0,0,3,0,-3,0,rejected,rejected_false_positive,Common holders received listed acquirer shares; option cancellation language must not be mistaken for common-equity death.
CAND-13650838080086752246,permaticker:194139,MRINQ,2025-06-25,bankruptcy_liquidation,2025-08-04,8-K exhibit,1.01;1.03;2.03;9.01,https://www.sec.gov/Archives/edgar/data/1389002/000095017025102108/mrin-ex99_1.htm,"Marin Software's Chapter 11 plan proposed paying allowed claims in full, distributing an estimated $2.5-$4.0 million residual to holders of old interests, and then retiring and cancelling those interests.",verified,distress_equity_death,old_equity_cancelled_with_residual_cash_distribution,2,3,2,3,0,-1,9,A++,positive_restructuring_recovery_boundary_after_import_review,"The old ownership instrument is terminal, but explicit residual cash recovery prevents a zero-recovery S label and disproves the detector's Chapter 7 liquidation implication."
CAND-7757203447140397952,permaticker:199222,WGHTQ,2025-05-15,bankruptcy_liquidation,2025-05-07,8-K exhibit,1.01;1.03;2.04;7.01;9.01,https://www.sec.gov/Archives/edgar/data/105319/000119312525114307/d934787dex991.htm,"WeightWatchers' Chapter 11 plan cancelled old equity but voluntarily allocated its holders 9% of reorganized common equity on a pro-rata basis, subject to stated dilution and milestone conditions.",verified,distress_equity_death,old_equity_cancelled_with_reorganized_equity_recovery,2,3,2,3,0,-1,9,A++,positive_restructuring_recovery_boundary_after_import_review,"Cancellation of the old security is severe, but the explicit 9% reorganized-equity recovery keeps this below S and shows why Chapter 7 boilerplate must not be treated as an actual liquidation."
CAND-9567540129369778217,permaticker:121822,AZULQ,2025-05-29,bankruptcy_liquidation,2025-05-28,6-K,,https://www.sec.gov/Archives/edgar/data/1432364/000129281425002251/azul20250528_6k1.htm,"Azul initiated a court-supervised Chapter 11 reorganization while continuing ordinary airline operations, with a stated objective of eliminating more than $2.0 billion of funded debt and reducing lease obligations.",verified,distress_equity_death,chapter_11_reorganization,3,3,2,3,0,-1,10,A++,positive_bankruptcy_boundary_after_import_review,"The filing proves severe legal and balance-sheet restructuring, but continued operations and no explicit old-common outcome keep the event below S and refute the liquidation implication."
CAND-1829639935437310637,permaticker:108758,ICCT,2025-05-21,bankruptcy_liquidation,2025-06-03,8-K,1.03;2.03,https://www.sec.gov/Archives/edgar/data/1906133/000147793225004389/icct_8k.htm,iCoreConnect and a wholly owned subsidiary filed voluntary Chapter 11 petitions after Nasdaq trading had already been suspended.,verified,distress_equity_death,chapter_11_reorganization,3,3,2,3,0,-1,10,A++,positive_bankruptcy_boundary_after_import_review,"Chapter 11 is verified and severe, but the filing does not establish liquidation, old-common cancellation or zero recovery, so S is not supported."
CAND-5558405428371222087,permaticker:198834,SIVBQ,2023-03-28,five_day_crash,2023-03-17,8-K,1.03;3.01;5.02;9.01,https://www.sec.gov/Archives/edgar/data/719739/000119312523073665/d485308d8k.htm,"After Silicon Valley Bank was closed and placed into FDIC receivership, SVB Financial Group filed a voluntary Chapter 11 petition on March 17, 2023.",verified,distress_equity_death,bank_receivership_parent_chapter_11,3,3,2,3,0,-1,10,A++,linked_consequence_dedup_excluded,"The hard event is the receivership and parent bankruptcy chain, not the later five-day price move used to discover it; keep this price proxy excluded from hard-label training and below S without explicit old-common outcome."
CAND-15628106030394349258,permaticker:638698,FMTOF,2025-06-20,bankruptcy_liquidation,2025-06-20,6-K exhibit,,https://www.sec.gov/Archives/edgar/data/1888151/000164117225015904/ex99-1.htm,Future Mobility Solutions moved to OTC trading after a delisting determination and stated that its financial condition was stable and operations would continue.,rejected,listing_compliance,otc_transition_not_bankruptcy,0,0,0,3,0,-3,0,rejected,rejected_source_mismatch_control,"The source proves a listing event, not bankruptcy or liquidation; retain it as a detector-mismatch control."
CAND-5178886230957285588,permaticker:631094,CLEUF,2025-06-02,bankruptcy_liquidation,2025-06-02,6-K,,https://www.sec.gov/Archives/edgar/data/1775085/000147793225004294/cleu_6k.htm,"China Liberal Education's Nasdaq suspension resulted from a delinquent Form 20-F and an unsuccessful stay request, not an insolvency filing.",rejected,listing_compliance,annual_report_delinquency_suspension_not_bankruptcy,0,0,0,3,0,-3,0,rejected,rejected_source_mismatch_control,The detector's bankruptcy classification is false; the filing supports only a listing-compliance suspension.
CAND-9536754458912739961,permaticker:636175,ZAPP,2025-05-19,bankruptcy_liquidation,2025-05-19,6-K,,https://www.sec.gov/Archives/edgar/data/1955104/000095017025073965/final_nasdaq_delisting_6.htm,Zapp's Nasdaq delisting followed failures to regain the $1 minimum bid price and $35 million minimum market value requirements.,rejected,listing_compliance,minimum_bid_and_market_value_delisting_not_bankruptcy,0,0,0,3,0,-3,0,rejected,rejected_source_mismatch_control,This is a genuine adverse listing event but not bankruptcy or liquidation; reject the detected family and retain the mismatch as a control.
CAND-1557071904206154465,permaticker:110033,VINC,2025-04-22,bankruptcy_liquidation,2025-04-17,8-K,3.01;8.01;9.01,https://www.sec.gov/Archives/edgar/data/1796129/000119312525084406/d932920d8k.htm,Vincerx received an immediate Nasdaq delisting determination after prolonged sub-$1 trading and ineligibility for a cure period because of a prior reverse split.,rejected,listing_compliance,minimum_bid_delisting_not_bankruptcy,0,0,0,3,0,-3,0,rejected,rejected_source_mismatch_control,The detector's bankruptcy/liquidation family is unsupported; the filing proves a listing-compliance failure only.
CAND-6674678598571706843,permaticker:195699,CUTRQ,2025-03-12,bankruptcy_liquidation,2025-03-10,8-K,3.01,https://www.sec.gov/Archives/edgar/data/1162461/000162828025011587/cutr-20250310.htm,Cutera disclosed that its Nasdaq delisting followed commencement of voluntary Chapter 11 proceedings; the nearby Chapter 7 wording was only a contingent DIP default clause.,verified,distress_equity_death,chapter_11_reorganization,3,3,2,3,0,-1,10,A++,positive_bankruptcy_boundary_after_import_review,"Chapter 11 and delisting are verified and severe, but neither an actual Chapter 7 conversion nor old-common zero recovery is proven; do not promote to S."
CAND-14539388239921251136,permaticker:632902,BHILQ,2025-03-26,bankruptcy_liquidation,2025-03-25,8-K,1.01;1.03;2.03;2.05;2.06;3.01;5.02;7.01;9.01,https://www.sec.gov/Archives/edgar/data/1830210/000183021025000016/bhil-20250319.htm,Benson Hill and its wholly owned subsidiaries filed voluntary Chapter 11 petitions after disclosing insufficient liquidity for the company's long-term strategy.,verified,distress_equity_death,chapter_11_reorganization,3,3,2,3,0,-1,10,A++,positive_bankruptcy_boundary_after_import_review,"The legal and liquidity distress is verified, but the filing does not establish liquidation or terminal old-common treatment, so S is unsupported."
CAND-7491067298017058485,permaticker:635883,OMGAQ,2025-02-24,bankruptcy_liquidation,2025-02-24,8-K,1.01;3.01,https://www.sec.gov/Archives/edgar/data/1850838/000119312525033500/d80395d8k.htm,Omega Therapeutics filed a voluntary Chapter 11 petition and separately disclosed related listing consequences.,verified,distress_equity_death,chapter_11_reorganization,3,3,2,3,0,-1,10,A++,positive_bankruptcy_boundary_after_import_review,"The filing proves Chapter 11, not Chapter 7 liquidation or zero recovery for old common; retain the A++ ceiling."
CAND-6106014898638331548,permaticker:636177,WINV,2025-03-20,bankruptcy_liquidation,2025-03-24,8-K,3.01,https://www.sec.gov/Archives/edgar/data/1854463/000164117225000354/form8-k.htm,WinVest's securities were suspended because the SPAC failed to complete a business combination by the Nasdaq panel deadline.,rejected,listing_compliance,spac_deadline_delisting_not_bankruptcy,0,0,0,3,0,-3,0,rejected,rejected_source_mismatch_control,"The source supports a SPAC listing failure, not bankruptcy or liquidation."
CAND-11625672556075467945,permaticker:639091,AQU,2025-03-06,bankruptcy_liquidation,2025-03-10,8-K,1.01;2.03;3.01,https://www.sec.gov/Archives/edgar/data/1861063/000121390025021946/ea0233502-8k425_aquaron.htm,"Aquaron disclosed a Nasdaq panel delisting determination and its remaining review window, with no bankruptcy filing in the cited evidence.",rejected,listing_compliance,nasdaq_panel_delisting_not_bankruptcy,0,0,0,3,0,-3,0,rejected,rejected_source_mismatch_control,The detector's bankruptcy family is unsupported; preserve the row as a listing-event mismatch control.
CAND-10593495402544904987,permaticker:633011,CRKN,2025-03-04,bankruptcy_liquidation,2025-03-04,8-K exhibit,3.01;7.01;9.01,https://www.sec.gov/Archives/edgar/data/1761696/000121390025020228/ea023311101ex99-1_crown.htm,Crown Electrokinetics received a Nasdaq delisting determination and planned to request reconsideration; the evidence contains no insolvency proceeding.,rejected,listing_compliance,nasdaq_delisting_not_bankruptcy,0,0,0,3,0,-3,0,rejected,rejected_source_mismatch_control,The detected bankruptcy/liquidation label is false; only a contested listing event is supported.
CAND-12036524378242427167,permaticker:191228,INTEQ,2021-09-29,one_day_crash,2021-09-16,8-K,1.01;2.03;8.01;9.01,https://www.sec.gov/Archives/edgar/data/1525773/000119312521274714/d165444d8k.htm,Intelsat's filing described customary DIP credit agreement defaults and a contingent Chapter 7 conversion clause within Chapter 11 proceedings that had begun in May 2020; it did not disclose a new liquidation event near the September 29 price move.,rejected,price_dislocation_control,price_crash_without_contemporaneous_primary_cause,0,0,0,3,0,-3,0,rejected,rejected_price_only_control,"The price detector found a move, but the available primary source is stale bankruptcy context and contractual boilerplate rather than a temporally aligned new cause."
CAND-6840295206083726796,permaticker:644850,TDIC,2026-05-14,volume_crash,2026-05-08,6-K,,https://www.sec.gov/Archives/edgar/data/2041338/000149315226021820/form6-k.htm,Dreamland disclosed that it had regained Nasdaq minimum-bid compliance and that the listing matter was closed shortly before the detected volume crash.,rejected,price_dislocation_control,volume_crash_without_negative_primary_cause,0,0,0,3,0,-3,0,rejected,rejected_price_only_control,"The closest primary evidence is mitigating rather than adverse, so the market move cannot be promoted to a hard event label."
CAND-14122511162689779176,permaticker:634283,PL,2026-04-30,interest_coverage_below_1,2026-06-05,10-Q,,https://www.sec.gov/Archives/edgar/data/1836833/000119312526258304/pl-20260430.htm,"Planet Labs described customary note covenants and default provisions and explicitly stated that no such events had occurred as of April 30, 2026.",rejected,fundamental_metric_control,interest_coverage_screen_without_actual_default,0,0,0,3,0,-3,0,rejected,rejected_metric_only_control,"A calculated interest-coverage screen is not itself a distress event, and the filing expressly negates an actual default."
CAND-16204497248088170182,permaticker:631956,SNOW,2026-04-30,interest_coverage_below_1,2026-05-29,10-Q,,https://www.sec.gov/Archives/edgar/data/1640147/000164014726000030/snow-20260430.htm,"Snowflake's quarterly filing recited ordinary indenture covenants and hypothetical default consequences but disclosed no actual payment default, covenant breach, insolvency or acceleration.",rejected,fundamental_metric_control,interest_coverage_screen_without_actual_default,0,0,0,3,0,-3,0,rejected,rejected_metric_only_control,Contractual default boilerplate does not verify a distress event; retain this as a negative control for the ratio detector.
CAND-1065661414740445223,permaticker:193103,SCPX,2025-04-21,bankruptcy_liquidation,2025-04-21,8-K,3.01,https://www.sec.gov/Archives/edgar/data/1476963/000107997325000687/scpx_8k.htm,Scorpius disclosed an NYSE American trading suspension and delisting proceeding based on listing suitability; the source did not disclose a bankruptcy or liquidation filing.,rejected,listing_compliance,exchange_suspension_not_bankruptcy,0,0,0,3,0,-3,0,rejected,rejected_source_mismatch_control,"The nearby note contained only customary default clauses; the actual event was a listing action, so the bankruptcy detector family is unsupported."
CAND-15935257069787786858,permaticker:111603,BACK,2025-03-25,bankruptcy_liquidation,2025-03-27,8-K,1.01;2.03;5.03;5.07;8.01;9.01,https://www.sec.gov/Archives/edgar/data/1729944/000164117225000859/form8-k.htm,IMAC Holdings disclosed promissory notes whose customary default provisions included hypothetical bankruptcy and insolvency events; it did not disclose that any such event had occurred.,rejected,debt_contract_control,customary_insolvency_default_clause_not_bankruptcy,0,0,0,3,0,-3,0,rejected,rejected_boilerplate_control,"The detector matched contractual language, not an insolvency proceeding; preserve the row as a source-semantics control."
CAND-14816581866140978503,permaticker:640678,GVH,2025-07-21,reverse_split,2025-07-24,6-K exhibit,,https://www.sec.gov/Archives/edgar/data/1978527/000121390025067120/ea025011301ex99-1_globavend.htm,Globavend confirmed that all Series B warrants from a $15 million public offering closed on June 27 were exercised around a one-for-200 reverse split effective July 21.,verified,dilution_recapitalization,reverse_split_with_executed_public_offering_warrants,2,0,2,3,1,-1,7,A,positive_financing_chain_after_import_review,"The hard signal is the completed financing and realized warrant exercise linked to the extreme reverse split, not the split ratio alone."
CAND-10363720537844593494,permaticker:199830,SUNE,2025-04-21,reverse_split,2025-04-17,8-K exhibit,1.01;2.03;3.01;3.03;5.03;7.01;9.01,https://www.sec.gov/Archives/edgar/data/22701/000121390025032666/ea023842401ex99-1_sunation.htm,SUNation stated that its reverse split was primarily intended to regain Nasdaq minimum-bid compliance; the nearby shelf filing contained only generic future issuance language.,verified,listing_compliance,proportional_reverse_split_for_bid_compliance,1,0,1,3,0,-2,3,B,reverse_split_compliance_boundary,"No contemporaneous executed financing or non-proportional common-equity harm was established, so this remains a B boundary rather than an A dilution event."
CAND-2891621279526555045,permaticker:639468,LICN,2025-03-03,reverse_split,2025-01-29,424B5,,https://www.sec.gov/Archives/edgar/data/1876766/000121390025007741/ea0229079-424b5_lichen.htm,"Lichen disclosed recent issuance and sale of 20 million shares at $0.14 and 15 million shares at $0.18, including exercised pre-funded warrants, shortly before its March reverse split.",verified,dilution_recapitalization,reverse_split_after_realized_discount_share_issuance,2,0,2,3,1,-1,7,A,positive_financing_chain_after_import_review,The recent executed low-price issuance makes this materially different from a compliance-only proportional reverse split.
CAND-3555340218911035670,permaticker:124528,RIME,2025-02-10,reverse_split,2025-02-06,8-K,8.01,https://www.sec.gov/Archives/edgar/data/923601/000149315225005248/form8-k.htm,"Algorhythm reported 476,359,875 shares outstanding, including shares issued through Series B warrant exercises from its December financing, immediately before a one-for-200 reverse split.",verified,dilution_recapitalization,reverse_split_after_massive_realized_warrant_dilution,2,0,2,3,2,-1,8,A,positive_financing_chain_manual_grade_boundary,"The score-derived A++ priority reflects scale, but the reviewed event remains A because the evidence proves recapitalization and dilution rather than terminal equity loss."
CAND-2763563008980934840,permaticker:193103,SCPX,2024-07-18,reverse_split,2024-08-09,8-K exhibit,1.01;1.02;7.01;8.01;9.01,https://www.sec.gov/Archives/edgar/data/1476963/000107997324001194/ex99x2.htm,Scorpius priced a $12.5 million underwritten offering of 12.5 million common shares or pre-funded warrants at $1.00 shortly after its one-for-200 reverse split.,verified,dilution_recapitalization,reverse_split_linked_to_underwritten_share_or_prefunded_warrant_offering,2,0,2,3,2,-1,8,A,positive_financing_chain_manual_grade_boundary,The follow-up offering supplies the causal financing context; manual A records severe dilution risk without treating a non-terminal recapitalization as A++.
CAND-7600762326077750120,permaticker:185485,SINT,2024-05-28,reverse_split,2024-05-23,8-K exhibit,3.03;5.03;8.01;9.01,https://www.sec.gov/Archives/edgar/data/1269026/000149315224021101/ex99-1.htm,SINTX stated that its reverse split was primarily intended to regain Nasdaq minimum-bid compliance and later announced that compliance had been restored.,verified,listing_compliance,proportional_reverse_split_for_bid_compliance,1,0,1,3,0,-2,3,B,reverse_split_compliance_boundary,The later prospectus passage described generic sale methods and did not prove an executed financing tied to the split.
CAND-14545718123798646512,permaticker:194610,ASTI,2023-09-12,reverse_split,2023-09-15,8-K,3.01;3.03;5.03;9.01,https://www.sec.gov/Archives/edgar/data/1350102/000107997323001278/asti_8k.htm,"Ascent Solar's split reduced about 92 million outstanding shares to 500,000 while leaving 500 million authorized shares unchanged and leaving outstanding convertible notes and preferred stock unaffected.",verified,dilution_recapitalization,extreme_reverse_split_with_unchanged_authorized_headroom_and_convertible_overhang,2,0,2,3,1,-1,7,A,positive_structural_dilution_boundary,The unchanged authorized capacity and unaffected convertibles create concrete post-split dilution headroom beyond a proportional compliance action.
CAND-17656969697589147797,permaticker:633085,EZGO,2026-05-19,reverse_split,2026-04-08,424B5,,https://www.sec.gov/Archives/edgar/data/1806904/000121390026041298/ea0285334-424b5_ezgotech.htm,"EZGO exchanged existing warrants for 1,246,000 ordinary shares and 10,879,534 pre-funded warrants shortly before a 150-for-one reverse split and a disclosed $100 million ATM facility.",verified,dilution_recapitalization,reverse_split_with_realized_warrant_exchange_and_atm_capacity,2,0,2,3,2,-1,8,A,positive_financing_chain_manual_grade_boundary,Executed warrant exchange plus immediate additional issuance capacity establishes a financing chain; manual A avoids overstating it as terminal.
CAND-9906237274747444938,permaticker:194628,XXII,2024-12-17,reverse_split,2024-12-17,8-K,3.01;3.03;5.03;9.01,https://www.sec.gov/Archives/edgar/data/1347858/000110465924129440/tm2431379d1_8k.htm,22nd Century implemented a reverse split without proportionately reducing authorized shares after registering up to 28.35 million shares underlying pre-funded warrants and 65.26 million underlying other warrants.,verified,dilution_recapitalization,reverse_split_with_unchanged_authorized_headroom_and_large_warrant_overhang,2,0,2,3,2,-1,8,A,positive_structural_dilution_manual_grade_boundary,"The warrant overhang and unchanged authorization make this a material dilution setup, while the absence of terminal equity treatment keeps the manual grade at A."
CAND-14057352049303127541,permaticker:115677,RVPH,2026-05-13,delisted,2026-05-13,8-K,3.01;8.01,https://www.sec.gov/Archives/edgar/data/1742927/000143774926016538/rvph20260512_8k.htm,"A Nasdaq Hearings Panel determined to delist Reviva for failure to meet the minimum-bid requirement after the compliance period, with the common stock moving to OTCQB.",verified,listing_compliance,forced_nasdaq_delisting_after_bid_price_failure,2,1,1,3,0,-1,6,A,positive_forced_delisting_after_import_review,"This is a completed forced national-exchange exit after exhausted compliance process, materially impairing liquidity and financing access even though OTC trading continues."
CAND-8842563306821389357,permaticker:121780,BKYI,2026-05-12,delisted,2026-05-12,8-K,3.01;7.01;9.01,https://www.sec.gov/Archives/edgar/data/1019034/000143774926016455/bkyi20260512_8k.htm,BIO-key disclosed Nasdaq suspension and a forthcoming Form 25 after it failed to regain minimum-bid compliance; a subsequent filing added delinquent periodic reporting as another delisting basis.,verified,listing_compliance,forced_nasdaq_suspension_and_delisting_for_multiple_compliance_failures,2,1,1,3,0,-1,6,A,positive_forced_delisting_after_import_review,The suspension and Form 25 process are concrete listing-loss consequences; multiple unresolved compliance failures support A without implying bankruptcy or equity cancellation.
CAND-8191137605315228957,permaticker:112292,SXTC,2026-02-03,reverse_split,2026-01-12,424B5,,https://www.sec.gov/Archives/edgar/data/1723980/000121390026003205/ea0272507-424b5_chinasxt.htm,"China SXT offered 12 million Class A ordinary shares and pre-funded warrants for up to 54,666,666 additional shares shortly before the detected one-for-150 reverse split.",verified,dilution_recapitalization,reverse_split_with_large_share_and_prefunded_warrant_offering,2,0,2,3,2,-1,8,A,positive_financing_chain_manual_grade_boundary,The executed offering capacity is the material signal; manual A recognizes severe dilution without treating the reverse split as terminal equity loss.
CAND-10380978410419446987,permaticker:636464,CYN,2025-02-18,reverse_split,2025-02-12,8-K,3.03;5.03;8.01;9.01,https://www.sec.gov/Archives/edgar/data/1874097/000121390025012916/ea0230778-8k_cyngn.htm,"Cyngn announced that all outstanding Series B cashless warrants had been fully exercised six days before the detected reverse split, following a public offering of common shares and pre-funded warrants.",verified,dilution_recapitalization,reverse_split_after_realized_cashless_warrant_exercise,2,0,2,3,1,-1,7,A,positive_financing_chain_after_import_review,Realized warrant exercise supplies primary financing context and distinguishes the event from a compliance-only split.
CAND-13707769181436243934,permaticker:639318,AMLIF,2024-12-27,voluntarydelisting,2024-12-17,6-K exhibit,,https://www.sec.gov/Archives/edgar/data/1699880/000106299324020711/exhibit99-1.htm,American Lithium voluntarily left Nasdaq while retaining listings on the TSX Venture Exchange and Frankfurt Stock Exchange and seeking an immediate OTCQX quotation after a minimum-bid deficiency.,verified,listing_compliance,voluntary_nasdaq_exit_with_home_exchange_continuity,1,0,1,3,0,-2,3,B,voluntary_delisting_home_market_boundary,The U.S. venue loss matters but does not imply security death because active home-market listings and planned OTCQX continuity remain.
CAND-14454623814026484327,permaticker:116090,DVLT,2024-04-15,reverse_split,2024-04-18,8-K,1.01;3.02;8.01;9.01,https://www.sec.gov/Archives/edgar/data/1682149/000110465924048633/tm2412142d1_8k.htm,"WiSA entered a registered direct offering for 225,834 post-split common shares at $3.321 per share plus concurrent private-placement warrants two days after its one-for-150 reverse split.",verified,dilution_recapitalization,reverse_split_immediately_followed_by_registered_direct_and_warrant_financing,2,0,2,3,1,-1,7,A,positive_financing_chain_after_import_review,The near-immediate executed financing is direct causal context for the post-split capital structure.
CAND-17321752021155860718,permaticker:639065,NXUR,2023-12-27,reverse_split,2023-12-22,8-K,8.01,https://www.sec.gov/Archives/edgar/data/1722969/000121465923016726/j1282308k.htm,"Nxu stated that its one-for-150 reverse split was primarily intended to regain Nasdaq minimum-bid compliance, and the adjustments applied proportionately to outstanding securities.",verified,listing_compliance,proportional_reverse_split_for_bid_compliance,1,0,1,3,0,-2,3,B,reverse_split_compliance_boundary,A later generic shelf-registration passage does not prove an executed financing tied to the split.
CAND-7848188352624263157,permaticker:641014,HAO,2026-05-21,reverse_split,2026-05-12,424B5,,https://www.sec.gov/Archives/edgar/data/1954594/000121390026054771/ea0290252-424b5_haoxi.htm,"Haoxi offered 9 million Class A ordinary shares and disclosed up to 176,034,979 additional shares underlying 16,999,998 pre-funded warrants immediately before the detected reverse split.",verified,dilution_recapitalization,reverse_split_with_extreme_prefunded_warrant_share_overhang,2,0,2,3,2,-1,8,A,positive_financing_chain_manual_grade_boundary,"The disclosed share overhang makes this a high-priority dilution event, but absent terminal old-common treatment the reviewed grade remains A."
CAND-8311194474233199531,permaticker:632955,GBNY,2024-10-04,voluntarydelisting,2024-09-24,8-K exhibit,3.01;9.01,https://www.sec.gov/Archives/edgar/data/1823365/000110465924102258/tm2424547d1_ex99-1.htm,Generations Bancorp voluntarily withdrew from Nasdaq and deregistered while arranging continuous OTCQX quotation under the same ticker.,verified,listing_compliance,voluntary_nasdaq_exit_with_otcqx_continuity,1,1,0,3,0,-2,3,B,voluntary_delisting_otc_boundary,"National-exchange liquidity and reporting access contract, but the security continues on OTCQX and no insolvency or cancellation is shown."
CAND-17099428377254920901,permaticker:640172,GIBO,2025-08-20,reverse_split,2025-08-19,6-K,,https://www.sec.gov/Archives/edgar/data/2034520/000164117225024768/form6-k.htm,GIBO implemented a share consolidation as part of its Nasdaq minimum-bid remediation plan and subsequently disclosed that it had regained compliance while remaining under panel monitoring.,verified,listing_compliance,proportional_reverse_split_for_bid_compliance,1,0,1,3,0,-2,3,B,reverse_split_compliance_boundary,"The filing supports listing remediation and later compliance, not a separately executed dilutive financing."
CAND-8086672263392888044,permaticker:638698,FMTOF,2024-03-22,reverse_split,2024-03-15,6-K exhibit,,https://www.sec.gov/Archives/edgar/data/1888151/000149315224010034/ex99-1.htm,"BYND Cannasoft disclosed a one-for-190 reverse split whose stated purpose was to regain Nasdaq minimum-bid compliance, with its common shares continuing to trade under the same listing.",verified,listing_compliance,proportional_reverse_split_for_bid_compliance,1,0,1,3,0,-2,3,B,reverse_split_compliance_boundary,This is a listing-remediation corporate action; no contemporaneous executed dilution evidence was established.
CAND-7094043668031341230,permaticker:124406,GWAV,2024-06-03,reverse_split,2024-06-03,8-K exhibit,5.03;8.01;9.01,https://www.sec.gov/Archives/edgar/data/1589149/000149315224022296/ex99-1.htm,"Greenwave implemented a one-for-150 reverse split to increase its per-share price and regain Nasdaq minimum-bid compliance, proportionately converting outstanding shares.",verified,listing_compliance,proportional_reverse_split_for_bid_compliance,1,0,1,3,0,-2,3,B,reverse_split_compliance_boundary,"The selected primary evidence supports only a proportional compliance action, not realized dilution."
CAND-3693900792281635291,permaticker:113512,TBLT,2022-04-25,reverse_split,2022-04-25,8-K exhibit,3.03;5.03;7.01;9.01,https://www.sec.gov/Archives/edgar/data/1668370/000157587222000317/cm055_ex99-1.htm,ToughBuilt implemented a one-for-150 reverse split for Nasdaq bid-price compliance and subsequently received confirmation that it had regained compliance.,verified,listing_compliance,reverse_split_for_bid_compliance_with_successful_remediation,1,0,1,3,0,-2,3,B,reverse_split_compliance_boundary,"Although authorized shares were not reduced, the reviewed window does not establish an executed financing or convertibles sufficient to promote this above B."
CAND-15102251982149596632,permaticker:124196,TONX,2024-10-09,reverse_split,2024-10-28,8-K,8.01,https://www.sec.gov/Archives/edgar/data/1566610/000149315224042606/form8-k.htm,The selected SEC source belongs to Verb Technology and reports its Nasdaq bid-price compliance; it does not substantiate the queue's TONX security identity or the detected corporate action.,rejected,data_identity_control,security_identity_or_ticker_history_mismatch,0,0,0,3,0,-3,0,rejected,rejected_identity_mismatch_control,A filing for a different issuer cannot verify the detected event; retain this row to test point-in-time identifier joins.
CAND-14154468950235551859,permaticker:191646,SPHS,2020-05-19,volume_crash,2020-04-29,8-K,1.01;2.03;9.01,https://www.sec.gov/Archives/edgar/data/1563855/000143774920008733/sphs20200428_8k.htm,Sophiris disclosed a six-month principal-payment deferral with interest current and only a hypothetical acceleration upon future default; its actual Nasdaq delisting had occurred more than two months before the detected price move.,rejected,price_dislocation_control,volume_crash_without_contemporaneous_negative_primary_cause,0,0,0,3,0,-3,0,rejected,rejected_price_only_control,"The nearby evidence is either mitigating debt relief or stale listing history, so it does not establish a new cause for the May 19 market move."
CAND-3832743108160942111,permaticker:191567,YGYI,2022-06-10,one_day_crash,2022-05-02,8-K,2.04;9.01,https://www.sec.gov/Archives/edgar/data/1569329/000185173422000220/yii20220429_8k.htm,Youngevity disclosed that its lender had issued notice of actual defaults under its loan and security agreement before the later detected one-day price crash.,verified,debt_distress,lender_notice_of_actual_loan_defaults,2,1,1,3,0,-1,6,A,linked_consequence_dedup_excluded,"The filing verifies a real debt event, but the later price detector is only a discovery proxy and must remain excluded from hard-label training until the primary default date is represented directly."
CAND-9573711145479637673,permaticker:121739,APLS,2026-05-15,delisted,2026-05-14,8-K,1.01;1.02;2.01;3.01;3.03;5.01;5.02;5.03;7.01;8.01;9.01,https://www.sec.gov/Archives/edgar/data/1492422/000119312526222923/d23709d8k.htm,Apellis became a wholly owned Biogen subsidiary after each common share was converted into $41.00 cash plus one contingent value right worth up to an additional $4.00 before Nasdaq removal.,rejected,corporate_action_merger,cash_and_cvr_merger_consideration_delisting,0,0,0,3,0,-3,0,rejected,rejected_paid_merger_delisting_control,"Explicit per-share cash and contingent consideration makes the exchange removal transaction mechanics, not a negative delisting event."
CAND-9432755138561578096,permaticker:634045,FORA,2026-05-14,delisted,2026-05-15,8-K,2.01;3.01;3.03;5.01;5.02;5.03;8.01;9.01,https://www.sec.gov/Archives/edgar/data/1829280/000114036126021514/ef20073626_8k.htm,Forian completed a tender-offer merger in which each outstanding common share was converted into the right to receive $2.17 cash before delisting.,rejected,corporate_action_merger,cash_tender_merger_consideration_delisting,0,0,0,3,0,-3,0,rejected,rejected_paid_merger_delisting_control,"The Form 25 is a consequence of a paid acquisition, not loss of value through an adverse listing action."
CAND-11796424513486175928,permaticker:116516,KZR,2026-05-11,delisted,2026-05-11,8-K,2.01;3.01;3.03;5.01;5.02;5.03;9.01,https://www.sec.gov/Archives/edgar/data/1645666/000114036126020407/ef20072746_8k.htm,"Kezar became a wholly owned subsidiary after a completed tender offer for $6.955 cash per common share plus one contingent value right, followed by merger-related delisting.",rejected,corporate_action_merger,cash_and_cvr_tender_merger_delisting,0,0,0,3,0,-3,0,rejected,rejected_paid_merger_delisting_control,The listing exit follows explicit common-holder consideration and cannot be used as a negative delisting label.
CAND-1412400979756667147,permaticker:187786,AINC,2024-07-26,voluntarydelisting,2024-07-22,8-K exhibit,3.01;5.07;8.01;9.01,https://www.sec.gov/Archives/edgar/data/1604738/000160473824000050/ex991aincpressreleasevoter.htm,"Ashford's going-dark transaction cashed out record holders with fewer than 10,000 shares at $5.00 per pre-split share and then delisted and deregistered the remaining privately held common stock.",verified,listing_compliance,going_dark_reverse_forward_split_with_small_holder_cashout,1,1,0,3,0,-2,3,B,going_dark_cashout_boundary,"Market access and reporting terminate, but small holders receive explicit cash and the company continues privately; this is not bankruptcy or common-equity death."
CAND-18285528540876184160,permaticker:631604,ADTX,2025-11-03,reverse_split,2025-10-31,8-K exhibit,3.03;5.03;7.01;9.01,https://www.sec.gov/Archives/edgar/data/1726711/000121390025104704/ea026328501ex99-1_aditxt.htm,"Aditxt implemented a proportionate reverse split primarily to regain Nasdaq minimum-bid compliance, with exercise and conversion terms adjusted in line with the split.",verified,listing_compliance,proportional_reverse_split_for_bid_compliance,1,0,1,3,0,-2,3,B,reverse_split_compliance_boundary,A later risk disclosure mentioning pre-funded warrants is not an executed financing and must not promote the split to A.
CAND-17842630756881554298,permaticker:631903,NXTT,2023-06-09,reverse_split,2023-06-14,8-K exhibit,7.01;9.01,https://www.sec.gov/Archives/edgar/data/1784970/000147793223004570/wetg_ex991.htm,"WeTrade implemented a one-for-185 reverse split to regain Nasdaq's minimum-bid requirement, proportionately combining issued common shares.",verified,listing_compliance,proportional_reverse_split_for_bid_compliance,1,0,1,3,0,-2,3,B,reverse_split_compliance_boundary,The action is a listing-remediation split; later delisting failure is a separate consequence and no executed financing was identified in the review window.
CAND-4225400548280306201,permaticker:640592,WBUY,2025-04-10,reverse_split,2025-04-22,20-F,,https://www.sec.gov/Archives/edgar/data/1946703/000121390025033933/ea0238515-20f_webuy.htm,"Webuy disclosed a registered direct offering of 5,372,792 ordinary shares and pre-funded warrants for up to 15,640,447 additional shares at about $0.1756 before its reverse-split remediation and eventual Nasdaq reinstatement.",verified,dilution_recapitalization,reverse_split_after_large_registered_direct_and_prefunded_warrant_offering,2,0,2,3,1,-1,7,A,positive_financing_chain_after_import_review,The financing and warrant capacity establish material dilution context; successful relisting prevents treating the episode as terminal.
CAND-11163562848725927157,permaticker:110956,HOOK,2025-08-08,bankruptcy_liquidation,2025-07-29,8-K,5.07,https://www.sec.gov/Archives/edgar/data/1760542/000110465925071716/tm2521991d7_8k.htm,"HOOKIPA stockholders approved both the asset sale and the company's Plan of Dissolution, authorizing the company to liquidate and dissolve.",verified,distress_equity_death,stockholder_approved_liquidation_and_plan_of_dissolution,3,2,2,3,0,-1,9,A++,positive_dissolution_boundary_after_import_review,"Approval establishes a terminal-company path, but completion and the final common-holder distribution are not yet proven, so the event remains below S."
CAND-405617002882488595,permaticker:632780,FOXO,2025-08-12,bankruptcy_liquidation,2025-08-13,8-K exhibit,7.01;9.01,https://www.sec.gov/Archives/edgar/data/1812360/000164117225023520/ex99-1.htm,FOXO's common stock was suspended by NYSE American after falling below the $0.10 low-price standard and moved to OTC trading; no bankruptcy or liquidation proceeding was disclosed.,rejected,listing_compliance,low_price_exchange_suspension_not_bankruptcy,0,0,0,3,0,-3,0,rejected,rejected_source_mismatch_control,The detector's bankruptcy/liquidation family is unsupported; retain the listing-only event as a mismatch control.
CAND-3643782547070134818,permaticker:639045,THRD,2025-08-05,bankruptcy_liquidation,2025-07-31,8-K,3.01;3.03;9.01,https://www.sec.gov/Archives/edgar/data/1923840/000119312525170428/d72035d8k.htm,"ThredUp voluntarily delisted and planned Form 15 deregistration; the filing disclosed no court insolvency, liquidation plan or old-common cancellation.",rejected,listing_compliance,voluntary_delisting_and_deregistration_not_bankruptcy,0,0,0,3,0,-3,0,rejected,rejected_source_mismatch_control,Deregistration alone does not verify the detected bankruptcy/liquidation family.
CAND-4143531504771210541,permaticker:638747,AIEV,2025-04-21,bankruptcy_liquidation,2025-04-21,8-K,3.01,https://www.sec.gov/Archives/edgar/data/1912582/000121390025033474/ea0238919-8k_thunder.htm,"Thunder Power disclosed an unresolved Nasdaq delisting determination for minimum-bid and market-value deficiencies, not an insolvency petition or liquidation.",rejected,listing_compliance,bid_price_and_market_value_delisting_not_bankruptcy,0,0,0,3,0,-3,0,rejected,rejected_source_mismatch_control,The evidence supports only a listing-compliance action and cannot verify bankruptcy.
CAND-15679348551499731017,permaticker:638595,GBBK,2025-04-14,bankruptcy_liquidation,2025-04-09,8-K,8.01;9.01,https://www.sec.gov/Archives/edgar/data/1894951/000121390025030321/ea0237459-8k_global.htm,Global Blockchain Acquisition announced redemption of its IPO public shares after it failed to complete a business combination by the SPAC deadline.,rejected,spac_lifecycle,spac_deadline_public_share_redemption_not_bankruptcy,0,0,0,3,0,-3,0,rejected,rejected_redemption_control,Public holders receive trust-account redemption; the SPAC lifecycle event is not bankruptcy or zero-recovery equity death.
CAND-14421793210882127683,permaticker:110992,LKCOF,2025-03-28,bankruptcy_liquidation,2025-03-28,6-K,,https://www.sec.gov/Archives/edgar/data/1487839/000101376225004169/ea0236123-6k_luokung.htm,"Luokung disclosed a Nasdaq panel decision affirming delisting and suspension; the filing did not disclose bankruptcy, liquidation or common-share cancellation.",rejected,listing_compliance,nasdaq_panel_delisting_not_bankruptcy,0,0,0,3,0,-3,0,rejected,rejected_source_mismatch_control,A genuine listing loss remains a false bankruptcy/liquidation detection when no insolvency evidence exists.
CAND-9445345711571138789,permaticker:638743,LYTHF,2025-03-28,bankruptcy_liquidation,2025-04-01,6-K,,https://www.sec.gov/Archives/edgar/data/1816319/000121390025026511/ea0236476-6k_lytus.htm,"Lytus disclosed Nasdaq suspension followed by planned OTC Pink trading, with no bankruptcy petition or liquidation plan in the cited evidence.",rejected,listing_compliance,nasdaq_suspension_and_otc_transition_not_bankruptcy,0,0,0,3,0,-3,0,rejected,rejected_source_mismatch_control,The detector family is unsupported even though an adverse listing event occurred.
CAND-11741397156856165121,permaticker:638325,GDST,2025-03-25,bankruptcy_liquidation,2025-03-24,8-K,3.01;9.01,https://www.sec.gov/Archives/edgar/data/1858007/000101376225001581/ea0235428-8k_goldenstone.htm,"Goldenstone faced suspension and delisting for failure to comply with Nasdaq's SPAC business-combination deadline rule, not because of bankruptcy or liquidation.",rejected,spac_lifecycle,spac_deadline_delisting_not_bankruptcy,0,0,0,3,0,-3,0,rejected,rejected_source_mismatch_control,The listing-rule failure is not an insolvency proceeding.
CAND-6376568770992657767,permaticker:638281,PLAO,2025-03-18,bankruptcy_liquidation,2025-04-11,10-K,,https://www.sec.gov/Archives/edgar/data/1849737/000121390025031099/ea0235755-10k_patria.htm,Patria Acquisition's annual report contained only hypothetical trust-account bankruptcy risk language and did not disclose that a bankruptcy or winding-up petition had actually been filed.,rejected,spac_lifecycle,hypothetical_spac_bankruptcy_boilerplate_not_actual_filing,0,0,0,3,0,-3,0,rejected,rejected_boilerplate_control,Conditional risk disclosure must not be converted into an actual bankruptcy event.
CAND-4989231997749962522,permaticker:638084,FTII,2025-02-25,bankruptcy_liquidation,2025-04-09,10-K,,https://www.sec.gov/Archives/edgar/data/1889450/000164117225003384/form10-k.htm,FutureTech II disclosed a Nasdaq delisting process tied to SPAC listing deadlines and market-value compliance and elected not to appeal; no insolvency case was disclosed.,rejected,spac_lifecycle,spac_compliance_delisting_not_bankruptcy,0,0,0,3,0,-3,0,rejected,rejected_source_mismatch_control,"The primary evidence supports a SPAC listing failure, not bankruptcy or liquidation."
CAND-4242671467453982108,permaticker:193985,FFNW,2025-04-21,bankruptcy_liquidation,2025-04-11,8-K,2.01;3.01;8.01;9.01,https://www.sec.gov/Archives/edgar/data/1401564/000110465925034275/tm2512128d1_8k.htm,First Financial Northwest completed the previously announced sale of substantially all bank assets and liabilities and planned delisting and deregistration; it did not file bankruptcy or adopt a liquidation plan in this source.,rejected,corporate_transaction,bank_asset_sale_and_deregistration_not_bankruptcy,0,0,0,3,0,-3,0,rejected,rejected_source_mismatch_control,A completed asset sale and reporting exit cannot verify the detected bankruptcy/liquidation family without separate dissolution or equity-death evidence.
CAND-1295763398326310981,permaticker:631224,CALT,2024-09-20,voluntarydelisting,2024-09-03,6-K,,https://www.sec.gov/Archives/edgar/data/1795579/000110465924096379/tm2423167d2_6k.htm,"Asahi Kasei controlled more than 90 percent of Calliditas after its paid offers, declared the offers unconditional and initiated compulsory redemption before the listing exit.",rejected,corporate_action_acquisition,paid_tender_offer_compulsory_redemption_delisting,0,0,0,3,0,-3,0,rejected,rejected_paid_takeover_delisting_control,"The exchange exit is acquisition mechanics after a paid tender offer, not an independently negative delisting or common-equity death event."
CAND-2823479860847808959,permaticker:631999,VTRU,2024-06-06,voluntarydelisting,2024-04-22,6-K,,https://www.sec.gov/Archives/edgar/data/1805012/000095010324005534/dp210006_ex9901.htm,Vitru's ADS exit followed a completed merger whose filing expressly directs holders to the disclosed merger consideration.,rejected,corporate_action_merger,merger_consideration_delisting,0,0,0,3,0,-3,0,rejected,rejected_paid_takeover_delisting_control,"The delisting is a merger consequence with consideration, so it is not a negative listing-loss label."
CAND-10738311342962411696,permaticker:639997,ALCYF,2026-05-13,delisted,2026-05-08,8-K,3.01;8.01;9.01,https://www.sec.gov/Archives/edgar/data/1901336/000110465926057956/tm2614055d1_8k.htm,Alchemy Investments Acquisition Corp. failed to complete an initial business combination within the SPAC's 36-month deadline and became subject to Nasdaq delisting.,rejected,spac_lifecycle,spac_business_combination_deadline_delisting,0,0,0,3,0,-3,0,rejected,rejected_spac_lifecycle_delisting_control,"The security's exit is a contractual SPAC deadline outcome, not an operating-company distress or adverse common-equity signal."
CAND-17854712719510265196,permaticker:640193,ALCYU,2026-05-13,delisted,2026-05-08,8-K,3.01;8.01;9.01,https://www.sec.gov/Archives/edgar/data/1901336/000110465926057956/tm2614055d1_8k.htm,Alchemy Investments Acquisition Corp. failed to complete an initial business combination within the SPAC's 36-month deadline and became subject to Nasdaq delisting.,rejected,spac_lifecycle,spac_business_combination_deadline_delisting,0,0,0,3,0,-3,0,rejected,rejected_spac_lifecycle_delisting_control,The unit's exit is the same SPAC deadline chain as ALCYF and must not be treated as a second negative corporate event.
CAND-15439176368853055572,permaticker:633301,DCFCQ,2024-04-02,reverse_split,2024-04-18,6-K,,https://www.sec.gov/Archives/edgar/data/1862490/000110465924048646/tm247645d3_6k.htm,Tritium disclosed voluntary administration of specified Australian subsidiaries while other subsidiaries continued to operate; the filing contains no reverse-share-split action.,rejected,insolvency_restructuring,subsidiary_voluntary_administration_not_reverse_split,0,0,0,3,0,-3,0,rejected,rejected_source_mismatch_control,Reject only the detected reverse-split label; preserve the separate subsidiary-administration fact in its proper event family.
CAND-10956155133125414436,permaticker:595967,SHLT,2025-04-02,voluntarydelisting,2025-03-11,6-K,,https://www.sec.gov/Archives/edgar/data/1166834/000117891325000778/exhibit_99-1.htm,SHL voluntarily ended its Nasdaq ADR listing and SEC reporting to reduce its cost base while its ordinary shares continued to trade on the SIX Swiss Exchange.,verified,listing_status,voluntary_nasdaq_adr_delisting_with_six_continuity,1,0,1,3,0,-2,3,B,voluntary_listing_exit_boundary,"The U.S. listing exit is real, but continuing home-market liquidity makes this a venue-consolidation boundary rather than severe distress."
CAND-3914732029191464843,permaticker:193318,SPLP,2025-05-01,voluntarydelisting,2025-04-11,8-K,3.01;7.01;9.01,https://www.sec.gov/Archives/edgar/data/1452857/000121390025030805/ea0237786-8k_steel.htm,Steel Partners voluntarily approved NYSE delisting and deregistration and expected its units to continue quotation on OTCQX.,verified,listing_status,voluntary_nyse_delisting_with_otcqx_continuity,1,0,1,3,0,-2,3,B,voluntary_listing_exit_boundary,"This verifies a loss of national-exchange access, not insolvency or terminal equity impairment."
CAND-6995216780457357826,permaticker:111692,BCOW,2025-03-07,voluntarydelisting,2025-02-18,8-K,7.01;9.01,https://www.sec.gov/Archives/edgar/data/1847360/000094337425000107/ex99-1_8k021825.htm,1895 Bancorp chose to delist and deregister to reduce public-company compliance and accounting expense and intended to continue quotation on OTCQX.,verified,listing_status,voluntary_nasdaq_delisting_with_otcqx_continuity,1,0,1,3,0,-2,3,B,voluntary_listing_exit_boundary,Cost-driven deregistration with an OTC continuation is a valid but non-terminal listing event.
CAND-14003909050592200194,permaticker:635803,TCBC,2024-08-01,voluntarydelisting,2024-07-12,8-K,7.01;9.01,https://www.sec.gov/Archives/edgar/data/1850398/000095017024083203/tcbc-20240712.htm,TC Bancshares voluntarily left Nasdaq and suspended periodic reporting while expecting uninterrupted OTCQX quotation under the same symbol.,verified,listing_status,voluntary_nasdaq_delisting_with_otcqx_continuity,1,0,1,3,0,-2,3,B,voluntary_listing_exit_boundary,"National-exchange access ended, but continued OTC quotation keeps the event below a material-distress grade."
CAND-9951909852169858631,permaticker:635804,CULL,2024-07-19,voluntarydelisting,2024-07-08,8-K,7.01;9.01,https://www.sec.gov/Archives/edgar/data/1845799/000094337424000312/form8k_070824.htm,"Cullman Bancorp intended to delist from Nasdaq, terminate Exchange Act registration and seek OTCQX quotation.",verified,listing_status,voluntary_nasdaq_delisting_with_otcqx_application,1,0,1,3,0,-2,3,B,voluntary_listing_exit_boundary,The listing exit is verified while OTC continuity was planned; no severe corporate outcome is established.
CAND-1012539858051573069,permaticker:640399,EXTOY,2025-01-08,voluntarydelisting,2024-12-20,6-K,,https://www.sec.gov/Archives/edgar/data/1957146/000121390024110757/ea022545301ex99-1_almacenes.htm,"Grupo Exito's ADS exit was designed to concentrate its float and liquidity in Colombia, which the company described as its natural market.",verified,listing_status,voluntary_ads_delisting_with_colombian_home_market_continuity,1,0,1,3,0,-2,3,B,voluntary_listing_exit_boundary,"This is geographic liquidity consolidation, not a distress-driven equity impairment."
CAND-16002939226848060604,permaticker:634331,ASAIY,2025-01-08,voluntarydelisting,2024-12-19,6-K,,https://www.sec.gov/Archives/edgar/data/1834048/000129281424004626/asai20241219_6k1.htm,"Sendas planned to delist its ADSs, after which they were expected to begin trading immediately over the counter before deregistration.",verified,listing_status,voluntary_ads_delisting_with_otc_continuity,1,0,1,3,0,-2,3,B,voluntary_listing_exit_boundary,"Immediate OTC continuity makes this a reporting-and-venue exit boundary, not a terminal event."
CAND-10931555085058310412,permaticker:123175,ORANY,2024-10-17,voluntarydelisting,2024-09-25,6-K,,https://www.sec.gov/Archives/edgar/data/1038143/000163462124000020/lo6k20240925.htm,Orange planned to delist and deregister its NYSE ADSs while maintaining its Euronext Paris listing and a sponsored Level 1 ADR program in the U.S. over-the-counter market.,verified,listing_status,voluntary_ads_delisting_with_euronext_and_otc_adr_continuity,1,0,1,3,0,-2,3,B,voluntary_listing_exit_boundary,"The NYSE exit is verified, but home-market and OTC ADR access continue."
CAND-12373560845127974191,permaticker:197696,CHKAQ,2020-04-15,reverse_split,2020-05-11,10-Q,,https://www.sec.gov/Archives/edgar/data/895126/000089512620000115/chk-2020033110q.htm,Chesapeake's 1-for-200 reverse split was intended to restore NYSE minimum-price compliance and proportionally reduced both outstanding and authorized common shares.,verified,capital_structure,reverse_split_for_listing_compliance,1,0,1,3,0,-2,3,B,reverse_split_compliance_boundary,"The action is real, but the cited filing supports proportional listing remediation rather than a financing or dilution chain."
CAND-8176256967483573765,permaticker:640763,ELAB,2024-11-27,reverse_split,2024-11-22,8-K,3.03;5.03;9.01,https://www.sec.gov/Archives/edgar/data/1840563/000121390024101663/ea0222330-8k_elevai.htm,"Elevai filed a charter amendment effecting a 1-for-200 reverse stock split on November 27, 2024.",verified,capital_structure,reverse_split_action_only,1,0,1,3,0,-2,3,B,reverse_split_compliance_boundary,"The split is verified, but no executed financing or post-split dilution mechanism was established in the reviewed window."
CAND-6056463936226320514,permaticker:171049,XELA,2023-05-15,reverse_split,2023-05-12,8-K,3.03;5.03;9.01,https://www.sec.gov/Archives/edgar/data/1620179/000110465923059852/tm2315488d2_8k.htm,"Exela filed the charter amendment effecting a 1-for-200 reverse stock split on May 12, 2023.",verified,capital_structure,reverse_split_action_only,1,0,1,3,0,-2,3,B,reverse_split_compliance_boundary,The filing verifies the split itself but not a contemporaneous executed financing chain.
CAND-673991458846601485,permaticker:193045,BNC,2022-02-09,reverse_split,2022-02-01,8-K,3.03;5.03;9.01,https://www.sec.gov/Archives/edgar/data/1482541/000149315222002864/form8-k.htm,"Benessere Capital Acquisition effected a reverse split and reduced its authorized common shares to 200 million, with fractional shares rounded up.",verified,capital_structure,reverse_split_with_authorized_share_reduction,1,0,1,3,0,-2,3,B,reverse_split_compliance_boundary,The reviewed source verifies a proportional capital-structure action but not a financing-driven dilution chain.
CAND-9087362822773848128,permaticker:193813,RDGT,2026-04-08,reverse_split,2026-04-10,6-K,,https://www.sec.gov/Archives/edgar/data/1856084/000121390026042582/ea0285942-6k_ridgetech.htm,Ridge Technology's 1-for-150 reverse share split affected all shareholders uniformly and did not change any holder's ownership percentage.,verified,capital_structure,uniform_reverse_share_split,1,0,1,3,0,-2,3,B,reverse_split_compliance_boundary,The source explicitly establishes a proportional split and provides no evidence of dilution in the event window.
CAND-1851628369984937336,permaticker:634357,AONC,2024-06-07,voluntarydelisting,2024-05-21,8-K,3.01;7.01;9.01,https://www.sec.gov/Archives/edgar/data/1839998/000183999824000045/aonc-20240521.htm,American Oncology Network chose Nasdaq delisting and deregistration after citing no active market or analyst coverage and high continuing compliance costs.,verified,listing_status,voluntary_delisting_after_market_access_contraction,2,1,1,3,0,-1,6,A,positive_market_access_contraction_after_import_review,"Unlike ordinary venue consolidation, the filing documents the absence of an active market and analyst coverage, making the exit materially adverse but not terminal."
CAND-2331464715735659545,permaticker:124157,SPRC,2021-08-10,reverse_split,2021-08-16,6-K,,https://www.sec.gov/Archives/edgar/data/1611746/000121390021042965/ea145860ex99-1_scisparcltd.htm,SciSparc's post-split interim statements identify the March 2021 financing round and exercises of November 2020 and pre-funded warrants in the share-capital roll-forward.,verified,capital_structure,reverse_split_with_financing_and_warrant_dilution_chain,2,0,2,3,1,-1,7,A,positive_financing_chain_after_import_review,"The split is connected to evidenced financing and warrant issuance/exercise, so it is more informative than an action-only split but remains below severe distress grades."
CAND-9911111029110580781,permaticker:637535,AREB,2026-05-12,delisted,2026-05-13,10-Q exhibit,,https://www.sec.gov/Archives/edgar/data/1648087/000149315226022768/ex99-1.htm,A Nasdaq Hearings Panel determined to delist American Rebel for continued non-compliance with the $1 minimum bid-price rule; Nasdaq trading was suspended while the company planned OTCID and OTCQB quotation and remained an SEC registrant.,verified,listing_status,forced_nasdaq_delisting_after_repeated_bid_price_failure,2,1,2,3,0,-1,7,A,forced_delisting_boundary_after_import_review,"The final panel outcome verifies a material forced listing loss, but continuing operations, SEC reporting and planned OTC access keep it below insolvency or equity-death grades."
CAND-11461259607840018025,permaticker:193098,SANW,2025-08-05,bankruptcy_liquidation,2025-08-05,8-K,1.01;2.04;8.01;9.01,https://www.sec.gov/Archives/edgar/data/1477246/000164117225022275/form8-k.htm,"After an actual borrowing-base default, S&W Seed's secured lender delivered a UCC Article 9 sale notice covering collateral that represented substantially all company assets. On August 1 a buyer agreed to acquire the collateral, with cash proceeds paid to the lender.",verified,debt_distress,secured_creditor_article_9_disposition_of_substantially_all_assets_after_default,3,3,2,3,0,-1,10,A++,positive_hard_reclassified_after_import_review,"The detector's bankruptcy label is too broad, but creditor control over substantially all collateral after an actual default is independently a hard event. No bankruptcy petition or old-common cancellation supports S."
CAND-1182789355746912791,permaticker:198403,EQC,2025-04-21,bankruptcy_liquidation,2025-04-01,8-K,8.01;9.01,https://www.sec.gov/Archives/edgar/data/803649/000080364925000039/eqc-20250401.htm,Equity Commonwealth authorized a final $1.60 cash liquidating distribution before NYSE delisting and planned to convert each common share one-for-one into a beneficial-interest unit of a liquidating trust.,verified,orderly_liquidation,cash_returning_plan_of_sale_and_dissolution,1,1,1,3,0,-2,4,B,cash_returning_liquidation_boundary,"The liquidation is real, but common holders received cash and continuing trust interests. It is neither bankruptcy nor zero-recovery equity death and must remain a B boundary."
CAND-17013794994166456501,permaticker:124518,CBDBY,2024-04-18,voluntarydelisting,2024-04-01,6-K,,https://www.sec.gov/Archives/edgar/data/1038572/000129281424001122/cbd20240329_6k1.htm,"CBD's board approved delisting its ADSs after the NYSE below-criteria price notice, very limited ADS trading and high listing costs. Its common shares remained listed on B3, the principal market, and the sponsored ADS program continued.",verified,listing_status,voluntary_ads_delisting_with_b3_and_ads_program_continuity,1,0,1,3,0,-2,3,B,voluntary_listing_exit_boundary,"The U.S. venue exit is verified, but home-market liquidity and the ADS facility continued. Price noncompliance alone does not make this operating distress."
CAND-13707461617854892988,permaticker:641697,RBRK,2026-04-30,interest_coverage_below_1,2026-06-05,10-Q,,https://www.sec.gov/Archives/edgar/data/1943896/000194389626000047/rbrk-20260430.htm,"Rubrik reported $429.4 million cash and $1.320 billion short-term investments and stated that these resources were sufficient for at least twelve months. The single-quarter EBIT-to-interest screen did not establish a payment default, covenant breach or liquidity event.",rejected,fundamental_metric_control,single_quarter_interest_coverage_screen_with_strong_liquidity,0,0,0,3,0,-3,0,rejected,rejected_metric_only_control,"A loss-based quarterly coverage ratio is not an event by itself. Retain only as a negative control unless LTM coverage, cash interest, covenant or payment evidence changes."
CAND-13106788475607200732,permaticker:641697,RBRK,2026-04-30,negative_equity,2026-06-05,10-Q,,https://www.sec.gov/Archives/edgar/data/1943896/000194389626000047/rbrk-20260430.htm,"Rubrik reported a $481.3 million stockholders' deficit, improved from $519.6 million at fiscal year-end, alongside $429.4 million cash and $1.320 billion short-term investments sufficient for at least twelve months.",verified,accounting_capital_structure,negative_equity_with_large_cash_and_short_term_investment_buffer,1,0,1,3,0,-2,3,B,verified_boundary_after_import_review,"Negative book equity is factual, but the contemporaneous liquidity buffer and improving deficit make it a B accounting boundary rather than an acute distress label."
CAND-14981511527587269608,permaticker:632044,ASAN,2026-04-30,interest_coverage_below_1,2026-05-28,10-Q,,https://www.sec.gov/Archives/edgar/data/1477720/000147772026000039/asan-20260430.htm,"Asana disclosed $78.3 million of available revolver capacity, $38.1 million outstanding under its secured facility and explicit compliance with all financial covenants at April 30, 2026.",rejected,fundamental_metric_control,single_quarter_interest_coverage_screen_with_covenant_compliance,0,0,0,3,0,-3,0,rejected,rejected_metric_only_control,Explicit covenant compliance and undrawn capacity negate the detector's implied debt event; preserve the calculated ratio only for audit.
CAND-17833387471955648583,permaticker:194678,LMNR,2026-04-30,interest_coverage_below_1,2026-06-09,10-Q,,https://www.sec.gov/Archives/edgar/data/1342423/000134242326000023/lmnr-20260430.htm,Limoneira's lender twice deferred annual debt-service-coverage testing and deferred quarterly leverage testing through July 2027. Six-month operating cash use rose to $16.1 million while financing supplied $19.1 million.,verified,fundamental_distress,lender_deferred_debt_service_and_leverage_tests_with_financing_dependency,2,1,1,3,0,-1,6,A,positive_material_reclassified_after_import_review,"Repeated covenant-test relief plus operating cash use is materially adverse financing dependence, but it is not an actual default, acceleration or insolvency filing."
CAND-16426661753532845226,permaticker:124399,NTNX,2026-04-30,negative_equity,2026-05-29,10-Q,,https://www.sec.gov/Archives/edgar/data/1618732/000119312526248282/ntnx-20260430.htm,"Nutanix reported a $725.6 million stockholders' deficit but also $718.8 million cash, $1.299 billion short-term investments, no revolver borrowings and compliance with its leverage covenant. A subsequent $150 million AMD placement further increased liquidity.",verified,accounting_capital_structure,negative_equity_with_large_liquidity_and_no_revolver_borrowing,1,0,1,3,0,-2,3,B,verified_boundary_after_import_review,"The deficit is real, but cash, investments, unused revolver capacity and covenant compliance make it an accounting boundary rather than a hard distress event."
CAND-4322207313672188252,permaticker:124777,NMGX,2021-02-16,volume_crash,2020-11-20,10-Q,,https://www.sec.gov/Archives/edgar/data/891417/000149315220022090/form10-q.htm,"Nano Magic disclosed substantial doubt about its ability to continue as a going concern, but the filing was nearly three months before the February 2021 price episode and no contemporaneous primary event was found.",rejected,price_dislocation_control,stale_going_concern_without_contemporaneous_price_cause,0,0,0,0,0,0,0,rejected,rejected_price_only_control,The return and volume observation remains discovery-only. A stale risk disclosure is not promoted into a dated causal event.
CAND-995395324152762686,permaticker:642277,WOK,2025-12-10,volume_crash,2025-09-29,6-K,,https://www.sec.gov/Archives/edgar/data/1929783/000121390025093072/ea0258923-6k_workmed.htm,"Work Medical sold 22,055,096 Class A shares and 16,944,238 pre-funded warrants at $0.075 for $2.9 million gross proceeds, and disclosed that the pre-funded warrants had been exercised in full. A later filing added a $200 million at-the-market facility.",verified,equity_dilution,realized_share_and_prefunded_warrant_dilution_with_followon_atm,2,1,1,3,2,-1,8,A,linked_consequence_dedup_excluded,"The financing chain is material and verified, but its primary event date is September 25-26 rather than the later December price observation. Keep only the financing event for positive training."
CAND-15512615131127987944,permaticker:193813,RDGT,2026-03-24,volume_crash,2026-03-05,6-K,,https://www.sec.gov/Archives/edgar/data/1856084/000121390026024126/ea0279959-6k_ridgetech.htm,"Ridgetech's March filing contained historical cash-flow comparisons but no new default, insolvency, enforcement, financing close or other hard event contemporaneous with the March 24 price observation. The reverse split occurred afterward.",rejected,price_dislocation_control,no_contemporaneous_primary_cause_before_price_episode,0,0,0,0,0,0,0,rejected,rejected_price_only_control,Do not backfill a cause from a later reverse split or an older ATM agreement. The price detector is not event truth.
CAND-9790819506159326789,permaticker:634714,WTO,2024-08-28,volume_crash,2024-08-20,6-K exhibit,,https://www.sec.gov/Archives/edgar/data/1789299/000121390024071146/ea021191201ex99-1_utime.htm,"UTime proposed a 25-for-1 share consolidation and, after that consolidation, a tenfold increase in authorized share capital with subdivision and creation of billions of additional authorized ordinary shares. Shareholders approved the proposals on August 28.",verified,equity_dilution,share_consolidation_with_tenfold_authorized_share_expansion,2,1,2,3,1,-1,8,A,positive_structural_dilution_reclassified_after_import_review,The same-date capital action is the event. Contract boilerplate in the annual report is explicitly excluded as a false default cause.
CAND-3757474618105762238,permaticker:641660,TWG,2024-10-25,volume_crash,2024-10-15,6-K exhibit,,https://www.sec.gov/Archives/edgar/data/1978057/000121390024087600/ea021740301ex99-1_topwealth.htm,"Top Wealth announced pricing of a $10.8 million public offering of 27 million ordinary shares at $0.40 per share, compared with 29 million shares outstanding before the offering.",verified,equity_dilution,public_offering_nearly_doubling_outstanding_share_count,2,1,2,3,1,-1,8,A,linked_consequence_dedup_excluded,The primary event is the October 11 offering pricing. The October 25 price observation is retained only as a linked consequence and is excluded from positive-event training.
CAND-6533317408578223382,permaticker:639946,JYD,2025-04-02,volume_crash,2025-03-20,6-K,,https://www.sec.gov/Archives/edgar/data/1938186/000121390025025516/ea0235144-6k_jayud.htm,"Jayud mutually terminated two acquisition agreements without disputes. No purchase price had been paid for one acquisition; for the other, the warehouse interest was returned and 1,704,851 consideration shares were cancelled.",rejected,corporate_action_control,acquisition_terminations_without_cash_loss,0,0,0,0,0,0,0,rejected,rejected_price_only_control,"The filing does not establish a destructive financing, default or loss event. The later return remains discovery evidence only."
CAND-11288633802868633398,permaticker:166453,IGLDF,2021-02-17,one_day_crash,2021-02-01,TASE issuer notice,,https://mayafiles.tase.co.il/reports/1349001-1350000/E1349305.pdf,Internet Gold implemented a court-approved arrangement under Israel's Insolvency and Economic Rehabilitation Law; its Series C and D bonds were withdrawn from TASE clearing and Series D was delisted.,verified,insolvency_restructuring,court_approved_insolvency_arrangement_and_bond_delisting,2,2,2,3,2,-1,10,A++,linked_consequence_dedup_excluded,"The insolvency arrangement is a hard event, but the price observation is not the event date and the notice does not prove cancellation or zero recovery of old common equity."
CAND-3275707101330155858,permaticker:187876,LENSF,2021-06-21,one_day_crash,2019-05-13,SEC submissions history,,https://data.sec.gov/submissions/CIK0001591096.json,Presbia's SEC submission history ends with a Form 15-12B in May 2019 and contains no contemporaneous issuer filing or official action explaining the June 2021 price observation.,rejected,price_dislocation_control,no_contemporaneous_primary_source_after_deregistration,0,0,0,0,0,0,0,rejected,rejected_price_only_control,Absence of a contemporaneous official cause prevents promotion of the price series into an event label.
CAND-12110915245087559330,permaticker:196908,ECTE,2021-06-17,one_day_crash,2021-05-18,SEC trading suspension order,,https://www.sec.gov/files/litigation/suspensions/2021/34-91929-o.pdf,"The SEC suspended trading in ECTE because current and accurate information was unavailable, noting that the issuer was a void Delaware corporation, delinquent in periodic filings since September 2016 and had no valid address.",verified,regulatory_enforcement,sec_trading_suspension_for_void_delinquent_issuer,2,1,2,3,1,-1,8,A,linked_consequence_dedup_excluded,The SEC order is the primary dated event. The later price record is a consequence and does not independently qualify for A++ or S.
CAND-12573232003687752837,permaticker:190957,REDFY,2021-11-29,one_day_crash,2016-05-19,SEC submissions history,,https://data.sec.gov/submissions/CIK0001103783.json,Rediff's SEC submission history ends with a Form 15-12G in May 2016 and contains no contemporaneous issuer filing or official action explaining the November 2021 price observation.,rejected,price_dislocation_control,no_contemporaneous_primary_source_after_deregistration,0,0,0,0,0,0,0,rejected,rejected_price_only_control,The price series alone cannot establish a new event years after deregistration.
CAND-12432583447285353932,permaticker:110621,SKIL,2026-04-30,negative_equity,2026-06-09,10-Q,,https://www.sec.gov/Archives/edgar/data/1774675/000143774926019986/skil20260430_10q.htm,"Skillsoft reported a $72.8 million shareholders' deficit, but also $115.6 million of unrestricted cash and cash equivalents and $28.9 million of quarterly operating cash inflow, with no substantial-doubt statement.",verified,accounting_capital_structure,negative_equity_with_cash_and_positive_operating_cash_flow,1,0,1,3,0,-2,3,B,verified_accounting_boundary_after_import_review,"The deficit is factual, but liquidity and positive operating cash flow prevent promotion into acute distress."
CAND-16761908835900275219,permaticker:110595,CHPT,2026-04-30,negative_equity,2026-06-08,10-Q,,https://www.sec.gov/Archives/edgar/data/1777393/000177739326000044/chpt-20260430.htm,"ChargePoint's stockholders' equity moved from positive $21.3 million to a $9.1 million deficit during the quarter. It held $96.2 million of cash, cash equivalents and restricted cash and stated that available resources would satisfy requirements for at least twelve months, while acknowledging continued losses and financing dependence.",verified,accounting_capital_structure,negative_equity_with_twelve_month_liquidity_and_financing_dependency,1,1,1,3,1,-2,5,B,verified_financing_dependency_boundary_after_import_review,"The transition into negative equity is real, but management's twelve-month liquidity conclusion and absence of default keep it below A."
CAND-5570299690356527236,permaticker:199650,HPQ,2026-04-30,negative_equity,2026-05-28,10-Q,,https://www.sec.gov/Archives/edgar/data/47217/000004721726000029/hpq-20260430.htm,"HP reported a $144 million stockholders' deficit while holding $3.703 billion of cash, producing $1.309 billion of six-month operating cash flow and returning $1.0 billion through dividends and repurchases.",verified,accounting_capital_structure,negative_equity_driven_by_capital_returns_with_strong_cash_generation,1,0,1,3,0,-3,2,B,verified_capital_return_boundary_after_import_review,Negative book equity is not distress when a profitable issuer is generating cash and deliberately returning capital.
CAND-416757569485451770,permaticker:195604,RRGB,2026-04-19,negative_equity,2026-05-19,8-K exhibit,,https://www.sec.gov/Archives/edgar/data/1171759/000162828026036443/exhibit991q1-2026.htm,"Red Robin reported a $106.7 million stockholders' deficit and $175.7 million drawn under its credit facility, but also approximately $40.8 million of liquidity, a 14.8% restaurant-level operating margin and reaffirmed full-year guidance.",verified,accounting_capital_structure,negative_equity_with_positive_unit_economics_and_available_liquidity,1,1,1,3,1,-2,5,B,verified_leveraged_accounting_boundary_after_import_review,"Leverage warrants monitoring, but the filing does not establish default, going concern failure or immediate financing distress."
CAND-7119511066780075392,permaticker:123160,AM,2026-03-31,cash_short_debt_stress,2026-04-29,10-Q,,https://www.sec.gov/Archives/edgar/data/1623925/000110465926051518/am-20260331x10q.htm,"Antero Midstream had $808 million of available credit-facility capacity, expected its capital resources to cover requirements and dividends for at least twelve months, and declared its quarterly dividend.",rejected,fundamental_metric_control,near_zero_cash_ratio_with_large_undrawn_credit_capacity,0,0,0,0,0,0,0,rejected,rejected_cash_ratio_control,A near-zero cash balance is not a cash crisis when the issuer uses operating cash flow and a large available revolver as ordinary liquidity.
CAND-6682895182731515956,permaticker:124676,OBE,2025-12-31,cash_short_debt_stress,2026-01-22,6-K exhibit,,https://www.sec.gov/Archives/edgar/data/1334388/000119312526019101/obe-ex99_1.htm,"Obsidian Energy guided to approximately C$225 million of funds flow, positive free cash flow and C$272 million of net debt, equal to about 1.2 times annualized funds flow.",rejected,fundamental_metric_control,cash_ratio_screen_with_positive_free_cash_flow_and_moderate_leverage,0,0,0,0,0,0,0,rejected,rejected_cash_ratio_control,"The cash-to-current-debt screen ignores an energy producer's operating funds flow, revolving facility and ordinary debt-management model."
CAND-2136633713377442087,permaticker:193542,AR,2025-09-30,cash_short_debt_stress,2025-10-29,10-Q,,https://www.sec.gov/Archives/edgar/data/1433270/000110465925103735/ar-20250930x10q.htm,"Antero Resources reported $1.3 billion of available borrowing capacity and expected operating cash flow plus available credit to cover normal operations, debt service and capital expenditure for at least twelve months.",rejected,fundamental_metric_control,near_zero_cash_ratio_with_large_undrawn_credit_capacity,0,0,0,0,0,0,0,rejected,rejected_cash_ratio_control,The detector ignores the issuer's revolver-based treasury model and explicit twelve-month liquidity conclusion.
CAND-4709018286152191572,permaticker:193542,AR,2025-06-30,cash_short_debt_stress,2025-07-30,10-Q,,https://www.sec.gov/Archives/edgar/data/1433270/000155837025009802/ar-20250630x10q.htm,"Antero Resources used operating cash flow and its unsecured revolving facility as primary liquidity sources; the low cash balance did not represent a missed payment, covenant breach or going-concern event.",rejected,fundamental_metric_control,near_zero_cash_ratio_in_revolver_based_treasury_model,0,0,0,0,0,0,0,rejected,rejected_cash_ratio_control,"This is a second quarterly observation of the same non-event metric pattern, not a new distress event."
CAND-987988994885265343,permaticker:194193,REI,2025-06-30,cash_short_debt_stress,2025-08-06,10-Q,,https://www.sec.gov/Archives/edgar/data/1384195/000162828025038401/rei-20250630.htm,"Ring Energy explicitly stated that it keeps cash as low as possible to reduce debt. It had $137 million of unused credit, was in compliance with all credit covenants and had no default or event of default.",rejected,fundamental_metric_control,intentional_zero_cash_with_unused_credit_and_covenant_compliance,0,0,0,0,0,0,0,rejected,rejected_cash_ratio_control,This filing directly negates the detector's implied cash crisis and is a strong treasury-policy control.
CAND-15140323546345822914,permaticker:640874,UCFI,2025-03-31,cash_short_debt_stress,2025-05-15,10-Q,,https://www.sec.gov/Archives/edgar/data/1901203/000121390025043698/ea0241893-10q_ironhorse.htm,Iron Horse was a SPAC whose business-combination trust proceeds were segregated from working capital and whose sponsor loans were payable at a completed combination or from non-trust excess proceeds.,rejected,fundamental_metric_control,spac_trust_cash_excluded_from_operating_cash_ratio,0,0,0,0,0,0,0,rejected,rejected_sector_structure_control,A generic operating cash-to-current-debt ratio is invalid for pre-combination SPAC trust accounting.
CAND-4608600283195970043,permaticker:196391,VHC,2021-03-31,revenue_collapse_yoy,2021-05-10,10-Q,,https://www.sec.gov/Archives/edgar/data/1082324/000114036121016630/brhc10023938_10q.htm,VirnetX reported quarterly revenue of $5 thousand versus $302.6 million a year earlier because the comparison quarter contained a one-time $454.0 million Apple patent-litigation collection.,verified,fundamental_boundary,revenue_comparison_normalization_after_one_time_patent_settlement,1,0,2,3,1,-2,5,B,verified_one_time_comparison_boundary,"The numerical collapse is real but reflects the roll-off of extraordinary legal proceeds, not collapse of recurring operating revenue."
CAND-14242498777031777194,permaticker:632836,IKT,2023-12-31,revenue_collapse_yoy,2024-03-27,10-K,,https://www.sec.gov/Archives/edgar/data/1750149/000095017024037160/ikt-20231231.htm,"Inhibikase reported that grant revenue increased 111% to $260,501 in 2023 from $123,440 in 2022, contradicting the detector's near-100% revenue-collapse implication.",rejected,fundamental_metric_control,pre_revenue_biotech_revenue_field_mismatch,0,0,0,0,0,0,0,rejected,rejected_revenue_metric_control,The filing's relevant revenue measure increased; a near-zero or differently mapped Sharadar field is not promoted into an event.
CAND-5882840708136768599,permaticker:116325,AUTL,2025-03-31,gross_margin_collapse,2025-05-08,10-Q,,https://www.sec.gov/Archives/edgar/data/1730463/000173046325000039/autl-20250331.htm,Autolus held $95.8 million of cash and $420.8 million of marketable securities and concluded that these resources were sufficient for at least twelve months. The filing did not substantiate the detector's extreme gross-margin event as a hard fundamental shock.,rejected,fundamental_metric_control,biotech_gross_margin_denominator_artifact_with_strong_liquidity,0,0,0,0,0,0,0,rejected,rejected_margin_metric_control,Pre-commercial and launch-stage revenue denominators can create extreme margin deltas; retain only the point-in-time liquidity facts.
CAND-3721901051212058422,permaticker:166612,TTE,2026-03-31,revenue_collapse_yoy,2026-04-29,6-K exhibit,,https://www.sec.gov/Archives/edgar/data/879764/000110465926050851/tm2612842d1_ex99-1.htm,"TotalEnergies reported first-quarter 2026 revenue from sales of $49.516 billion, up 3% from $47.899 billion a year earlier, and net income attributable to TotalEnergies of $5.810 billion.",rejected,fundamental_metric_control,international_issuer_revenue_field_mapping_error,0,0,0,0,0,0,0,rejected,rejected_revenue_metric_control,"The official quarterly disclosure shows positive year-over-year revenue growth, so the near-100% Sharadar revenue-collapse observation is a field-mapping error rather than an event."
CAND-3579766449275799155,permaticker:192270,VSTM,2021-09-30,revenue_collapse_yoy,2021-11-04,10-Q,,https://www.sec.gov/Archives/edgar/data/1526119/000155837021014621/vstm-20210930x10q.htm,"Verastem reported quarterly revenue of $2 thousand versus $78.647 million a year earlier; the comparison quarter included $70.0 million from the sale of the COPIKTRA license and related assets, and product sales ended after the September 2020 transaction.",verified,fundamental_boundary,revenue_comparison_normalization_after_copiktra_license_sale,1,0,2,3,1,-2,5,B,verified_asset_sale_comparison_boundary,"The numerical collapse is real, but most of the prior-year revenue was a one-time asset and license sale rather than recurring operating revenue."
CAND-10667553349929924088,permaticker:193199,FIEE,2025-03-31,revenue_collapse_yoy,2025-05-15,10-Q,,https://www.sec.gov/Archives/edgar/data/1467761/000182912625003706/fieeinc_10q.htm,"FIEE reported first-quarter net sales of $125 versus $639,893 a year earlier. Legacy cable-modem and networking-product sales fell to zero while initial SaaS revenue was $125, which management attributed to the strategic exit from legacy hardware and a pivot to AI and big-data SaaS services.",verified,fundamental_shock,legacy_hardware_revenue_exit_during_saas_pivot,2,1,2,3,1,-1,8,A,verified_business_model_transition_revenue_shock,"This is a genuine near-total loss of the legacy revenue base during a business-model transition, not a missing-data artifact; the new SaaS stream was still immaterial at the reporting date."
CAND-1273315098914301117,permaticker:121896,AYTU,2023-06-30,gross_margin_collapse,2023-09-27,8-K exhibit,,https://www.sec.gov/Archives/edgar/data/1385818/000155837023016076/aytu-20230927xex99d1.htm,"Aytu reported fourth-quarter fiscal 2023 gross profit of $18.6 million, or 60% of net revenue, compared with $14.8 million, or 54%, a year earlier.",rejected,fundamental_metric_control,gross_margin_increased_not_collapsed,0,0,0,0,0,0,0,rejected,rejected_margin_metric_control,The official period-end earnings release directly contradicts the detector: both gross profit and gross margin increased year over year.
CAND-17585693227202619190,permaticker:194743,CCO,2022-12-31,gross_margin_collapse,2023-02-28,10-K,,https://www.sec.gov/Archives/edgar/data/1334978/000133497823000006/cco-20221231.htm,"Clear Channel Outdoor reports revenue, direct operating expenses and segment Adjusted EBITDA rather than a conventional product gross margin. In 2022, Airports revenue rose to $256.4 million from $160.3 million and segment Adjusted EBITDA rose to $60.9 million from $36.9 million.",rejected,fundamental_metric_control,out_of_home_advertising_margin_field_mismatch,0,0,0,0,0,0,0,rejected,rejected_sector_accounting_control,A generic gross-margin field is not comparable for this lease-heavy advertising model; the issuer's reported segment economics do not substantiate the detector's extreme collapse.
CAND-15592797704052364497,permaticker:124146,AKTSQ,2020-09-30,gross_margin_collapse,2020-10-30,10-Q,,https://www.sec.gov/Archives/edgar/data/1584754/000121390020034252/f10q0920_akoustistech.htm,"Akoustis reported quarterly revenue of $636 thousand and cost of revenue of $1.649 million, producing negative gross profit of $1.013 million versus positive gross profit of $207 thousand a year earlier. The cost increase accompanied early RF-product manufacturing and included direct labor, materials, net-realizable-value adjustments and facility costs.",verified,fundamental_boundary,negative_gross_margin_during_low_scale_manufacturing_ramp,1,0,2,3,1,-2,5,B,verified_low_denominator_manufacturing_boundary,"The reported margin collapse is real, but it occurred on a sub-$1 million revenue base during manufacturing scale-up and is retained as a boundary rather than promoted to insolvency severity."
CAND-1645956195071164709,permaticker:113652,ACB,2020-06-30,gross_margin_collapse,2020-09-25,40-F exhibit MD&A,,https://www.sec.gov/Archives/edgar/data/1683541/000162828020013898/mda20200630.htm,"Aurora Cannabis reported Q4 gross margin before fair-value adjustments of negative 96% after a $91.0 million inventory impairment, while adjusted gross margin excluding inventory impairment and depreciation improved to 50% from 43% in Q3. Total inventory impairment for the period was $135.1 million.",verified,accounting_impairment,reported_gross_margin_collapse_driven_by_inventory_impairment,1,0,2,3,1,-1,6,B,verified_inventory_impairment_margin_boundary,"The reported collapse captures a large inventory write-down and market-demand reset, but adjusted operating gross margin improved; models must separate impairment severity from recurring unit economics."
CAND-8386762661186366417,permaticker:110606,KRUS,2020-05-31,gross_margin_collapse,2020-07-14,10-Q,,https://www.sec.gov/Archives/edgar/data/1772177/000156459020032354/krus-10q_20200531.htm,"Kura Sushi reported quarterly sales of $2.812 million versus $16.955 million, restaurant operating costs of $7.916 million and an operating loss of $8.028 million after all 25 restaurants were temporarily closed on March 18, 2020 because of COVID-19; only seven had reopened at reduced capacity by May 31.",verified,operational_shock,covid_restaurant_closures_and_negative_restaurant_margin,2,2,2,3,1,-1,9,A,verified_external_shutdown_operating_shock,"This is a genuine and severe operating-margin shock caused by mandated pandemic closures, but the filing does not establish a hard insolvency event."
CAND-8606364817495709327,permaticker:197677,CTLP,2026-05-07,delisted,2026-05-08,8-K,2.01;3.01;3.03;5.01,https://www.sec.gov/Archives/edgar/data/896429/000114036126020064/ef20072798_8k.htm,Cantaloupe completed a cash merger in which each eligible common share was converted into the right to receive $11.20 before Nasdaq delisting.,rejected,corporate_action_merger,cash_merger_consideration_delisting,0,0,0,0,0,0,0,rejected,rejected_false_positive_control,"The exchange exit is paid-merger mechanics, not an adverse delisting or common-equity death event."
CAND-3217543954967681934,permaticker:639916,PKST,2026-05-05,delisted,2026-05-06,8-K,2.01;3.01;3.03;5.01,https://www.sec.gov/Archives/edgar/data/1600626/000114036126019333/ef20070245_8k.htm,Peakstone Realty Trust completed a cash merger in which each eligible common share was converted into the right to receive $21.00 before NYSE delisting.,rejected,corporate_action_merger,cash_merger_consideration_delisting,0,0,0,0,0,0,0,rejected,rejected_false_positive_control,Explicit per-share cash consideration makes the delisting a corporate-action control rather than a severe negative event.
CAND-11173498025274363610,permaticker:111117,GOEVQ,2025-01-28,bankruptcy_liquidation,2025-01-21,8-K,1.03;5.02,https://www.sec.gov/Archives/edgar/data/1750153/000162828025001918/goev-20250117.htm,Canoo and its filing subsidiaries commenced Chapter 7 liquidation; a court-appointed trustee would assume control over the debtors' assets and liabilities and eliminate management's authority.,verified,distress_equity_death,chapter_7_liquidation,3,3,2,3,0,-1,10,A++,positive_liquidation_boundary,"Chapter 7 liquidation is a severe terminal-company event, but the filing does not explicitly establish old-common cancellation or zero recovery; keep below S until that equity outcome is proven."
CAND-1180475331592974382,permaticker:195875,BPTH,2025-02-18,bankruptcy_liquidation,2025-02-18,8-K,3.01,https://www.sec.gov/Archives/edgar/data/1133818/000155837025001051/bpth-20250214x8k.htm,Bio-Path was delisted after failing Nasdaq's $2.5 million stockholders' equity requirement; trading was scheduled to move to the OTC market and the company did not appeal.,rejected,listing_compliance,stockholders_equity_deficiency_delisting_not_bankruptcy,0,0,0,0,0,0,0,rejected,rejected_source_mismatch_control,The filing proves a serious listing-capital deficiency but not bankruptcy or liquidation; reject the detected family and preserve the mismatch as a control.
CAND-17741712224101955282,permaticker:124406,GWAV,2025-08-25,reverse_split,2025-08-25,8-K exhibit,5.03;8.01;9.01,https://www.sec.gov/Archives/edgar/data/1589149/000149315225012288/ex99-1.htm,Greenwave implemented a one-for-110 reverse stock split to increase its per-share price and regain compliance with Nasdaq's minimum bid requirement.,verified,listing_compliance,reverse_split_for_minimum_bid_compliance,1,1,0,3,0,-2,3,B,verified_reverse_split_listing_boundary,"The split and listing pressure are real, but a reverse split does not by itself prove dilution, insolvency or equity death."
CAND-16160438980135517773,permaticker:198066,CTRA,2026-05-06,delisted,2026-05-07,8-K,2.01;3.01;3.03;5.01,https://www.sec.gov/Archives/edgar/data/858470/000110465926057278/tm2613882d1_8k.htm,Coterra completed an all-stock merger in which each eligible common share was converted into 0.70 Devon common shares before NYSE delisting.,rejected,corporate_action_merger,stock_merger_consideration_delisting,0,0,0,0,0,0,0,rejected,rejected_false_positive_control,Holders received listed acquirer shares; the exchange exit is merger mechanics rather than an adverse delisting event.
CAND-18218791759148278968,permaticker:119327,CUK,2026-05-06,delisted,2026-05-07,8-K,2.01;3.01;3.03;5.01,https://www.sec.gov/Archives/edgar/data/815097/000110465926057200/tm2613680d1_8k.htm,Carnival unified its dual-listed structure; each eligible Carnival plc share and each CUK ADS was exchanged one-for-one for Carnival Corporation Ltd. common shares before CUK delisting.,rejected,corporate_action_reorganization,one_for_one_share_exchange_and_listing_unification,0,0,0,0,0,0,0,rejected,rejected_false_positive_control,"The delisting reflects a one-for-one listed-share exchange and corporate simplification, not destruction of holder value."
CAND-14516344498566617332,permaticker:636380,CERO,2025-10-30,volume_crash,2025-10-30,8-K exhibit,3.01;8.01;9.01,https://www.sec.gov/Archives/edgar/data/1870404/000121390025103661/ea026303602ex99-1_cerothera.htm,CERo disclosed that Nasdaq would suspend trading after denying continued listing for a stockholders' equity deficiency; part of a planned financing became conditional on continued listing and the company was reviewing cash resources and alternatives.,verified,listing_compliance,equity_deficiency_delisting_with_conditional_financing,2,2,1,3,1,-1,8,A,linked_consequence_dedup_excluded,"The price-volume break has a contemporaneous official cause, but the hard label belongs to the listing and financing event; exclude the price proxy from independent-event training."
CAND-13152350129883966361,permaticker:632418,HYZN,2025-01-30,bankruptcy_liquidation,2024-12-30,Proxy statement,Plan of Dissolution,https://www.sec.gov/Archives/edgar/data/1716583/000121390024113488/ea0225417-02.htm,Hyzon's board adopted a plan for complete liquidation and dissolution and sought approval to assign substantially all assets for the benefit of creditors after its strategic-alternatives review.,verified,distress_equity_death,board_adopted_complete_liquidation_and_dissolution_plan,3,3,2,3,0,-1,10,A++,positive_dissolution_boundary,"The board-adopted terminal plan and creditor assignment support A++, but stockholder approval was still pending and any common-holder distribution remained unknown, so S is not established."
CAND-6698082562129717537,permaticker:108641,SOBR,2024-10-02,reverse_split,2024-10-07,8-K,1.01;3.02;8.01;9.01,https://www.sec.gov/Archives/edgar/data/1425627/000147793224006392/sobr_8k.htm,"After a one-for-110 reverse split reduced SOBR to 316,042 outstanding shares, the company entered an $8.2 million private placement for 2,024,691 units with Series A warrants and reset-linked Series B warrants permitting millions of additional shares.",verified,dilution_recapitalization,reverse_split_followed_by_extreme_unit_and_reset_warrant_financing,2,1,3,3,0,-1,8,A,linked_consequence_dedup_excluded,"The severe assessment belongs to the financing chain disclosed five days later, not to the reverse split alone; exclude the split proxy from hard-label training and do not elevate financing size alone to A++."
CAND-12752901491663386348,permaticker:639881,CHSN,2026-05-07,reverse_split,2026-05-06,6-K exhibit,,https://www.sec.gov/Archives/edgar/data/1825349/000121390026052839/ea028942701ex99-1.htm,"Immediately before Chanson's one-for-100 split, issued and outstanding Class A shares had reached 363,907,905, including 132,070,000 issued shares reserved for its at-the-market program, compared with 38,907,905 outstanding at the start of 2026.",verified,dilution_recapitalization,realized_share_expansion_and_atm_inventory_before_reverse_split,2,1,3,3,0,-1,8,A,linked_consequence_dedup_excluded,"The material fact is realized share expansion and ATM-linked inventory, not the mechanical consolidation; keep the reverse-split proxy out of independent hard-label training."
CAND-7183575610599320592,permaticker:632789,WNW,2026-04-06,reverse_split,2026-04-17,20-F,Registered Direct Offering; Share Consolidation,https://www.sec.gov/Archives/edgar/data/1787803/000149315226017159/form20-f.htm,"Before Meiwu's second reverse split in roughly one year became trading-effective, it closed a registered direct offering of 6,999,996 pre-split shares and equal warrants; the variable zero-price exercise formula could increase warrant shares to 83,999,952 pre-split shares.",verified,dilution_recapitalization,repeat_reverse_split_with_variable_zero_price_warrant_financing,2,1,3,3,0,-1,8,A,linked_consequence_dedup_excluded,"The A boundary requires the preceding realized financing, variable warrant formula and repeated remediation; the one-for-100 split alone would remain B and is excluded as an independent hard label."
CAND-1741348521112220862,permaticker:642599,LBGJ,2026-03-27,reverse_split,2026-03-31,6-K exhibit,,https://www.sec.gov/Archives/edgar/data/1896425/000149315226013839/ex99-1.htm,Li Bang implemented a one-for-100 reverse split primarily to regain Nasdaq minimum-bid compliance; the contemporaneous evidence does not establish a priced or realized financing transaction.,verified,listing_compliance,reverse_split_for_minimum_bid_compliance,1,1,0,3,0,-2,3,B,verified_reverse_split_listing_boundary,"A generic shelf prospectus is not proof of financing; without a priced or completed issuance, this remains a listing-compliance split rather than an A-grade dilution chain."
CAND-9656858815831172771,permaticker:194095,ZNB,2026-03-12,reverse_split,2026-03-13,424B5,Recent Developments; Capitalization; Dilution,https://www.sec.gov/Archives/edgar/data/1747661/000121390026027197/ea0279275-424b5_zeta.htm,"Zeta's March 2026 one-for-100 split followed a November 2024 one-for-100 split and an August 2025 one-for-25 split, while repeated convertible-note, pre-funded-warrant, share and unit issuances produced a large continuing warrant and conversion overhang.",verified,dilution_recapitalization,third_reverse_split_with_repeated_convertible_and_warrant_recapitalization,2,1,3,3,0,-1,8,A,linked_consequence_dedup_excluded,"The A assessment requires the repeated failed price remediation and documented conversion/warrant chain; the split alone is not a hard label, and financing magnitude does not establish A++ or S without a terminal old-common outcome."
CAND-2496867821807223555,permaticker:642277,WOK,2025-12-29,reverse_split,2025-12-30,6-K,Consolidation of Ordinary Shares,https://www.sec.gov/Archives/edgar/data/1929783/000121390025126623/ea0271304-6k_workmed.htm,WORK Medical implemented a second one-for-100 consolidation only 69 days after its first; shares had expanded from approximately 1.036 million immediately after the October consolidation to approximately 122.0 million immediately before the December consolidation.,verified,dilution_recapitalization,rapid_share_reexpansion_between_two_one_for_100_reverse_splits,2,1,3,3,0,-1,8,A,linked_consequence_dedup_excluded,"The A boundary is the documented 118-fold share re-expansion and repeated failed remediation, not either mechanical split by itself; keep the reverse-split proxy out of independent hard-label training."
CAND-16939013647801079702,permaticker:199735,FARM,2026-05-04,delisted,2026-05-05,8-K,2.01;3.01;3.03;5.01;5.02;5.03;9.01,https://www.sec.gov/Archives/edgar/data/34563/000110465926055386/tm2612899d9_8k.htm,Farmer Brothers' common shares were acquired for approximately $28.3 million in a completed cash merger before Nasdaq delisting.,rejected,corporate_action_merger,cash_merger_consideration_delisting,0,0,0,3,0,-3,0,rejected,rejected_false_positive_control,"The exchange exit is paid merger mechanics, not an adverse delisting or common-equity death event."
CAND-9662979073733440141,permaticker:633300,TERN,2026-05-04,delisted,2026-05-05,8-K,2.01;3.01;3.03;5.01;5.02;5.03;9.01,https://www.sec.gov/Archives/edgar/data/1831363/000119312526205305/d70112d8k.htm,Terns Pharmaceuticals' eligible common shares were converted into the right to receive the tender-offer price in Merck's completed acquisition before Nasdaq delisting.,rejected,corporate_action_merger,cash_tender_merger_consideration_delisting,0,0,0,3,0,-3,0,rejected,rejected_false_positive_control,Explicit merger consideration makes this a transaction-control example rather than a negative delisting label.
CAND-12024570157043235665,permaticker:631098,DNMRQ,2024-12-30,bankruptcy_liquidation,2024-12-31,8-K,3.01;7.01;9.01,https://www.sec.gov/Archives/edgar/data/1779020/000095017024141335/dnmr-20241230.htm,"Danimer Scientific's NYSE trading suspension followed a failure to maintain at least $15 million of average market capitalization, not a bankruptcy or liquidation filing.",rejected,listing_compliance,market_capitalization_delisting_not_bankruptcy,0,0,0,3,0,-3,0,rejected,rejected_source_mismatch_control,A later debt acceleration does not retroactively turn the December listing event into bankruptcy; reject the detected family.
CAND-6812900504799251457,permaticker:110140,FREHY,2024-12-23,bankruptcy_liquidation,2024-12-23,6-K,,https://www.sec.gov/Archives/edgar/data/1786511/000121390024111881/ea0225827-6k_fresh2.htm,Fresh2's Nasdaq suspension followed failure to regain compliance with periodic filing requirements; the company expected Pink Market trading and intended to complete the delayed reports.,rejected,listing_compliance,periodic_report_delinquency_delisting_not_bankruptcy,0,0,0,3,0,-3,0,rejected,rejected_source_mismatch_control,"The primary filing proves a reporting-delinquency delisting, not bankruptcy or liquidation."
CAND-15032451975719422897,permaticker:634030,AILEQ,2024-12-31,bankruptcy_liquidation,2024-12-23,8-K,1.03;2.04;7.01;9.01,https://www.sec.gov/Archives/edgar/data/1835972/000121390024111529/ea0225698-8k_ilearning.htm,iLearningEngines and an affiliated holding company filed voluntary Chapter 11 petitions and continued operating as debtors in possession.,verified,bankruptcy_reorganization,voluntary_chapter_11_petition,3,3,2,3,0,-1,10,A++,positive_chapter_11_boundary,"The petition establishes severe insolvency proceedings, but no confirmed plan or court order in the reviewed evidence proves cancellation or zero recovery for old common; keep below S."
CAND-8723154089666963806,permaticker:195511,MTEM,2024-12-24,bankruptcy_liquidation,2025-01-02,8-K,5.02;8.01,https://www.sec.gov/Archives/edgar/data/1183765/000119312525000647/d853375d8k.htm,"Molecular Templates' board approved a full wind-down, appointed a distressed-business specialist as sole director and officer, and stated that it did not expect security holders to receive value.",verified,distress_equity_death,board_approved_wind_down_with_no_expected_holder_value,3,3,2,3,0,-1,10,A++,positive_wind_down_boundary,"The terminal wind-down and explicit no-value expectation support A++, but an expectation is not a confirmed cancellation order or final zero-recovery outcome, so S is not established."
CAND-8588447783188575607,permaticker:197193,SGMO,2026-05-04,delisted,2026-04-29,8-K,3.01,https://www.sec.gov/Archives/edgar/data/1001233/000162828026028128/sgmo-20260428.htm,Sangamo received a Nasdaq delisting determination after failing to regain minimum-bid compliance and becoming ineligible for another cure period; its common stock transitioned to OTCQB while it pursued an appeal.,verified,listing_compliance,forced_nasdaq_delisting_after_bid_price_failure,2,1,1,3,0,-1,6,A,positive_forced_delisting_after_import_review,"This is a genuine forced exchange exit with OTC continuity, not a merger control and not common-equity death."
CAND-10601275359455312670,permaticker:642603,FGL,2026-02-10,reverse_split,2026-04-28,20-F,Share Combination; Private Placements,https://www.sec.gov/Archives/edgar/data/1989930/000121390026048554/ea0287754-20f_founder.htm,"Founder Group's one-for-100 split followed 196,068 post-split-equivalent shares acquired through completed prepaid purchases and a $16.07 million secured convertible note resetting at 82.5% of the lowest ten-day VWAP, against 854,310 Class A shares outstanding at the report date.",verified,dilution_recapitalization,reverse_split_with_realized_prepaid_issuance_and_variable_price_convertible_note,2,1,3,3,0,-1,8,A,linked_consequence_dedup_excluded,The A assessment requires the realized prepaid share issuance and variable-price secured note; the compliance split alone remains a B-type mechanical event and is excluded from independent hard-label training.
CAND-15102019692262909995,permaticker:110434,PAVS,2025-12-18,reverse_split,2026-03-23,6-K,Termination of a Material Definitive Agreement,https://www.sec.gov/Archives/edgar/data/1751876/000192998026000094/pavs_6k.htm,"After Paranovus' one-for-100 reverse split, the company disclosed that it had sold 5,880,052 Class A shares on a post-split-adjusted basis through the ATM agreement before terminating it.",verified,dilution_recapitalization,reverse_split_followed_by_large_realized_atm_share_issuance,2,1,3,3,0,-1,8,A,linked_consequence_dedup_excluded,"The hard signal is the realized post-split-adjusted ATM issuance, not the proportional consolidation; exclude the split proxy as an independent training event."
CAND-12481745168331563342,permaticker:633094,UHG,2026-05-04,delisted,2026-05-04,8-K,2.01;3.01;3.03;5.01;5.02;5.03;9.01,https://www.sec.gov/Archives/edgar/data/1830188/000110465926054519/tm2613353d1_8k.htm,United Homes Group's completed merger converted each eligible common share into the right to receive $1.18 cash before Nasdaq delisting.,rejected,corporate_action_merger,cash_merger_consideration_delisting,0,0,0,3,0,-3,0,rejected,rejected_false_positive_control,Explicit per-share cash consideration makes the exchange exit merger mechanics rather than an adverse delisting.
CAND-12812265839429506006,permaticker:114227,CWEN.A,2026-05-01,delisted,2026-04-29,8-K exhibit,Stockholder-approved Class A Conversion,https://www.sec.gov/Archives/edgar/data/1567683/000110465926053557/tm2613249d1_ex99-1.htm,Clearway Energy simplified its public share structure by automatically converting each Class A share one-for-one into a Class C share that began NYSE trading as the Class A line was suspended.,rejected,corporate_action_reorganization,one_for_one_share_class_conversion_and_listing_simplification,0,0,0,3,0,-3,0,rejected,rejected_false_positive_control,Holders retained equivalent listed common shares and relative public voting power; the ticker-line removal is not a loss event.
CAND-5603969641183205471,permaticker:116467,TCDAQ,2022-10-24,volume_crash,2022-10-24,8-K exhibit,VALOR-CKD topline results,https://www.sec.gov/Archives/edgar/data/1595585/000159558522000077/valor-ckdtrialpressrelease.htm,"Tricida disclosed that its pivotal VALOR-CKD Phase 3 trial failed its primary endpoint, with a hazard ratio of 0.99 and p-value of 0.898, contemporaneous with the detected price-volume break.",verified,clinical_regulatory,pivotal_phase_3_primary_endpoint_failure,2,2,1,3,1,-1,8,A,linked_consequence_dedup_excluded,The official trial failure is the causal event; the price-volume row is only a discovery proxy and must not become an independent hard label.
CAND-16133140041172756728,permaticker:637535,AREB,2026-04-07,one_day_crash,2026-04-09,8-K,3.02;7.01,https://www.sec.gov/Archives/edgar/data/1648087/000149315226015851/form8-k.htm,"American Rebel issued 3,218,299 round-lot top-up shares after its one-for-100 reverse split had left roughly 247,279 publicly held shares, producing an immediate multi-fold share-count expansion around the detected price break.",verified,dilution_recapitalization,extreme_round_lot_share_issuance_after_repeat_reverse_splits,2,1,3,3,1,-1,9,A,linked_consequence_dedup_excluded,The material event is the disclosed top-up issuance in a repeated-split and listing-compliance chain; exclude the one-day price crash as an independent training event.
CAND-16873047730255943290,permaticker:639044,LNKB,2026-05-01,delisted,2026-05-01,8-K,2.01;3.01;3.03;5.01;5.02;9.01,https://www.sec.gov/Archives/edgar/data/1756701/000094337426000182/form8k.htm,"LINKBANCORP's completed bank merger converted each eligible common share into 0.1350 Burke & Herbert common shares, with cash paid only for fractional shares, before Nasdaq delisting.",rejected,corporate_action_merger,stock_merger_consideration_delisting,0,0,0,3,0,-3,0,rejected,rejected_false_positive_control,"Holders received listed acquirer shares; the exchange exit is merger mechanics, not an adverse delisting."
CAND-4125566057548987497,permaticker:631203,BSFC,2024-12-19,bankruptcy_liquidation,2024-12-19,8-K,3.01,https://www.sec.gov/Archives/edgar/data/1730773/000149315224050752/form8-k.htm,"Blue Star Foods received a Nasdaq panel delisting decision for violating the minimum-bid-price requirement, not for filing bankruptcy or entering liquidation.",rejected,listing_compliance,minimum_bid_delisting_not_bankruptcy,0,0,0,3,0,-3,0,rejected,rejected_source_mismatch_control,The filing proves a listing event only; reject the bankruptcy/liquidation detector family.
CAND-6607712102565521286,permaticker:166085,CYTOF,2024-12-19,bankruptcy_liquidation,2024-12-20,6-K exhibit,,https://www.sec.gov/Archives/edgar/data/1601936/000121390024110771/ea022551401ex99-1_altamira.htm,Altamira Therapeutics transitioned from Nasdaq to OTCQB after minimum-bid-price pressure and stated that OTCQB continuity removed the need for a reverse split.,rejected,listing_compliance,minimum_bid_nasdaq_exit_with_otcqb_continuity_not_bankruptcy,0,0,0,3,0,-3,0,rejected,rejected_source_mismatch_control,The source contains no insolvency proceeding; preserve it as a bankruptcy-detector mismatch control.
CAND-12353315838890815612,permaticker:196486,GDEN,2026-04-29,delisted,2026-04-30,8-K12B,2.01;3.01;3.03;5.01;5.02;9.01,https://www.sec.gov/Archives/edgar/data/1071255/000110465926052390/tm2613183d1_8k.htm,Golden Entertainment's transaction paid a $2.75-per-share distribution and converted each remaining share into 0.902 buyer shares before the company requested Nasdaq delisting.,rejected,corporate_action_reorganization,cash_distribution_and_stock_merger_consideration_delisting,0,0,0,3,0,-3,0,rejected,rejected_false_positive_control,Explicit cash and stock consideration make the delisting a transaction-control example rather than an adverse exit.
CAND-2930293186841815769,permaticker:634714,WTO,2025-11-21,reverse_split,2025-10-17,424B5,Offering; Dilution; Recent Developments,https://www.sec.gov/Archives/edgar/data/1789299/000149315225018387/form424b5.htm,"Before UTime's one-for-100 reverse split, it completed an August private placement of 80 million shares for $25 million and priced 22,727,275 additional units with warrants permitting up to 318,181,850 zero-exercise-price shares.",verified,dilution_recapitalization,reverse_split_after_realized_share_issuance_and_zero_price_warrant_offering,2,1,3,3,0,-1,8,A,linked_consequence_dedup_excluded,The A boundary comes from the completed 80 million-share financing and priced zero-price-warrant structure; the later split is only a chain consequence and does not independently create A++ or S.
CAND-15151790361637049715,permaticker:123166,YDKG,2025-11-14,reverse_split,2025-10-16,424B5,Offering; Warrants; Recent Developments,https://www.sec.gov/Archives/edgar/data/1413745/000121390025099410/ea0261460-424b5_yueda.htm,"Ahead of Yueda Digital's one-for-100 consolidation, an 80,826,225-share-and-warrant offering had closed for approximately $180 million and a new 28 million-unit offering carried zero-price warrants for a fixed 364 million shares.",verified,dilution_recapitalization,reverse_split_after_closed_large_share_warrant_offering_and_zero_price_warrant_takedown,2,1,3,3,0,-1,8,A,linked_consequence_dedup_excluded,The hard signal is the closed share issuance plus the priced zero-exercise-price warrant chain; exclude the mechanical consolidation as an independent hard label.
CAND-4535456552069648118,permaticker:638083,MHUAF,2025-11-24,reverse_split,2025-11-18,6-K,Share Consolidation Proposal,https://www.sec.gov/Archives/edgar/data/1835615/000121390025112090/ea0265602-6k_meihua.htm,"Meihua International approved a proportional one-for-100 consolidation with fractional shares rounded up, followed by a large authorized-capital increase; the reviewed contemporaneous evidence does not establish a priced or realized financing.",verified,listing_compliance,proportional_reverse_split_with_authorized_capital_increase,1,1,0,3,0,-2,3,B,verified_reverse_split_listing_boundary,Authorized capacity and a later failed listing cure do not prove realized dilution at the split event time; keep this as a B boundary.
CAND-2522661562490284909,permaticker:199029,STKL,2026-05-01,delisted,2026-05-04,8-K,2.01;3.01;3.03;5.01;5.02;9.01,https://www.sec.gov/Archives/edgar/data/351834/000119312526202554/d365148d8k.htm,SunOpta's court-approved arrangement transferred every common share to the purchaser for $6.50 cash before Nasdaq and TSX delisting.,rejected,corporate_action_merger,cash_arrangement_consideration_delisting,0,0,0,3,0,-3,0,rejected,rejected_false_positive_control,The exchange exits followed paid acquisition consideration and are not adverse delisting events.
CAND-8109125454942535580,permaticker:640131,ESHA,2026-05-01,delisted,2026-04-23,8-K,8.01;9.01,https://www.sec.gov/Archives/edgar/data/1918661/000121390026047075/ea0287497-8k_eshacq.htm,ESH Acquisition elected not to complete a business combination and redeemed every public share for its pro rata portion of the trust account before Nasdaq delisting.,rejected,spac_lifecycle,spac_trust_redemption_and_dissolution_delisting,0,0,0,3,0,-3,0,rejected,rejected_false_positive_control,"Public holders receive their pro rata trust redemption; this is an ordinary SPAC lifecycle control, not a negative common-equity death label."
CAND-15164165033622400075,permaticker:642277,WOK,2025-10-21,reverse_split,2025-10-21,6-K,Share Consolidation,https://www.sec.gov/Archives/edgar/data/1929783/000121390025100814/ea0261161-6k_work.htm,WORK Medical's first one-for-100 consolidation was implemented to address Nasdaq minimum-bid and low-priced-stock requirements; the contemporaneous filing itself describes a proportional listing-remediation action.,verified,listing_compliance,first_reverse_split_for_minimum_bid_compliance_in_later_recapitalization_chain,1,1,0,3,0,-2,3,B,linked_consequence_dedup_excluded,"The first split is a B-grade compliance action at event time; the later 118-fold re-expansion and second split carry the chain's A assessment, so this earlier member is excluded from independent hard-label training."
CAND-13578938050857350000,permaticker:638933,LUXH,2025-01-16,bankruptcy_liquidation,2025-01-15,8-K,3.01,https://www.sec.gov/Archives/edgar/data/1893311/000182912625000203/luxurban_8k.htm,"LuxUrban Hotels' Nasdaq panel delisting followed noncompliance with periodic filing, minimum-bid and other continued-listing rules, not a bankruptcy or liquidation filing.",rejected,listing_compliance,multiple_listing_rule_failures_delisting_not_bankruptcy,0,0,0,3,0,-3,0,rejected,rejected_source_mismatch_control,The primary filing supports a listing-compliance event only; reject the bankruptcy/liquidation detector family.
CAND-15734419192441654216,permaticker:110391,LFLY,2025-01-16,bankruptcy_liquidation,2025-01-16,8-K,3.01,https://www.sec.gov/Archives/edgar/data/1785592/000095017025006032/lfly-20250115.htm,Leafly's Nasdaq panel delisting followed failure to satisfy continued-listing financial and bid-price requirements; the reviewed filing does not disclose an insolvency petition.,rejected,listing_compliance,financial_standard_and_bid_price_delisting_not_bankruptcy,0,0,0,3,0,-3,0,rejected,rejected_source_mismatch_control,A serious exchange exit is not automatically bankruptcy; preserve the detector mismatch as a negative control.
CAND-13551022302871011283,permaticker:636980,PRLH,2024-12-20,bankruptcy_liquidation,2024-12-23,8-K,3.01,https://www.sec.gov/Archives/edgar/data/1856161/000182912624008505/pearlholdings_8k.htm,Pearl Holdings Acquisition was suspended and made subject to Nasdaq delisting because the SPAC had not completed a business combination within 36 months of its IPO effectiveness.,rejected,spac_lifecycle,spac_business_combination_deadline_delisting_not_bankruptcy,0,0,0,3,0,-3,0,rejected,rejected_source_mismatch_control,"The event is a SPAC exchange-rule deadline failure with possible OTC continuity, not bankruptcy or liquidation."
CAND-299902732670590248,permaticker:636986,CFFS,2024-12-20,bankruptcy_liquidation,2024-12-20,8-K,3.01,https://www.sec.gov/Archives/edgar/data/1839519/000121390024111274/ea0225463-8k_cfacq7.htm,CF Acquisition Corp. VII became subject to Nasdaq delisting after failing to complete its initial business combination within the required 36-month SPAC period.,rejected,spac_lifecycle,spac_business_combination_deadline_delisting_not_bankruptcy,0,0,0,3,0,-3,0,rejected,rejected_source_mismatch_control,The filing proves a SPAC deadline/listing event rather than an insolvency proceeding.
CAND-15127297926621096243,permaticker:631830,LEVGQ,2024-12-17,bankruptcy_liquidation,2024-12-18,6-K exhibit,,https://www.sec.gov/Archives/edgar/data/1834974/000162828024051807/exhibit991-prxdecember1820.htm,"Lion Electric applied for creditor protection under Canada's CCAA, intended to seek U.S. Chapter 15 recognition, requested a creditor stay and DIP financing, and launched a formal sale and investment solicitation process after senior-debt defaults.",verified,bankruptcy_reorganization,CCAA_creditor_protection_with_planned_chapter_15_recognition,3,3,2,3,0,-1,10,A++,positive_cross_border_restructuring_boundary,"The filed creditor-protection proceeding and DIP/SISP process establish A++, but no reviewed plan or court order establishes cancellation or zero recovery for old common equity, so S is not proven."
CAND-8008055492342030882,permaticker:124146,AKTSQ,2024-12-17,bankruptcy_liquidation,2024-12-16,8-K,1.01;1.03;2.04;7.01;8.01;9.01,https://www.sec.gov/Archives/edgar/data/1584754/000121390024109364/ea0224859-8k_akoustis.htm,"Akoustis and subsidiaries filed voluntary Chapter 11 cases, began a court-supervised Section 363 asset sale and stated that they did not expect common or other equity holders to receive a payment or distribution.",verified,bankruptcy_reorganization,chapter_11_asset_sale_with_expected_no_equity_recovery,3,3,2,3,0,-1,10,A++,positive_chapter_11_expected_zero_recovery_boundary,"The filed case, asset sale and explicit expected-zero-recovery statement establish A++, but expectation is not a confirmed plan or effective cancellation order and therefore does not prove S."
CAND-13148926493995431717,permaticker:191114,TCSGQ,2024-12-09,bankruptcy_liquidation,2024-12-10,8-K,3.01,https://www.sec.gov/Archives/edgar/data/1411688/000110465924127224/tm2430348d2_8k.htm,The Container Store's December 9 NYSE suspension followed failure to maintain the required $15 million 30-day average global market capitalization; the company did not file Chapter 11 until December 22.,rejected,listing_compliance,market_capitalization_delisting_before_later_bankruptcy,0,0,0,3,0,-3,0,rejected,rejected_temporal_source_mismatch_control,Reject the December 9 bankruptcy label: the contemporaneous event was a market-cap listing failure. The later filing and terminal cancellation are separate events and must not be backfilled onto this earlier date.
MANUAL-SEC-TCSGQ-20250128-OLD-COMMON-CANCELLED,cik:0001411688,TCSGQ,2025-01-28,confirmed_plan_old_common_cancelled_without_consideration,2025-01-29,8-K,1.03;3.02;3.03;5.01,https://www.sec.gov/Archives/edgar/data/1411688/000110465925007267/tm254690d1_8k.htm,"The Container Store's confirmed Chapter 11 plan became effective on January 28, 2025 and all previously issued equity interests were cancelled, released and extinguished without consideration or distributions.",verified,distress_equity_death,confirmed_plan_effective_old_common_cancelled_without_consideration,3,3,3,3,0,-1,11,S,positive_terminal_old_common_equity_death,"This independently discovered terminal event is dated to plan effectiveness, not the earlier delisting. Court confirmation, effectiveness and explicit zero consideration satisfy the S legal-finality boundary without future leakage."
CAND-17686926663501509636,permaticker:186449,QCLS,2025-09-02,reverse_split,2025-09-02,8-K,1.01;1.02;3.02;3.03;5.02;5.03;7.01;9.01,https://www.sec.gov/Archives/edgar/data/1321834/000164117225026167/form8-k.htm,"At its one-for-100 split, Q/C Technologies left 1.25 billion common shares authorized and disclosed a definitive $7 million Series H preferred placement initially convertible into 1.4 million post-split shares with warrants for another 1.4 million shares, plus acquisition consideration in Series I preferred convertible at $0.001 subject to issuance caps and approval.",verified,dilution_recapitalization,reverse_split_with_convertible_preferred_warrant_financing_and_unreduced_authorized_shares,2,1,2,3,0,-1,7,A,linked_financing_chain_split_proxy_excluded,The A assessment comes from disclosed definitive preferred and warrant financing plus post-split issuance capacity. The proportional split alone is not an A label and is excluded as an independent training proxy.
CAND-14216342113932071643,permaticker:638996,ATXG,2022-09-08,five_day_crash,2022-09-02,8-K,1.01;8.01;9.01,https://www.sec.gov/Archives/edgar/data/1650101/000149315222024899/form8-k.htm,"Addentax closed a $25 million underwritten public offering of 5 million common shares, equal to about 19.2% of the 26.093 million shares outstanding shortly before the offering.",verified,equity_financing,moderate_public_share_offering_before_price_dislocation,1,1,1,3,0,-2,4,B,linked_price_consequence_dedup_excluded,"A completed roughly 19% share issuance is a real financing event, but it does not meet the extreme-dilution A boundary. The later price crash is retained as a consequence, not as causal truth."
CAND-18084337972630204068,permaticker:124756,SFES,2024-02-09,voluntarydelisting,2024-02-02,8-K,3.01;7.01;9.01,https://www.sec.gov/Archives/edgar/data/86115/000110465924009791/tm245024d1_8k.htm,Safeguard Scientifics voluntarily left Nasdaq and planned Exchange Act deregistration while seeking continued OTC quotation and pursuing a multi-year monetization of its ownership interests with projected cost savings.,verified,voluntary_listing_exit,voluntary_nasdaq_delisting_and_deregistration_with_intended_otc_continuity,1,0,1,3,0,-2,3,B,positive_low_severity_voluntary_exit_boundary,"This is a genuine voluntary listing exit with reduced disclosure and liquidity, but intended OTC continuity and no forced insolvency cause keep it at B."
CAND-12917310487604327925,permaticker:635901,LNZA,2025-08-19,reverse_split,2025-08-15,8-K,8.01,https://www.sec.gov/Archives/edgar/data/1843724/000162828025040447/prlanzatechannouncesrss_.htm,"LanzaTech implemented a one-for-100 split to regain minimum-bid compliance and increased authorized shares from 600 million to 2.58 billion immediately before the split, producing 25.8 million post-split authorized shares rather than a purely proportional 6 million.",verified,listing_compliance,minimum_bid_reverse_split_with_authorized_capacity_increase,1,1,0,3,0,-2,3,B,positive_recapitalization_boundary_no_realized_dilution,The event expands issuance capacity relative to a proportional adjustment but proves no contemporaneous priced or realized financing; retain B and do not infer A from split ratio.
CAND-2511418083941590553,permaticker:192721,BINI,2025-06-02,reverse_split,2025-06-02,8-K exhibit,3.03;5.03;7.01;8.01;9.01,https://www.sec.gov/Archives/edgar/data/1499961/000182912625004146/mullenautomotive_ex99-1.htm,"Bollinger Innovations effected a one-for-100 split that reduced about 79.9 million outstanding shares to about 798,650 while leaving the authorized common-share count unchanged.",verified,listing_compliance,reverse_split_with_unreduced_authorized_share_capacity,1,1,0,3,0,-2,3,B,positive_recapitalization_boundary_no_realized_dilution,"Unreduced authorization creates large issuance capacity, but this filing proves only the proportional split and no executed financing. Keep the event at B pending separate realized issuance evidence."
CAND-3829693565214676917,permaticker:633830,MVLA,2024-04-01,voluntarydelisting,2024-04-01,8-K,3.01;7.01;9.01,https://www.sec.gov/Archives/edgar/data/1839132/000162828024013854/mvla-20240401.htm,"Movella voluntarily filed to leave Nasdaq and expected its common shares and warrants to be quoted by OTC Markets, while warning that an OTC trading market was not assured.",verified,voluntary_listing_exit,voluntary_nasdaq_delisting_with_intended_otc_quotation,1,0,1,3,0,-2,3,B,positive_low_severity_voluntary_exit_boundary,"The official filing proves a voluntary liquidity and venue downgrade, not a merger, bankruptcy or common-equity death event."
CAND-7341503594218056460,permaticker:637190,BRAC,2025-01-22,bankruptcy_liquidation,2025-02-18,8-K,1.02;8.01;9.01,https://www.sec.gov/Archives/edgar/data/1865120/000149315225007113/form8-k.htm,Broad Capital disclosed termination of its proposed SPAC business combination with Openmarkets Group; the reviewed filing contains no bankruptcy or liquidation proceeding.,rejected,spac_lifecycle,terminated_spac_business_combination_not_bankruptcy,0,0,0,3,0,-3,0,rejected,rejected_source_mismatch_control,A terminated SPAC merger is not an insolvency filing; preserve this as a hard negative for the bankruptcy detector.
CAND-8930449202123187382,permaticker:110436,TFFP,2024-12-12,bankruptcy_liquidation,2024-11-14,8-K,1.02;2.05;5.02;9.01,https://www.sec.gov/Archives/edgar/data/1733413/000121390024098457/ea0221102-8k_tffpharma.htm,"TFF Pharmaceuticals' board unanimously approved dissolution and liquidation subject to stockholder approval, terminated the license underlying its historic platform, eliminated substantially all employees and installed a wind-down specialist as its sole director and executive.",verified,corporate_liquidation,board_approved_dissolution_with_operational_wind_down_pending_stockholder_vote,3,3,2,3,0,-1,10,A++,positive_board_approved_liquidation_boundary,"Board approval, loss of the core license and near-total workforce elimination establish A++; shareholder approval and a terminal old-common outcome were not yet final, so S is not assigned."
CAND-17382617945225461555,permaticker:635809,PFTA,2024-12-06,bankruptcy_liquidation,2024-12-13,8-K,3.01,https://www.sec.gov/Archives/edgar/data/1853580/000182912624008287/perception_8k.htm,Perception Capital III was delisted after failing to complete a SPAC business combination by its Nasdaq panel deadline and elected not to seek further review.,rejected,spac_lifecycle,spac_business_combination_deadline_delisting_not_bankruptcy,0,0,0,3,0,-3,0,rejected,rejected_source_mismatch_control,"The primary cause is a SPAC transaction deadline/listing failure, not a bankruptcy petition or court-supervised liquidation."
CAND-3510546495323428044,permaticker:631682,CMAXQ,2024-11-27,bankruptcy_liquidation,2024-11-18,8-K,1.01;1.03;2.04;5.02;7.01;9.01,https://www.sec.gov/Archives/edgar/data/1813914/000095017024127766/cmax-20241115.htm,"CareMax and affiliates filed Chapter 11 petitions, entered a restructuring support agreement contemplating cancellation of all existing equity and warned of significant or complete investor loss.",verified,bankruptcy_reorganization,chapter_11_restructuring_support_agreement_contemplating_equity_cancellation,3,3,2,3,0,-1,10,A++,positive_chapter_11_preconfirmation_boundary,"The filed cases and agreed restructuring support A++, but the November filing only contemplated later cancellation. The terminal S event is separately dated to plan effectiveness."
MANUAL-SEC-CMAXQ-20250203-OLD-COMMON-ZERO-RECOVERY,cik:0001813914,CMAXQ,2025-02-03,confirmed_plan_effective_old_common_cancelled_zero_recovery,2025-02-03,8-K,1.02;1.03;2.01;3.03;5.01;8.01,https://www.sec.gov/Archives/edgar/data/1813914/000119312525019379/d842293d8k.htm,"CareMax's confirmed plan became effective, discharged and cancelled every existing equity interest and explicitly provided no recovery, distribution or compensation to old common holders.",verified,distress_equity_death,confirmed_plan_effective_old_common_cancelled_zero_recovery,3,3,3,3,0,-1,11,S,positive_terminal_old_common_equity_death,"Court confirmation, plan effectiveness and explicit zero recovery satisfy the S boundary. This event is stored on February 3 and is not backfilled to the November Chapter 11 candidate."
CAND-2371866262643551893,permaticker:633137,MONDQ,2024-12-05,bankruptcy_liquidation,2025-01-15,8-K,1.01;1.03;2.03;2.04;5.02;7.01;8.01;9.01,https://www.sec.gov/Archives/edgar/data/1828852/000182885225000010/mond-20250107.htm,"Mondee did not file Chapter 11 until January 14, 2025, more than a month after the December 5 candidate date; the later case included a Section 363 sale and expected significant or complete common-holder loss.",rejected,temporal_source_mismatch,prepetition_candidate_date_before_later_chapter_11,0,0,0,3,0,-3,0,rejected,rejected_temporal_source_mismatch_control,Do not backfill the January bankruptcy onto a December price or metadata candidate. The actual filing is represented as a separate manually discovered event.
MANUAL-SEC-MONDQ-20250114-CHAPTER11-ASSET-SALE,cik:0001828852,MONDQ,2025-01-14,chapter_11_asset_sale_with_expected_significant_or_complete_common_loss,2025-01-15,8-K,1.01;1.03;2.03;2.04;5.02;7.01;8.01;9.01,https://www.sec.gov/Archives/edgar/data/1828852/000182885225000010/mond-20250107.htm,"Mondee and subsidiaries filed voluntary Chapter 11 petitions, entered a DIP-supported Section 363 sale process and warned that common holders should expect significant or complete loss.",verified,bankruptcy_reorganization,chapter_11_asset_sale_with_expected_significant_or_complete_common_loss,3,3,2,3,0,-1,10,A++,positive_chapter_11_expected_loss_boundary,"The actual petition date supports A++. No reviewed confirmation order or effective cancellation establishes zero recovery with legal finality, so S is not assigned."
CAND-3785010310013180537,permaticker:639881,CHSN,2026-04-30,five_day_crash,2026-04-20,20-F,Listing compliance,https://www.sec.gov/Archives/edgar/data/1825349/000121390026045625/ea0286626-20f_chansoninter.htm,Chanson's annual report stated that it had already regained minimum-bid compliance after an 80-for-one consolidation; the reviewed evidence contains no contemporaneous adverse cause for the April 30 price observation.,rejected,price_only_control,price_dislocation_without_contemporaneous_negative_primary_cause,0,0,0,3,0,-3,0,rejected,rejected_price_only_control,The later May financing and split chain is separately adjudicated and cannot be backfilled onto this April price date.
CAND-9305638884103705199,permaticker:113499,ALYAF,2024-02-08,voluntarydelisting,2024-02-09,6-K,Material Change Report,https://www.sec.gov/Archives/edgar/data/1734520/000173452024000010/materialchangereport.htm,Alithya voluntarily ended its Nasdaq dual listing to reduce fees and management burden while its Class A shares continued trading on the Toronto Stock Exchange.,verified,voluntary_listing_exit,voluntary_dual_listing_consolidation_with_TSX_continuity,1,0,1,3,0,-2,3,B,positive_low_severity_dual_listing_exit_boundary,The venue exit reduces U.S. liquidity but preserves primary TSX trading and is not a forced delisting or equity-death event.
CAND-9034718995640102490,permaticker:633114,CSTAF,2024-01-12,voluntarydelisting,2023-12-21,8-K,3.01;7.01;9.01,https://www.sec.gov/Archives/edgar/data/1834032/000121390023097444/ea190470-8k_constell1.htm,"Constellation Acquisition voluntarily left the NYSE after board approval and intended to seek quotation of its shares, units and warrants on OTCQX.",verified,voluntary_listing_exit,voluntary_NYSE_delisting_with_intended_OTCQX_continuity,1,0,1,3,0,-2,3,B,positive_low_severity_voluntary_exit_boundary,"The official filing supports a voluntary venue downgrade with intended OTC continuity, not bankruptcy or common-equity cancellation."
CAND-11003218352509679441,permaticker:124742,KUST,2025-05-23,reverse_split,2025-02-19,8-K,1.01;3.02;8.01;9.01,https://www.sec.gov/Archives/edgar/data/1342958/000149315225007233/form8-k.htm,"Before Digital Ally's May one-for-100 reverse split, it closed 100 million common or pre-funded units at about $0.15, each carrying both a Series A and Series B warrant; the split left authorized capital unchanged.",verified,dilution_recapitalization,reverse_split_after_extreme_common_prefunded_unit_and_double_warrant_offering,2,1,2,3,0,-1,7,A,linked_financing_chain_split_proxy_excluded,"The A boundary comes from the completed 100 million-unit and double-warrant financing, not the later proportional split; keep the split proxy out of independent training."
CAND-9146548834540816745,permaticker:110632,BHATF,2025-03-17,reverse_split,2025-03-12,6-K,Reverse Stock Split,https://www.sec.gov/Archives/edgar/data/1759136/000173112225000373/e6418_6-k.htm,Blue Hat announced a one-for-100 reverse split and later confirmed that it regained Nasdaq minimum-bid compliance; the reviewed filings do not establish a contemporaneous priced financing.,verified,listing_compliance,reverse_split_for_minimum_bid_compliance,1,1,0,3,0,-2,3,B,verified_reverse_split_listing_boundary,A compliance split without executed financing remains B; ratio alone does not establish dilution severity.
CAND-13241271174604072499,permaticker:637487,CDT,2025-01-27,reverse_split,2025-02-05,S-3,Recent Developments; Selling Stockholders,https://www.sec.gov/Archives/edgar/data/1896212/000149315225005052/forms-3.htm,"After Conduit's one-for-100 split reduced outstanding shares to about 1.80 million, its resale registration covered up to 5.8 million shares from a convertible note plus warrants and other issuances, against about 2.12 million shares outstanding at filing.",verified,dilution_recapitalization,reverse_split_with_convertible_note_resale_overhang_exceeding_post_split_shares,2,1,3,3,0,-1,8,A,linked_financing_chain_split_proxy_excluded,"The material signal is the note and resale overhang relative to post-split shares, not the split itself; financing magnitude alone does not imply A++ or S."
CAND-14898522315758779811,permaticker:197323,ENGC,2024-12-05,bankruptcy_liquidation,2024-12-05,8-K,3.01,https://www.sec.gov/Archives/edgar/data/933738/000165495424015209/eng_8k.htm,ENGlobal's Nasdaq delisting followed failure to regain compliance with the minimum stockholders' equity rule; the reviewed filing contains no bankruptcy petition.,rejected,listing_compliance,minimum_stockholders_equity_delisting_not_bankruptcy,0,0,0,3,0,-3,0,rejected,rejected_source_mismatch_control,A serious listing failure is not proof of a court insolvency process; preserve the mismatch as a detector control.
CAND-18018491815744887952,permaticker:198650,VIRC,2026-04-30,interest_coverage_below_1,2026-06-03,10-Q,Liquidity and credit facility,https://www.sec.gov/Archives/edgar/data/751365/000162828026040125/virc-20260430.htm,"Virco reported no outstanding credit-facility borrowings, compliance with all financial covenants and sufficient cash, operating cash flow and unused capacity for at least twelve months.",rejected,fundamental_metric_control,single_quarter_interest_coverage_false_positive_without_debt_or_covenant_stress,0,0,0,3,0,-3,0,rejected,rejected_fundamental_formula_control,"A mechanically negative quarterly EBIT-to-interest ratio is not distress when there are no borrowings, covenants are satisfied and liquidity is sufficient."
CAND-2110296918264683340,permaticker:642861,TTAN,2026-04-30,interest_coverage_below_1,2026-06-05,10-Q,Liquidity and debt,https://www.sec.gov/Archives/edgar/data/1638826/000163882626000047/ttan-20260430.htm,"ServiceTitan reported $421.5 million cash, $250 million unused revolving capacity, full repayment of its term loan and no outstanding indebtedness at April 30, 2026.",rejected,fundamental_metric_control,single_quarter_interest_coverage_false_positive_after_debt_repayment,0,0,0,3,0,-3,0,rejected,rejected_fundamental_formula_control,The detector divided a period result by accounting interest while the company had repaid debt and held large liquidity; no debt-service distress exists.
CAND-149882095195463753,permaticker:635668,AVX,2024-12-05,reverse_split,2024-10-28,424B5,Offering; Dilution,https://www.sec.gov/Archives/edgar/data/1826397/000149315224042702/form424b5.htm,AgriFORCE sold 16 million shares at $0.05 against roughly 84.3 million shares outstanding and maintained an ATM program and convertible debenture overhang before its December one-for-100 split.,verified,equity_financing,moderate_share_offering_and_financing_capacity_before_reverse_split,1,1,1,3,0,-2,4,B,linked_financing_chain_split_proxy_excluded,The completed issuance was about 19% of pre-offering shares and does not independently meet the extreme-dilution A boundary; unexecuted ATM capacity is not realized dilution.
CAND-2560670473669402152,permaticker:197238,AIM,2025-06-12,reverse_split,2025-06-12,8-K,3.01,https://www.sec.gov/Archives/edgar/data/946644/000164117225014899/form8-k.htm,AIM ImmunoTech effected a one-for-100 reverse split and subsequently regained NYSE American low-selling-price compliance; no contemporaneous financing is established in the reviewed filing.,verified,listing_compliance,reverse_split_restoring_low_price_listing_compliance,1,1,0,3,0,-2,3,B,verified_reverse_split_listing_boundary,The official filing proves listing remediation only; do not infer dilution severity from the one-for-100 ratio.
CAND-10937729428167177153,permaticker:107607,VINOQ,2024-11-21,bankruptcy_liquidation,2024-11-12,8-K,1.03;7.01;9.01,https://www.sec.gov/Archives/edgar/data/1559998/000149315224044836/form8-k.htm,Gaucho Group Holdings filed a voluntary Chapter 11 petition in the Southern District of Florida; reviewed evidence establishes the court case but not a terminal old-common cancellation or zero-recovery outcome.,verified,bankruptcy_reorganization,voluntary_chapter_11_without_terminal_old_common_outcome,3,3,2,3,0,-1,10,A++,positive_chapter_11_preterminal_boundary,"A filed Chapter 11 case supports A++, but no reviewed confirmation or effective cancellation proves common-equity death, so S is prohibited."
CAND-10651418267169533100,permaticker:185684,CBIO,2025-06-16,reverse_split,2025-06-18,8-K,1.01;2.01;3.03;5.01;5.02;5.03;5.06;9.01,https://www.sec.gov/Archives/edgar/data/1253689/000110465925060714/tm2518203d1_8k.htm,"GlycoMimetics completed a reverse recapitalization with Crescent, a one-for-100 split and a $200 million pre-closing financing; legacy GlycoMimetics holders retained about 2.7% of the combined company on a fully diluted basis.",verified,reverse_merger_recapitalization,reverse_recapitalization_with_97_percent_ownership_shift_and_preclosing_financing,2,1,3,3,0,-1,8,A,linked_reverse_merger_ownership_shift_split_proxy_excluded,"The material event is the completed ownership transfer and financing, not the proportional split. It is a severe recapitalization but not insolvency or zero recovery."
CAND-6032829289729018600,permaticker:636525,ZCAR,2024-10-22,reverse_split,2024-11-08,8-K,1.01;3.02;8.01;9.01,https://www.sec.gov/Archives/edgar/data/1854275/000121390024095607/ea0220425-8k_zoomcar.htm,"Soon after Zoomcar's one-for-100 split, it closed a $9.15 million placement of 1,302,850 shares and 835,000 pre-funded warrants, with reset-linked warrant coverage capable of expanding far beyond the post-split share base.",verified,dilution_recapitalization,reverse_split_followed_by_common_prefunded_and_reset_warrant_financing,2,1,3,3,0,-1,8,A,linked_financing_chain_split_proxy_excluded,The financing and reset-warrant overhang establish A; the reverse split is a linked discovery proxy and is not an independent negative label.
CAND-707101821862924045,permaticker:635405,ILLMF,2023-09-08,voluntarydelisting,2023-09-01,6-K,Voluntary delisting notice,https://www.sec.gov/Archives/edgar/data/1861233/000117184323005517/exh_991.htm,illumin voluntarily ended its Nasdaq dual listing because most trading already occurred in Canada and costs were not justified; its common shares continued trading on the Toronto Stock Exchange.,verified,voluntary_listing_exit,voluntary_Nasdaq_delisting_with_TSX_continuity,1,0,1,3,0,-2,3,B,positive_low_severity_dual_listing_exit_boundary,"This is a venue and cost decision with home-market continuity, not a forced delisting or common-equity death."
CAND-12337297538513507330,permaticker:119251,ITCL,2023-11-17,voluntarydelisting,2023-11-20,6-K,ADS deregistration,https://www.sec.gov/Archives/edgar/data/1276671/000155837023019256/tmb-20231120xex99d1.htm,Banco Itau Chile terminated its U.S. ADR program and Exchange Act reporting for ADSs while the underlying Chilean common shares and domestic banking franchise continued.,verified,voluntary_listing_exit,voluntary_ADR_program_termination_with_home_market_continuity,1,0,1,3,0,-2,3,B,positive_low_severity_ADR_exit_boundary,"The U.S. security channel ended, but the operating bank and local shares continued; preserve this as a B boundary."
CAND-1473495547806046470,permaticker:638393,XPON,2024-10-09,reverse_split,2024-10-07,8-K exhibit,3.03;5.03;8.01;9.01,https://www.sec.gov/Archives/edgar/data/1894954/000190359624000610/ex99_1.htm,"Expion360 effected a one-for-100 reverse split specifically to regain Nasdaq minimum-bid compliance, with proportional treatment of outstanding common shares and no contemporaneous financing in the reviewed filing.",verified,listing_compliance,reverse_split_for_minimum_bid_compliance,1,1,0,3,0,-2,3,B,verified_reverse_split_listing_boundary,A large split ratio does not establish dilution without a realized financing chain; retain B.
CAND-17903735516412286174,permaticker:642615,PLRZ,2025-06-04,twenty_one_day_crash,2025-05-23,6-K exhibit,Nasdaq delisting notice,https://www.sec.gov/Archives/edgar/data/1893645/000121390025047370/ea024329101ex99-1_polyrizon.htm,Polyrizon's material primary event was Nasdaq's May 21 discretionary delisting determination; the June 4 price-crash candidate occurs later and is only a market consequence proxy.,rejected,temporal_price_proxy,price_crash_after_earlier_delisting_determination,0,0,0,3,0,-3,0,rejected,rejected_temporal_price_proxy_control,The actual May 21 event is separately represented. Do not train the later price path as a second event or move the official fact to the price date.
MANUAL-SEC-PLRZ-20250521-NASDAQ-DISCRETIONARY-DELISTING-NOTICE,cik:0001893645,PLRZ,2025-05-21,Nasdaq_discretionary_delisting_determination_under_Rule_5101,2025-05-23,6-K exhibit,Nasdaq Listing Rule 5101 notice,https://www.sec.gov/Archives/edgar/data/1893645/000121390025047370/ea024329101ex99-1_polyrizon.htm,Nasdaq staff issued Polyrizon a May 21 discretionary delisting determination under Listing Rule 5101; the company could appeal and the notice did not itself immediately terminate trading.,verified,forced_delisting_risk,Nasdaq_discretionary_delisting_determination_under_Rule_5101,2,2,1,3,0,-1,7,A,positive_forced_delisting_determination_boundary,"The official notice is a serious forced-listing event, but it remained appealable and was not bankruptcy, security cancellation or a terminal equity outcome."
CAND-14607764745873363427,permaticker:636978,EVE,2024-12-13,bankruptcy_liquidation,2024-10-18,8-K,3.01;7.01;9.01,https://www.sec.gov/Archives/edgar/data/1861121/000121390024089308/ea0217942-8k_evemob.htm,EVe Mobility disclosed delayed SEC filings and a SPAC business-combination deadline under NYSE American listing standards; no bankruptcy petition or court-supervised liquidation was reported.,rejected,spac_listing_compliance,SPAC_filing_delinquency_and_combination_deadline_not_bankruptcy,0,0,0,3,0,-3,0,rejected,rejected_source_mismatch_control,A SPAC listing deadline is not evidence of bankruptcy; preserve the ACTIONS-family mismatch as a hard negative.
CAND-10210682335662733614,permaticker:637211,GHIX,2024-12-04,bankruptcy_liquidation,2024-11-25,8-K,8.01,https://www.sec.gov/Archives/edgar/data/1894630/000119312524264740/d911768d8k.htm,"Gores Holdings IX elected ordinary SPAC wind-up mechanics, redeeming public shares for their pro-rata cash trust value and later delisting; this was not a bankruptcy case.",rejected,spac_lifecycle,SPAC_cash_trust_redemption_and_liquidation_not_bankruptcy,0,0,0,3,0,-3,0,rejected,rejected_source_mismatch_control,Public holders received cash from the trust account; do not equate corporate liquidation terminology with insolvent common-equity death.
CAND-15399635367878180033,permaticker:636803,MNTN1,2024-11-29,bankruptcy_liquidation,2024-11-18,DEF 14A,SPAC extension and listing consequences,https://www.sec.gov/Archives/edgar/data/1863719/000182912624007631/everestconsolidator_def14a.htm,Everest Consolidator sought an extension beyond the NYSE SPAC 36-month limit and disclosed resulting suspension and delisting while public holders retained redemption rights; no bankruptcy filing occurred.,rejected,spac_lifecycle,SPAC_extension_driven_delisting_with_redemption_rights_not_bankruptcy,0,0,0,3,0,-3,0,rejected,rejected_source_mismatch_control,"The event is a SPAC deadline/listing mechanism with trust redemption rights, not a court insolvency proceeding."
CAND-6939302389117870268,permaticker:637278,DUET,2024-11-25,bankruptcy_liquidation,2024-11-21,8-K,3.01,https://www.sec.gov/Archives/edgar/data/1890671/000149315224047051/form8-k.htm,DUET Acquisition's listing problem concerned failure to meet Nasdaq's minimum market value of listed securities and a panel review; the filing contains no bankruptcy petition.,rejected,listing_compliance,minimum_market_value_listing_failure_not_bankruptcy,0,0,0,3,0,-3,0,rejected,rejected_source_mismatch_control,A listing-standard failure is not a bankruptcy event and must remain a detector control.
CAND-9312788482903976137,permaticker:636756,BLEU,2024-11-22,bankruptcy_liquidation,2024-11-21,8-K,3.01;8.01;9.01,https://www.sec.gov/Archives/edgar/data/1843370/000121390024100742/ea0222078-8k_bleuacacia.htm,bleuacacia was delisted after its SPAC failed to complete an initial business combination within Nasdaq's 36-month deadline; no bankruptcy petition was filed.,rejected,spac_lifecycle,SPAC_business_combination_deadline_delisting_not_bankruptcy,0,0,0,3,0,-3,0,rejected,rejected_source_mismatch_control,"Nasdaq's SPAC clock is a listing rule, not evidence of insolvency or common-equity cancellation."
CAND-17979334303378181143,permaticker:636701,MCAG,2024-11-20,bankruptcy_liquidation,2024-11-19,8-K,3.01;9.01,https://www.sec.gov/Archives/edgar/data/1859035/000182912624007679/mountaincrest5_8k.htm,Mountain Crest Acquisition V was delisted solely because it did not complete a SPAC business combination within 36 months; it expected continued OTC trading and did not report bankruptcy.,rejected,spac_lifecycle,SPAC_36_month_deadline_delisting_with_OTC_continuity_not_bankruptcy,0,0,0,3,0,-3,0,rejected,rejected_source_mismatch_control,"The official filing proves a Nasdaq SPAC deadline and expected OTC continuity, not a liquidation under bankruptcy law."
CAND-17677429641977674275,permaticker:642615,PLRZ,2025-06-03,twenty_one_day_crash,2025-05-23,6-K exhibit,Nasdaq delisting notice,https://www.sec.gov/Archives/edgar/data/1893645/000121390025047370/ea024329101ex99-1_polyrizon.htm,Polyrizon's June 3 price-crash row is a one-day sibling of the June 4 price proxy and follows the same May 21 Nasdaq discretionary delisting determination.,rejected,temporal_price_proxy,duplicate_price_crash_after_earlier_delisting_determination,0,0,0,3,0,-3,0,rejected,rejected_duplicate_temporal_price_proxy_control,Collapse adjacent market observations into one crisis thread and keep the actual May 21 official notice as the only primary event.
CAND-9721875573675717562,permaticker:166392,VJTTY,2024-03-22,voluntarydelisting,2024-03-14,6-K exhibit,Voluntary delisting announcement,https://www.sec.gov/Archives/edgar/data/1582581/000155837024003236/tmb-20240314xex99d2.htm,voxeljet voluntarily delisted its Nasdaq ADSs after concluding that listing benefits did not justify the costs and management burden and that exiting would support its financial position.,verified,voluntary_listing_exit,voluntary_Nasdaq_ADS_delisting_for_cost_reduction,1,0,1,3,0,-2,3,B,positive_low_severity_voluntary_listing_exit_boundary,"The company chose a cost-saving listing exit; the evidence does not establish a forced delisting, insolvency filing or terminal common-equity outcome."
CAND-1962493731811713893,permaticker:110267,NTCOY,2024-02-09,voluntarydelisting,2024-08-06,6-K,Secondary listing discontinuation,https://www.sec.gov/Archives/edgar/data/1776967/000129281424003172/ntcoitr2q24_6k.htm,Natura approved discontinuing its secondary NYSE listing to simplify operations while its primary common-share listing continued on B3 in Sao Paulo.,verified,voluntary_listing_exit,voluntary_secondary_NYSE_delisting_with_B3_continuity,1,0,1,3,0,-2,3,B,positive_low_severity_dual_listing_exit_boundary,"This is a dual-listing consolidation with home-market continuity, not corporate failure or destruction of the underlying common equity."
CAND-4000171959242416578,permaticker:636485,UTRS,2023-12-28,voluntarydelisting,2023-12-15,8-K exhibit,Voluntary delisting announcement,https://www.sec.gov/Archives/edgar/data/1452965/000095017023070768/utrs-ex99_1.htm,"Minerva Surgical voluntarily chose to delist and deregister to reduce cash burn, expenses and management burden and warned that its common shares would become less liquid.",verified,voluntary_listing_exit,voluntary_Nasdaq_delisting_and_going_dark_for_cash_conservation,1,0,1,3,0,-2,3,B,positive_low_severity_voluntary_going_dark_boundary,Cash conservation and reduced liquidity are material but remain a voluntary going-dark event without a court process or proven zero recovery.
CAND-5384804861061897182,permaticker:196453,CIZN,2023-12-14,voluntarydelisting,2023-12-01,8-K exhibit,Voluntary delisting announcement,https://www.sec.gov/Archives/edgar/data/1075706/000143774923033539/ex_602675.htm,Citizens Holding voluntarily left Nasdaq for significant cost savings and expected its common stock to continue trading on OTCQX with continuing audited and quarterly information.,verified,voluntary_listing_exit,voluntary_Nasdaq_delisting_with_OTCQX_continuity,1,0,1,3,0,-2,3,B,positive_low_severity_venue_downgrade_boundary,"The security retained an expected public OTCQX venue and financial reporting; this is a cost-driven venue change, not equity death."
CAND-15845846893872291649,permaticker:166947,AENZ,2023-12-06,voluntarydelisting,2023-11-16,6-K,ADS delisting and termination,https://www.sec.gov/Archives/edgar/data/1572621/000121390023088039/ea188633-6k_aenzasaa.htm,Aenza voluntarily ended its NYSE ADS listing and ADR program to consolidate liquidity while its common shares continued on the Lima Stock Exchange.,verified,voluntary_listing_exit,voluntary_ADS_delisting_with_Lima_home_market_continuity,1,0,1,3,0,-2,3,B,positive_low_severity_ADR_exit_boundary,The U.S. ADS channel ended but the underlying home-market common shares continued; preserve this as a venue boundary.
CAND-14171391199834478946,permaticker:197115,BKSC,2023-09-14,voluntarydelisting,2023-08-24,8-K,3.01;9.01,https://www.sec.gov/Archives/edgar/data/1007273/000095017023044275/bksc-20230824.htm,Bank of South Carolina voluntarily left Nasdaq and deregistered to reduce costs while expecting uninterrupted common-stock trading on OTCQX.,verified,voluntary_listing_exit,voluntary_Nasdaq_delisting_with_OTCQX_continuity,1,0,1,3,0,-2,3,B,positive_low_severity_venue_downgrade_boundary,The issuer deliberately changed venues for cost reasons with expected trading continuity; no forced-listing or terminal-equity fact is present.
CAND-2941656027386645117,permaticker:194474,SNMP,2024-02-15,voluntarydelisting,2023-06-06,8-K,3.01;8.01,https://www.sec.gov/Archives/edgar/data/1362705/000136270523000071/evolve-20230606.htm,"The official record identifies a June 6, 2023 NYSE low-price delisting determination, not a new voluntary-delisting event on the Sharadar row's February 15, 2024 date.",rejected,temporal_source_mismatch,later_delisting_proxy_for_earlier_NYSE_low_price_determination,0,0,0,3,0,-3,0,rejected,rejected_temporal_and_source_type_mismatch_control,Reject the later voluntary-delisting label and preserve the actual forced exchange determination as a separately dated manual event.
MANUAL-SEC-SNMP-20230606-NYSE-LOW-PRICE-DELISTING-DETERMINATION,cik:0001362705,SNMP,2023-06-06,NYSE_low_price_delisting_determination,2023-06-06,8-K,3.01;8.01,https://www.sec.gov/Archives/edgar/data/1362705/000136270523000071/evolve-20230606.htm,NYSE Regulation determined to delist Evolve because of its prolonged abnormally low selling price despite a planned one-for-30 split; the company intended to request review.,verified,forced_delisting_risk,NYSE_low_price_delisting_determination,2,2,1,3,0,-1,7,A,positive_forced_delisting_determination_boundary,"The exchange determination is serious and forced but reviewable; it does not prove insolvency, security cancellation or zero recovery."
CAND-14440061170493593137,permaticker:635922,EWCZ,2026-05-08,delisted,2026-05-08,8-K,1.01;1.02;2.01;2.03;3.01;3.03;5.01;5.02;5.03;8.01;9.01,https://www.sec.gov/Archives/edgar/data/1856236/000119312526213462/d137291d8k.htm,"European Wax Center's Nasdaq delisting followed completion of its General Atlantic take-private, with each eligible Class A share converted into $5.80 cash.",rejected,cash_merger_control,take_private_cash_merger_delisting_consequence,0,0,0,3,0,-3,0,rejected,rejected_merger_delisting_control,"The delisting is mechanical completion of a cash acquisition with stated consideration, not an adverse listing or solvency event."
CAND-5524624592160556365,permaticker:631874,MAXNQ,2026-04-30,delisted,2026-04-27,6-K,Judicial management and Nasdaq determination,https://www.sec.gov/Archives/edgar/data/1796898/000119312526179237/6-k_27_apr_final_delisti.htm,The April 30 Sharadar delisting row is a later proxy for Maxeon's separately dated April 1 judicial-management application and April 24 Nasdaq delisting determination.,rejected,temporal_event_proxy,later_delisting_proxy_for_judicial_management_and_exchange_determination,0,0,0,3,0,-3,0,rejected,rejected_temporal_event_proxy_control,Do not shift the court-process or exchange-notice date to a downstream vendor action date; represent both primary events separately.
MANUAL-SEC-MAXNQ-20260401-JUDICIAL-MANAGEMENT-APPLICATION,cik:0001796898,MAXNQ,2026-04-01,Singapore_judicial_management_application_for_working_capital_insufficiency,2026-04-01,6-K,Singapore judicial-management application,https://www.sec.gov/Archives/edgar/data/1796898/000179689826000002/maxn_form_6-k_1_april_20.htm,Maxeon and a subsidiary applied to the Singapore High Court for judicial management under IRDA after identifying significant doubts about sufficient working capital.,verified,bankruptcy_reorganization,Singapore_judicial_management_application_for_working_capital_insufficiency,3,3,2,3,0,-1,10,A++,positive_court_supervised_rescue_process_preterminal_boundary,"Judicial management is a court-supervised insolvency rescue process supporting A++, but no reviewed terminal old-common cancellation permits S."
CAND-1083521579317573754,permaticker:631874,MAXNQ,2026-04-30,bankruptcy_liquidation,2026-04-10,6-K,Singapore interim judicial-management order,https://www.sec.gov/Archives/edgar/data/1796898/000179689826000004/maxn_form_6-k_10_april_2.htm,"The official filing places the interim judicial-management order on April 9, 2026; the April 30 Sharadar row is a later temporal proxy for that already separately represented legal status change.",rejected,temporal_event_proxy,later_price_or_vendor_proxy_for_earlier_interim_judicial_management_order,0,0,0,3,0,-3,0,rejected,rejected_temporal_event_proxy_control,Keep the April 9 court order as the primary event and do not train the April 30 vendor date as a duplicate insolvency label.
MANUAL-SEC-MAXNQ-20260409-INTERIM-JUDICIAL-MANAGEMENT-ORDER,cik:0001796898,MAXNQ,2026-04-09,Singapore_interim_judicial_management_order_and_transfer_of_control,2026-04-10,6-K,Singapore interim judicial-management order,https://www.sec.gov/Archives/edgar/data/1796898/000179689826000004/maxn_form_6-k_10_april_2.htm,"The Singapore High Court placed Maxeon and a subsidiary under interim judicial management on April 9, appointed Deloitte restructuring professionals and transferred management authority from directors and officers.",verified,bankruptcy_reorganization,Singapore_interim_judicial_management_order_and_transfer_of_control,3,3,2,3,0,-1,10,A++,positive_court_order_same_episode_status_change,"The court order is a genuine legal status change after the application, but still does not prove terminal cancellation or zero recovery for old common equity."
MANUAL-SEC-MAXNQ-20260424-NASDAQ-DELISTING-DETERMINATION,cik:0001796898,MAXNQ,2026-04-24,Nasdaq_delisting_determination_due_to_interim_judicial_management,2026-04-27,6-K,Nasdaq delisting determination,https://www.sec.gov/Archives/edgar/data/1796898/000119312526179237/6-k_27_apr_final_delisti.htm,Nasdaq staff issued Maxeon an April 24 delisting determination after the judicial-management application and interim order; the company retained an appeal route.,verified,forced_delisting_risk,Nasdaq_delisting_determination_due_to_interim_judicial_management,2,2,1,3,0,-1,7,A,positive_forced_delisting_determination_boundary,This is the separately dated exchange consequence of the judicial-management process; it is appealable and not itself a terminal equity outcome.
CAND-11601754320496689062,permaticker:637535,AREB,2026-03-23,reverse_split,2026-03-23,8-K exhibit,Reverse split announcement,https://www.sec.gov/Archives/edgar/data/1648087/000149315226012022/ex99-1.htm,"American Rebel effected a one-for-100 reverse split for Nasdaq minimum-bid compliance, with proportional derivative adjustments but unusually large round-lot protection shares represented separately in the financing and issuance event.",verified,listing_compliance,reverse_split_for_minimum_bid_compliance_with_separate_round_lot_issuance,1,0,1,3,0,-2,3,B,linked_split_proxy_excluded_from_round_lot_issuance_event,Keep the proportional split at B and the separately proven round-lot share issuance at A; do not double-count one recapitalization chain.
CAND-6755104543503519663,permaticker:636876,DCX,2025-11-03,reverse_split,2025-10-29,6-K exhibit,Share consolidation announcement,https://www.sec.gov/Archives/edgar/data/1957413/000149315225020018/ex99-1.htm,Chijet announced a one-for-100 consolidation of issued and unissued Class A and Class B ordinary shares that affected holders uniformly and did not alter percentage ownership.,verified,listing_compliance,proportional_one_for_100_share_consolidation,1,0,1,3,0,-2,3,B,verified_proportional_reverse_split_boundary,The official announcement proves a proportional capital adjustment; no contemporaneous realized financing or ownership transfer is established.
CAND-3359513550954859094,permaticker:632062,AVO,2026-04-30,interest_coverage_below_1,2026-06-08,10-Q,Liquidity; Credit facility covenants,https://www.sec.gov/Archives/edgar/data/1802974/000180297426000033/avo-20260430.htm,"Mission Produce reported $611.6 million of equity, $135.1 million of working capital and compliance with all leverage and fixed-charge covenants; first-half operating cash usage was seasonal rather than a debt-service failure.",rejected,fundamental_metric_control,single_quarter_interest_coverage_false_positive_with_positive_equity_working_capital_and_covenant_compliance,0,0,0,3,0,-3,0,rejected,rejected_fundamental_formula_control,"A formula ratio below one is not a distress event when fixed-charge covenants are met, equity and working capital are positive and cash use is seasonally explained."
CAND-3496288016515435638,permaticker:645744,GLOO,2026-04-30,interest_coverage_below_1,2026-06-09,10-Q,Going concern; Liquidity and capital resources,https://www.sec.gov/Archives/edgar/data/2069785/000119312526263889/gloo-20260430.htm,"Gloo reported $33.0 million cash, $34.9 million debt including $17.8 million current, no borrowing capacity, $17.1 million quarterly operating cash burn and unresolved substantial doubt dependent on future capital.",verified,liquidity_and_financing_risk,going_concern_cash_burn_current_debt_and_no_available_borrowing_capacity,2,1,2,3,0,-1,7,A,positive_going_concern_financing_dependency_boundary,"The material event is unresolved financing-dependent going concern risk, not the mechanical interest-coverage ratio; cash remains and no court or terminal equity fact supports A++ or S."
CAND-8134472897367148991,permaticker:197802,FCEL,2026-04-30,interest_coverage_below_1,2026-06-08,10-Q,Liquidity and capital resources,https://www.sec.gov/Archives/edgar/data/886128/000110465926071183/fcel-20260430x10q.htm,"FuelCell Energy held $373.2 million of unrestricted cash and concluded that cash, contracted receipts and restricted-cash releases would meet obligations for at least one year, despite longer-term financing dependence.",verified,fundamental_metric_boundary,single_quarter_interest_coverage_weakness_with_twelve_month_liquidity_sufficiency,1,1,1,3,0,-2,4,B,verified_low_severity_liquidity_context_boundary,"The business remains financing-dependent over the long term, but the filing expressly supports twelve-month liquidity and does not report substantial doubt or current debt-service failure."
CAND-8959700393784012854,permaticker:199893,BRID,2026-04-17,interest_coverage_below_1,2026-06-01,10-Q,Liquidity and credit covenants,https://www.sec.gov/Archives/edgar/data/14177/000149315226026675/form10-q.htm,"Bridgford had $0.83 million cash, recurring losses and negative operating cash flow, violated net-income and quick-ratio covenants that required waivers and had only $0.5 million remaining revolver capacity at quarter end.",verified,liquidity_and_financing_risk,low_cash_negative_operating_cash_flow_and_waived_credit_covenant_violations,2,2,1,3,0,-1,7,A,positive_covenant_waiver_and_liquidity_stress_boundary,"The official filing establishes real covenant breaches and tight liquidity, upgrading the mechanical ratio signal to A; lender waivers and remaining assets keep it below A++."
CAND-3118289555323842776,permaticker:198380,JACK,2026-04-12,negative_equity,2026-05-13,10-Q,Liquidity; Debt covenants; Stockholders' deficit,https://www.sec.gov/Archives/edgar/data/807882/000080788226000067/jack-20260412.htm,"Jack in the Box's $922.1 million stockholders' deficit included $3.2 billion of treasury stock, while it reported $69.4 million cash and restricted cash, $95.3 million borrowing availability, twelve-month liquidity sufficiency and full covenant compliance.",verified,fundamental_metric_boundary,negative_book_equity_driven_by_treasury_stock_with_sufficient_liquidity_and_covenant_compliance,1,0,1,3,0,-2,3,B,verified_negative_equity_accounting_boundary,Negative book equity is factual but not an insolvency label when treasury stock explains the deficit and liquidity and debt covenants remain adequate.
CAND-6681904770298664082,permaticker:198240,SNBR,2026-04-04,negative_equity,2026-05-12,10-Q,Going concern; Credit agreement,https://www.sec.gov/Archives/edgar/data/827187/000082718726000041/snbr-20260404.htm,"Sleep Number expected covenant noncompliance within twelve months, concluded operating cash and credit availability would be insufficient, and said lender negotiations and capital or strategic alternatives did not alleviate substantial going-concern doubt.",verified,liquidity_and_financing_risk,unresolved_going_concern_expected_covenant_failure_and_inadequate_twelve_month_liquidity,3,3,2,3,0,-1,10,A++,positive_external_financing_and_lender_rescue_dependency_boundary,"The company states that ordinary operations and existing credit are insufficient and resolution depends on lenders, new capital or strategic alternatives; no bankruptcy filing or terminal common treatment permits S."
CAND-6336208058309023406,permaticker:640712,SHIM,2026-04-03,negative_equity,2026-05-15,10-Q,Liquidity and capital resources; Stockholders' deficit,https://www.sec.gov/Archives/edgar/data/1887944/000119312526225083/shim-20260403.htm,"Shimmick reported stockholders' deficit but also $34 million total liquidity, positive adjusted EBITDA and no substantial-doubt conclusion; it continued to monitor outside capital for growth and planned expenditures.",verified,fundamental_metric_boundary,negative_book_equity_with_positive_adjusted_EBITDA_and_available_liquidity,1,1,1,3,0,-2,4,B,verified_negative_equity_liquidity_boundary,"Negative equity and dependence on access to capital merit context, but current liquidity, operating improvement and absence of substantial doubt keep the event at B."
CAND-12042507882071609762,permaticker:193578,TNXP,2025-02-05,reverse_split,2025-02-03,8-K,3.03;8.01;9.01,https://www.sec.gov/Archives/edgar/data/1430306/000199937125001105/tnxp-8k_020325.htm,"Tonix effected a one-for-100 reverse split for Nasdaq minimum-bid compliance; outstanding securities adjusted proportionally, authorized common shares remained unchanged and no contemporaneous completed financing is established in the reviewed filing.",verified,listing_compliance,reverse_split_for_minimum_bid_compliance_with_unreduced_authorized_shares,1,1,1,3,0,-2,4,B,verified_reverse_split_capacity_boundary,"Unreduced authorized capacity is an overhang, not realized dilution. Without a contemporaneous completed issuance the split remains B."
CAND-11298681759492550920,permaticker:636396,APLM,2024-11-25,reverse_split,2025-04-03,20-F,Reverse stock split,https://www.sec.gov/Archives/edgar/data/1944885/000095017025050531/aplm-20241231.htm,"Apollomics confirmed a one-for-100 reverse split completed November 25, 2024 after shareholder approval to regain Nasdaq minimum-bid compliance, without a contemporaneous realized financing in the reviewed evidence.",verified,listing_compliance,one_for_100_reverse_split_for_minimum_bid_compliance,1,0,1,3,0,-2,3,B,verified_reverse_split_listing_boundary,The completed split is a listing-compliance event. Earlier or later financing is not moved onto the split date without a contemporaneous realized issuance chain.
CAND-12110627119689038576,permaticker:194095,ZNB,2024-11-15,reverse_split,2024-12-02,424B5,100-for-1 reverse split; realized convertible-note and warrant financing,https://www.sec.gov/Archives/edgar/data/1747661/000121390024104541/ea0222907-424b5_colorstar.htm,"Zeta Network's predecessor effected a one-for-100 reverse split on November 15 after selling approximately $7.6 million of variable-price convertible notes and 2,853,118 warrants; the filing also showed only 842,853 nonaffiliate shares after the split and a simultaneous expansion to 280 billion authorized Class A shares.",verified,dilution_recapitalization,one_for_100_reverse_split_with_realized_variable_price_convertible_note_and_warrant_chain,2,1,3,3,0,-1,8,A,linked_financing_chain_split_proxy_excluded,"The grade rests on the completed September note-and-warrant sale, immediate conversion mechanics and post-split issuance capacity. The separately described additional $40 million of notes had not yet been sold and is excluded from realized dilution."
CAND-11254343091347219428,permaticker:639957,TRNR,2024-11-11,reverse_split,2024-11-15,8-K,1-for-100 reverse split; contemporaneous debt and preferred-stock conversions,https://www.sec.gov/Archives/edgar/data/1785056/000095017024127597/trnr-20241111.htm,"Interactive Strength reduced outstanding common shares from 41,787,040 to 417,871 in a one-for-100 split, reset a $4.0 million secured convertible note to $4.79 per share and, from November 11 through 13, issued 41,754 note-conversion shares plus 116,604 Series A conversion shares, about 38% of the initial post-split common base.",verified,dilution_recapitalization,one_for_100_reverse_split_with_contemporaneous_note_and_preferred_conversion_chain,2,2,3,3,0,-1,9,A,linked_debt_conversion_chain_split_proxy_excluded,"The split is linked to realized same-week debt and preferred conversions, not merely future financing capacity. A separate November 13 exchange issued another 31,538 shares for a $512,500 loan reduction; no terminal common-equity fact supports A++ or S."
CAND-12171057402706101666,permaticker:639075,QOMO,2024-11-20,bankruptcy_liquidation,2025-01-08,8-K,Nasdaq public-holder deficiency; SPAC trust redemption,https://www.sec.gov/Archives/edgar/data/1894210/000149315225001509/form8-k.htm,"Qomolangma was suspended after Nasdaq found it below the 300-public-holder requirement and the company declined to appeal; it later announced approximately $10.88-per-share trust redemption after abandoning a business combination, with no bankruptcy petition or court liquidation.",rejected,spac_lifecycle,Nasdaq_public_holder_deficiency_and_later_SPAC_trust_redemption_not_bankruptcy,0,0,0,3,0,-3,0,rejected,rejected_source_and_temporal_mismatch_control,The November vendor bankruptcy/liquidation label conflates a Nasdaq listing deficiency with a later ordinary SPAC wind-down. Public holders received trust cash; preserve this as a hard bankruptcy false-positive control.
CAND-5317184211782802969,permaticker:120557,CHUC,2023-11-14,voluntarydelisting,2023-11-14,10-Q,Trading market; Going concern,https://www.sec.gov/Archives/edgar/data/1134765/000143774923031976/chuc20230930_10q.htm,"Charlie's Holdings stated that its common stock already traded on the OTCQB Venture Market under CHUC; the filing discussed operating losses and going-concern risk but did not disclose a new voluntary exchange delisting on November 14, 2023.",rejected,source_mismatch_control,vendor_voluntary_delisting_false_positive_for_existing_OTCQB_security,0,0,0,3,0,-3,0,rejected,rejected_exchange_identity_mismatch_control,Do not convert a going-concern discussion into a delisting event. Any fundamental distress must be dated and reviewed separately from this false corporate-action row.
CAND-2830816287926042563,permaticker:197684,CLRD,2023-10-31,voluntarydelisting,2023-10-17,10-Q,Trading market,https://www.sec.gov/Archives/edgar/data/895665/000149315223037425/form10-q.htm,"Clearday identified CLRD as trading on OTCQX in its October 2023 quarterly filing; its predecessor had already been delisted from Nasdaq in September 2020, so the October 31, 2023 voluntary-delisting row is not a new legal or exchange event.",rejected,temporal_source_mismatch,stale_vendor_voluntary_delisting_proxy_for_already_OTCQX_security,0,0,0,3,0,-3,0,rejected,rejected_stale_exchange_status_control,The security was already off Nasdaq and trading OTC well before the candidate date; do not train a stale vendor action as a fresh delisting event.
CAND-984459796929894340,permaticker:639917,VCIG,2025-04-02,volume_crash,2025-04-01,6-K exhibit,1-for-20 share consolidation,https://www.sec.gov/Archives/edgar/data/1930510/000121390025028609/ea023673801ex99-1_vciglob.htm,"VCI Global announced a one-for-20 share consolidation for Nasdaq minimum-bid compliance, effective April 3, 2025; the company had also closed a 5.1 million-share offering on March 18, equal to about 9% of the pre-split share base.",verified,capital_structure,reverse_split_for_bid_compliance_after_completed_common_share_offering,1,1,1,3,0,-2,4,B,verified_reverse_split_boundary_with_one_day_date_jitter_excluded,"The corporate action is real and was announced before the price candidate, but the price row is one day before the effective split date. Keep the event while excluding this detector timestamp from exact-date hard-label training."
CAND-8604069742060499087,permaticker:194311,THTI,2020-09-16,volume_crash,2020-08-24,SEC administrative order,Section 12(j) proceeding and same-day trading suspension,https://www.sec.gov/files/litigation/admin/2020/34-89642.pdf,The SEC instituted a Section 12(j) proceeding against THT Heat Transfer Technology and separately suspended trading on August 24 because required periodic reports had been delinquent since November 2018. The September 16 price row did not identify a new official event.,rejected,temporal_price_proxy,delayed_price_proxy_after_sec_trading_suspension_and_12j_proceeding,0,0,0,0,0,0,0,rejected,rejected_delayed_price_proxy_control,Reject the September detector date and represent the actual August 24 regulatory event separately as MANUAL-SEC-THTI-20200824-SECTION12J-PROCEEDING.
CAND-16671981051802220153,permaticker:640576,ATPC,2025-12-10,volume_crash,2025-12-12,6-K exhibit,company response to market volatility,https://www.sec.gov/Archives/edgar/data/1713210/000149315225027360/ex99-1.htm,Agape ATP stated that operations continued as usual and that it was not aware of any material undisclosed corporate development or adverse condition explaining the recent market volatility.,rejected,price_only_control,company_denied_material_undisclosed_cause_for_market_volatility,0,0,0,0,0,0,0,rejected,rejected_price_only_negative_control,A price move is not a corporate event. The subsequent official response is useful negative evidence and does not justify inventing a hidden cause.
CAND-13447245534399073955,permaticker:639282,RAYA,2025-07-21,volume_crash,2025-07-25,424B5,later share and pre-funded-warrant offering,https://www.sec.gov/Archives/edgar/data/1825875/000121390025067907/ea0250363-424b5_erayak.htm,"Erayak priced a 12.396 million-share and 18.216 million pre-funded-warrant offering on July 25, four days after the July 21 price candidate. The later financing cannot be used as a backward-looking explanation for the earlier detector row.",rejected,temporal_price_proxy,price_candidate_preceding_later_registered_offering,0,0,0,0,0,0,0,rejected,rejected_future_leakage_control,Do not attach a future financing to an earlier price move. RAYA's later financing and September split chain are represented on their own dates.
CAND-596637981069038279,permaticker:642782,ITOC,2025-07-29,volume_crash,2025-08-01,6-K exhibit,response to speculative third-party article,https://www.sec.gov/Archives/edgar/data/1970544/000121390025070329/ea025124302ex99-1_pheton.htm,Pheton confirmed that a July 29 Bear Cave article circulated speculative acquisition-manipulation allegations and publicly denied involvement in false Gilead acquisition rumors or market manipulation.,verified,rumor_and_correction,speculative_acquisition_article_followed_by_company_denial,0,0,0,3,0,-2,1,C,verified_rumor_correction_noise_control,"This is a verified information event, not verified corporate misconduct or a completed acquisition. Retain it as a C-grade rumor/correction boundary and never promote the article's allegations to fact."
CAND-2451070085178563988,permaticker:121722,GENE,2023-12-14,volume_crash,2023-12-12,6-K exhibit,100-for-1 ordinary-share consolidation and 5-for-1 ADS consolidation,https://www.sec.gov/Archives/edgar/data/1166272/000149315223044486/ex99-1.htm,"Genetic Technologies announced a 100-for-1 ordinary-share consolidation and an ADS ratio change that required five old ADSs to be exchanged for one new ADS, effective on the December 14 candidate date.",verified,capital_structure,share_consolidation_and_mandatory_five_for_one_ads_exchange,1,0,1,3,0,-2,3,B,verified_reverse_split_listing_boundary,The candidate date exactly matches first consolidated trading. No contemporaneous financing or common-equity death fact supports a grade above B.
CAND-12213764668433437054,permaticker:165687,ANFIF,2021-11-29,one_day_crash,2020-08-20,20-F,NYSE suspension and delisting history,https://www.sec.gov/Archives/edgar/data/1552448/000147793220005055/ryce_20f.htm,"Amira Nature Foods disclosed that NYSE trading had been suspended on August 18, 2020 because of filing delinquency and that the security was delisted. No new issuer filing or exchange action supports the November 29, 2021 price candidate.",rejected,temporal_price_proxy,stale_otc_price_artifact_after_prior_year_exchange_delisting,0,0,0,0,0,0,0,rejected,rejected_stale_price_proxy_control,The known exchange event was more than a year earlier. Preserve the 2021 row only as a negative temporal control.
CAND-11196251521238576247,permaticker:636421,HCTI,2026-02-10,one_day_crash,2026-02-10,8-K,1-for-60 reverse split; acquisition financing and reset-linked share adjustment,https://www.sec.gov/Archives/edgar/data/1839285/000121390026016390/ea0276970-8k_healthcare.htm,"Healthcare Triangle effected a one-for-60 reverse split on February 10, reducing 45.4 million shares to about 757 thousand while authorized shares remained unchanged. A recently closed acquisition had issued common stock and $18 million of convertible preferred stock and included a pre-funded-warrant and post-split price-reset share adjustment.",verified,capital_structure_and_dilution,one_for_60_reverse_split_linked_to_realized_acquisition_equity_and_price_reset_share_adjustment,2,1,3,3,0,-1,8,A,linked_realized_acquisition_financing_split_proxy_excluded,"The A grade belongs to the realized acquisition-equity and reset mechanism chain, not to a reverse split by itself. No terminal old-common outcome supports A++ or S."
CAND-7851821088674192507,permaticker:196884,ELOX,2026-05-12,one_day_crash,2026-05-05,10-Q,February and March pre-funded-warrant closings,https://www.sec.gov/Archives/edgar/data/1035354/000119312526204722/elox-20260331.htm,"Eloxx's May 5 quarterly report documented February and March pre-funded-warrant issuances for cash and debt extinguishment, but those transactions predated the May 12 price row by months. The realized financing chain is represented separately on its actual date.",rejected,temporal_price_proxy,delayed_price_proxy_after_realized_prefunded_warrant_financing_chain,0,0,0,0,0,0,0,rejected,rejected_delayed_price_proxy_control,Reject the price date as the event timestamp and retain MANUAL-SEC-ELOX-20260312-PREFUNDED-WARRANT-DEBT-CONVERSION-CHAIN as the primary event.
CAND-7317566213096173097,permaticker:191567,YGYI,2022-08-16,one_day_crash,2022-07-11,8-K,secured revolving credit agreement,https://www.sec.gov/Archives/edgar/data/1569329/000185173422000372/yii20220710_8k.htm,"Youngevity's last filing before the August 16 candidate was a July 11 disclosure of a secured revolving credit line. No August filing established a new event, while the earlier lender-default episode is already represented separately.",rejected,temporal_price_proxy,later_price_artifact_after_previously_documented_lender_default_episode,0,0,0,0,0,0,0,rejected,rejected_duplicate_price_consequence_control,Do not create a second fundamental event from an isolated OTC price move when the actual default episode and its first linked consequence are already dated and adjudicated.
CAND-2530560287915220726,permaticker:188206,YUANF,2021-02-18,one_day_crash,2020-01-07,SEC submissions history,no contemporaneous issuer filing,https://data.sec.gov/submissions/CIK0001417370.json,"Fincera's SEC submissions history ends with a January 7, 2020 issuer filing and contains no filing near the February 18, 2021 price candidate.",rejected,price_only_control,illiquid_otc_price_move_without_contemporaneous_official_event,0,0,0,0,0,0,0,rejected,rejected_no_contemporaneous_primary_evidence_control,Absence of a contemporaneous primary event prevents promotion of the price row. Keep it as a hard negative for price-only discovery.
CAND-13713419355244397792,permaticker:124755,CRXM,2021-10-29,one_day_crash,2021-10-27,10-Q,"late filing for quarter ended September 30, 2020",https://www.sec.gov/Archives/edgar/data/772320/000149315221026416/form10-q.htm,"Gene Biotherapeutics filed its September 30, 2020 quarter more than a year late on October 27, 2021. The filing explained historical reporting suspension and 2020 going-concern risk, but did not establish a new October 29, 2021 operating shock.",rejected,temporal_source_mismatch,price_reaction_to_late_catch_up_report_containing_stale_financial_distress,0,0,0,0,0,0,0,rejected,rejected_stale_financial_period_control,The disclosure date is current but the underlying financial condition is stale. Do not label it as newly occurring distress without period-matched evidence.
CAND-15117288126658631731,permaticker:632788,OCG,2026-01-12,twenty_one_day_crash,2026-01-05,6-K,1-for-220 share consolidation,https://www.sec.gov/Archives/edgar/data/1776067/000121390026000796/ea0271768-6k_oriental.htm,"Oriental Culture announced a one-for-220 share consolidation for Nasdaq compliance, effective January 16, 2026. That corporate action is already represented by a separate verified reverse-split event; the January 12 twenty-one-day price row adds no new fact.",rejected,duplicate_price_proxy,price_proxy_for_separately_represented_reverse_split,0,0,0,0,0,0,0,rejected,rejected_duplicate_price_consequence_control,Preserve the official January 16 split row and exclude the overlapping price-only detector row to prevent duplicate labels.
MANUAL-SEC-THTI-20200824-SECTION12J-PROCEEDING,cik:0001375686,THTI,2020-08-24,SEC_Section_12j_proceeding_for_chronic_reporting_delinquency,2020-08-24,SEC administrative order,Section 12(j) proceeding and trading suspension,https://www.sec.gov/files/litigation/admin/2020/34-89642.pdf,The SEC instituted a Section 12(j) proceeding after THT Heat Transfer Technology failed to file periodic reports after its September 2018 quarter; the Commission also issued a same-day temporary trading suspension for lack of current and accurate information.,verified,regulatory_enforcement,SEC_Section_12j_proceeding_and_trading_suspension_for_chronic_reporting_delinquency,1,3,1,3,0,-1,7,A,primary_regulatory_event,The enforceable regulatory action is the event. It is serious but not S because the August order did not itself prove cancellation or zero recovery for common equity.
MANUAL-SEC-ELOX-20260312-PREFUNDED-WARRANT-DEBT-CONVERSION-CHAIN,cik:0001035354,ELOX,2026-03-12,realized_prefunded_warrant_financing_and_debt_conversion_chain,2026-05-05,10-Q,February 26 and March 12 pre-funded-warrant closings,https://www.sec.gov/Archives/edgar/data/1035354/000119312526204722/elox-20260331.htm,"Eloxx issued 10,204,081 pre-funded warrants for $5 million and 2,040,816 pre-funded warrants to extinguish $1 million of debt on February 26, then issued another 4,081,632 pre-funded warrants for $2 million on March 12. A later registration statement showed 54.5 million pre-funded warrants against about 5.1 million common shares outstanding.",verified,equity_dilution,realized_prefunded_warrant_financing_and_debt_conversion_chain,2,1,3,3,0,-1,8,A,primary_realized_dilution_event,The A grade belongs to executed financing and debt-conversion closings that created warrant-equivalent shares far above the common base. No terminal old-common outcome supports A++ or S.
CAND-3878796086896340201,permaticker:632479,LESL,2026-04-04,negative_equity,2026-05-13,10-Q,balance sheet; results; liquidity and covenants,https://www.sec.gov/Archives/edgar/data/1821806/000119312526221811/lesl-20260404.htm,"Leslie's reported a $541.3 million stockholders' deficit, $16.9 million of cash, about $852 million of term and revolver debt, and a $135.5 million six-month net loss. Its credit rating had fallen to CCC, but it still had $97.1 million of revolver availability, was covenant-compliant and reported no event of default.",verified,fundamental_distress,negative_equity_net_losses_low_cash_and_CCC_rating_with_current_covenant_compliance,2,1,2,3,0,-1,7,A,material_fundamental_distress_with_liquidity_boundary,"The deterioration is real and multi-factor, so it is more than a negative-equity accounting artifact. Current borrowing availability, covenant compliance and the absence of default prevent promotion to A++ or S."
CAND-6768241415300809439,permaticker:199088,COKE,2026-04-03,negative_equity,2026-05-06,10-Q,repurchase accounting; profitability; liquidity and covenants,https://www.sec.gov/Archives/edgar/data/317540/000162828026031302/coke-20260403.htm,"Coca-Cola Consolidated explained that its deficit position resulted from retiring 18.8 million repurchased shares and charging the excess purchase price to retained earnings. It earned $111.6 million in the quarter, held $232.9 million of cash and $285.3 million of working capital, and remained compliant with debt covenants.",verified,accounting_boundary,repurchase_driven_negative_equity_with_profitability_liquidity_and_covenant_compliance,1,0,0,3,0,-2,2,B,negative_equity_capital_return_boundary,"Negative book equity is real but is not evidence of insolvency here. The filing explicitly ties it to a capital-return transaction and documents current profitability, liquidity and covenant compliance."
CAND-1000117811332053141,permaticker:196696,CCI,2026-03-31,negative_equity,2026-05-07,10-Q,REIT distributions; liquidity and debt covenants,https://www.sec.gov/Archives/edgar/data/1051470/000105147026000059/cci-20260331.htm,"Crown Castle reported a $1.92 billion equity deficit labeled as dividends and distributions in excess of earnings. As a REIT it generally must distribute at least 90% of taxable income; it had $227 million of cash and restricted cash, $4.726 billion of undrawn revolver availability, positive continuing-operations income and current covenant compliance.",verified,accounting_boundary,REIT_distribution_driven_negative_equity_with_large_revolver_and_covenant_compliance,1,0,0,3,0,-2,2,B,negative_equity_REIT_distribution_boundary,The negative book-equity signal must be interpreted in REIT distribution context. Large undrawn liquidity and covenant compliance prevent a distress label.
CAND-15505954685704778377,permaticker:119292,AMPY,2025-03-31,cash_short_debt_stress,2025-05-12,10-Q,working capital; operating cash flow; revolver availability and covenants,https://www.sec.gov/Archives/edgar/data/1533924/000155837025007383/ampy-20250331x10q.htm,"Amplify had no period-end cash and a $12.5 million working-capital deficit, but generated $25.5 million of quarterly operating cash flow, had $20 million available under its revolver, was compliant with all financial and non-financial covenants and expected available liquidity to cover at least twelve months.",rejected,fundamental_formula_control,zero_cash_ratio_with_positive_operating_cash_flow_available_revolver_and_covenant_compliance,0,0,0,0,0,0,0,rejected,rejected_cash_ratio_control,"The balance-sheet screen is not a standalone event. Cash generation, revolver availability and covenant compliance directly contradict an acute short-debt stress label."
CAND-5253008649181132014,permaticker:193542,AR,2025-03-31,cash_short_debt_stress,2025-04-30,10-Q,cash management; operating cash flow and credit facility,https://www.sec.gov/Archives/edgar/data/1433270/000155837025006004/ar-20250331x10q.htm,"Antero reported zero cash under a treasury model that permits book overdrafts, while generating $457.7 million of quarterly operating cash flow and reducing its unsecured-credit-facility balance to $304 million. Management expected operating cash and available credit to cover at least twelve months.",rejected,fundamental_formula_control,intentional_zero_cash_treasury_model_with_strong_operating_cash_flow_and_credit_capacity,0,0,0,0,0,0,0,rejected,rejected_cash_ratio_control,"Zero period-end cash is a treasury convention here, not evidence of inability to service current obligations."
CAND-11226790312501549224,permaticker:193542,AR,2024-12-31,cash_short_debt_stress,2025-02-12,10-K,cash management; annual operating cash flow and credit facility,https://www.sec.gov/Archives/edgar/data/1433270/000155837025000864/ar-20241231x10k.htm,Antero ended 2024 with zero cash under its book-overdraft treasury convention but generated $849.3 million of annual operating cash flow. Its unsecured credit facility had $393 million drawn and management expected operating cash and available borrowings to meet obligations.,rejected,fundamental_formula_control,intentional_zero_cash_treasury_model_with_strong_annual_operating_cash_flow,0,0,0,0,0,0,0,rejected,rejected_cash_ratio_control,The year-end ratio repeats the same cash-management artifact and does not constitute a separate distress event.
CAND-5763391257352452207,permaticker:635392,SBEV,2025-03-31,cash_short_debt_stress,2025-07-11,10-Q,going concern; missed payroll; debt defaults and financing dependency,https://www.sec.gov/Archives/edgar/data/1553788/000173112225000967/e6697_10q.htm,"Splash Beverage reported zero cash, $1.7 million of current assets against $20.4 million of current liabilities, a $3.65 million quarterly net loss, negative operating cash flow and financing dependence. It had missed February and March payroll and disclosed multiple notes or merchant-cash-advance obligations in default.",verified,fundamental_distress,zero_cash_extreme_working_capital_deficit_missed_payroll_and_defaulted_financing_dependency,3,2,3,3,0,-1,10,A++,positive_going_concern_and_default_dependency_event,"The screen is confirmed by multiple realized distress facts, including missed payroll and defaulted obligations. It remains below S because no court process or terminal old-common outcome is established."
CAND-12652441761661595048,permaticker:124676,OBE,2024-12-31,cash_short_debt_stress,2025-02-25,40-F exhibit MD&A,"working capital; operating cash flow, free cash flow and credit facility",https://www.sec.gov/Archives/edgar/data/1334388/000095017025026337/obe-ex99_2.htm,"Obsidian reported a C$76.3 million working-capital deficit and higher acquisition-funded debt, but generated C$361.9 million of operating cash flow and C$65 million of free cash flow. Its C$300 million reserve-based facility had C$225 million drawn and only C$4.4 million of letters of credit reducing availability.",rejected,fundamental_formula_control,acquisition_funded_working_capital_deficit_with_positive_free_cash_flow_and_undrawn_credit,0,0,0,0,0,0,0,rejected,rejected_cash_ratio_control,The cash-short-debt formula ignores operating cash generation and reserve-based borrowing capacity. Review acquisition leverage separately rather than labeling an acute liquidity event.
CAND-13008558487778342220,permaticker:635958,LVROF,2024-12-31,cash_short_debt_stress,2025-02-03,6-K exhibit interim financial statements,"seasonality; cash, harvest-cycle borrowing and going-concern basis",https://www.sec.gov/Archives/edgar/data/1945711/000194571125000008/a991-1q25lavorolimitedfina.htm,"Lavoro held R$510.9 million of cash equivalents and explained that agricultural-input sales, working capital and debt peak around crop cycles. Borrowings were scheduled with harvest operating cycles, and management stated there were no material uncertainties casting significant doubt on at least twelve months of going-concern operation.",rejected,sector_structure_control,seasonal_agribusiness_working_capital_and_harvest_cycle_debt_not_acute_liquidity_stress,0,0,0,0,0,0,0,rejected,rejected_sector_seasonality_control,"A generic cash-to-current-liabilities screen is invalid for a crop-cycle distributor without testing seasonal receivables, inventory, facilities and management's period-matched liquidity assessment."
CAND-2395089221275726021,permaticker:634939,UROY,2025-01-31,revenue_collapse_yoy,2025-03-06,6-K exhibit interim financial statements,uranium inventory sales and working capital,https://www.sec.gov/Archives/edgar/data/1711570/000095017025034671/uroy-ex99_1.htm,"Uranium Royalty recorded no uranium-inventory sales in the January 2025 quarter versus C$15.2 million a year earlier, but had C$10.9 million of inventory sales year to date and C$238.2 million of working capital. Management explained that quarterly results fluctuate primarily with the timing and volume of physical uranium sales.",verified,revenue_quality_boundary,lumpy_physical_uranium_inventory_sales_timing_not_recurring_revenue_collapse,1,0,1,3,0,-2,3,B,nonrecurring_inventory_sale_timing_boundary,The reported quarter-over-quarter comparison is real but does not describe recurring operating revenue. Preserve it as a sector-specific timing boundary.
CAND-2141555099414883763,permaticker:632760,FDMT,2024-09-30,revenue_collapse_yoy,2024-11-13,10-Q,Astellas upfront license revenue,https://www.sec.gov/Archives/edgar/data/1650648/000095017024126370/fdmt-20240930.htm,4D Molecular Therapeutics reported $3 thousand of quarterly collaboration revenue versus $20.2 million a year earlier because the prior period included Astellas' $20 million upfront license payment. The company stated that collaboration revenue is contingent and can fluctuate significantly by period.,verified,revenue_quality_boundary,one_time_upfront_license_revenue_rolloff_in_clinical_stage_biotech,1,0,1,3,0,-2,3,B,nonrecurring_collaboration_revenue_boundary,"Do not treat a prior-year upfront license fee as a recurring-revenue baseline. The economic development risk belongs to the pipeline, not the mechanical year-over-year percentage."
CAND-8963986160238333570,permaticker:635498,LYEL,2023-12-31,revenue_collapse_yoy,2024-02-28,10-K,GSK collaboration termination and cumulative-performance adjustment,https://www.sec.gov/Archives/edgar/data/1806952/000162828024007592/lyel-20231231.htm,"Lyell's 2022 revenue included an $83.6 million cumulative-performance estimate adjustment, and GSK terminated the collaboration effective December 24, 2022. Revenue of about $0.1 million in 2023 therefore did not represent a new December 2023 product-sales collapse.",rejected,temporal_and_revenue_mapping_control,prior_year_cumulative_collaboration_accounting_adjustment_and_earlier_termination_not_new_revenue_collapse,0,0,0,0,0,0,0,rejected,rejected_nonrecurring_revenue_baseline_control,Reject the percentage label and represent Lyell's November 2023 workforce restructuring separately on its actual announcement date.
CAND-7432109778491869762,permaticker:124454,CRSP,2022-06-30,revenue_collapse_yoy,2022-08-08,10-Q,Vertex upfront license payment,https://www.sec.gov/Archives/edgar/data/1674416/000095017022015256/crsp-20220630.htm,"CRISPR Therapeutics recognized about $900 million in the 2021 comparison period from Vertex's one-time upfront payment for an additional exclusive economic interest in the exa-cel program. Revenue in the 2022 quarter was not material, so the year-over-year decline is a transaction-baseline effect rather than loss of recurring product sales.",verified,revenue_quality_boundary,one_time_900_million_collaboration_license_payment_rolloff,1,0,1,3,0,-2,3,B,nonrecurring_collaboration_revenue_boundary,The prior-year transaction was economically meaningful but cannot serve as a recurring revenue denominator.
CAND-2248175283874934413,permaticker:166187,AVHOQ,2020-09-30,revenue_collapse_yoy,2020-11-10,6-K,September passenger operating statistics during Chapter 11,https://www.sec.gov/Archives/edgar/data/1575969/000119312520290914/d847395d6k.htm,"Avianca carried 164,859 passengers in September 2020 versus 2.47 million a year earlier, a decline of roughly 93%, while restarting limited domestic operations and remaining in Chapter 11. Year-to-date passengers, available seat kilometers and revenue passenger kilometers were all down more than 70%.",verified,operating_shock,COVID_air_travel_shutdown_and_passenger_collapse_during_Chapter_11,3,2,2,3,0,-1,9,A,linked_operating_consequence_bankruptcy_chain_excluded,"The operating collapse is directly measured and real, but it is a consequence within the pandemic and bankruptcy episode rather than an independent terminal equity event."
CAND-16227427897663229590,permaticker:123537,MRSN,2020-03-31,revenue_collapse_yoy,2020-05-08,10-Q,Takeda termination deferred-revenue recognition,https://www.sec.gov/Archives/edgar/data/1442836/000155837020005892/mrsn-20200331x10q.htm,Mersana's prior-year quarter included $40 million of remaining deferred revenue recognized when the Takeda agreements were terminated. Collaboration revenue fell from $41.0 million to $11 thousand in 2020 because the nonrecurring termination-accounting benefit did not repeat.,verified,revenue_quality_boundary,one_time_deferred_revenue_release_on_prior_collaboration_termination,1,0,1,3,0,-2,3,B,nonrecurring_collaboration_revenue_boundary,The detector compares an ordinary near-zero collaboration quarter with a prior termination-driven deferred-revenue release. Preserve this as a denominator control.
MANUAL-SEC-LYEL-20231107-25PCT-WORKFORCE-REDUCTION,cik:0001806952,LYEL,2023-11-07,strategic_25_percent_workforce_reduction_with_extended_cash_runway,2023-11-07,8-K exhibit,approximately 25% workforce reduction and cash runway,https://www.sec.gov/Archives/edgar/data/1806952/000162828023037346/lyel-20231107x8kexx991.htm,"Lyell announced an approximately 25% workforce reduction to prioritize clinical-stage programs and core research platforms, while stating that its financial position extended expected operating funding into 2027.",verified,operational_restructuring,strategic_25_percent_workforce_reduction_with_extended_cash_runway,1,1,1,3,0,-2,4,B,primary_workforce_restructuring_boundary,"The reduction is material and should be dated to the announcement, but multi-year cash runway and a strategic prioritization rationale prevent a distress grade."
CAND-6711710061701335434,permaticker:195056,DRH,2020-06-30,gross_margin_collapse,2020-08-07,10-Q,COVID-19 hotel shutdown and operating collapse,https://www.sec.gov/Archives/edgar/data/1298946/000129894620000082/drh10qjune302020.htm,DiamondRock reported second-quarter revenue of $20.4 million versus $257.9 million a year earlier and a $73.4 million net loss as COVID-19 travel restrictions forced hotel closures or severely restricted operations. It retained about $87.8 million of cash and $251 million of borrowing capacity under amended facilities.,verified,external_demand_shock,COVID_hotel_shutdown_and_revenue_collapse,3,1,2,3,0,-1,8,A,primary_external_operating_shock,"The negative margin is a real consequence of an abrupt external shutdown, but available liquidity and covenant waivers prevent a distress or terminal-equity label."
CAND-17050219514625482731,permaticker:636602,GCTS,2025-12-31,gross_margin_collapse,2026-04-08,10-K,negative gross profit and going-concern disclosure,https://www.sec.gov/Archives/edgar/data/1851961/000119312526124183/gcts-20251231.htm,"GCT Semiconductor reported 2025 revenue of $2.9 million, a $1.8 million gross loss and a $43.4 million net loss. With $0.6 million of cash and $56.6 million of principal due within twelve months, management disclosed substantial doubt about continuing as a going concern and a need to refinance or raise capital.",verified,fundamental_distress,negative_gross_profit_with_going_concern_and_near_term_debt_wall,3,3,2,3,0,-1,10,A++,primary_going_concern_distress_positive,"Reclassify the unstable margin ratio into the stronger fundamental-distress event. Do not assign S without a court, regulator or explicit terminal old-common outcome."
CAND-2581874870831898772,permaticker:108817,SURG,2024-09-30,gross_margin_collapse,2024-11-12,10-Q,Affordable Connectivity Program termination,https://www.sec.gov/Archives/edgar/data/1392694/000149315224044766/form10-q.htm,"SurgePays reported a $7.8 million quarterly gross loss versus $10.5 million of gross profit a year earlier after the federal Affordable Connectivity Program stopped funding on June 1, 2024. The company was transitioning from subsidized subscribers to non-subsidized LinkUp customers while holding $13.7 million of cash and positive working capital.",verified,policy_revenue_shock,federal_connectivity_subsidy_expiration_and_negative_gross_margin,3,1,2,3,0,-1,8,A,primary_policy_shock_positive,The external program termination caused a real business-model shock. Positive liquidity prevents escalation into fundamental distress.
CAND-3311057693073856765,permaticker:635745,SERA,2026-03-31,gross_margin_collapse,2026-05-08,10-Q,near-zero commercial revenue denominator,https://www.sec.gov/Archives/edgar/data/1534969/000153496926000025/sera-20260331.htm,"Sera Prognostics recorded only $14 thousand of quarterly revenue and $42 thousand of cost of revenue while holding about $86.8 million of cash and marketable securities. At this pre-scale level, the computed gross-margin change is dominated by an immaterial denominator.",rejected,fundamental_formula_control,near_zero_revenue_negative_margin_denominator_artifact,0,0,0,0,0,0,0,rejected,rejected_tiny_denominator_control,Reject gross-margin collapse when absolute revenue is immaterial and the ratio does not identify a discrete operating event.
CAND-1311382747096061961,permaticker:187730,WATT,2024-06-30,gross_margin_collapse,2024-08-08,10-Q,negative gross profit with equity-financing dependence,https://www.sec.gov/Archives/edgar/data/1575793/000141057824001319/watt-20240630x10q.htm,"Energous recorded $46 thousand of quarterly revenue against $122 thousand of cost of revenue, $4.9 million of cash and $10.8 million of first-half operating cash use. Management stated that liquidity was being met through securities offerings and anticipated further ATM and financing proceeds.",verified,commercialization_and_financing_stress,pre_scale_negative_gross_profit_with_equity_financing_dependence,2,2,2,3,0,-1,8,A,primary_financing_dependence_positive,"The margin ratio alone is unstable, but cash burn and explicit dependence on recurring securities offerings make the underlying financing stress real. No explicit substantial-doubt conclusion supports an A++ grade."
CAND-6095968346817042522,permaticker:198778,CDZI,2022-09-30,gross_margin_collapse,2022-11-14,10-Q,development-stage revenue and project-cost mismatch,https://www.sec.gov/Archives/edgar/data/727273/000143774922027302/cdzi20220930_10q.htm,Cadiz recorded $599 thousand of quarterly revenue and $1.2 million of cost of goods sold while its principal activities remained water-project development. Management expected available capital sources to meet near-term liquidity needs and reported compliance with debt covenants.,rejected,fundamental_formula_control,development_stage_low_revenue_margin_denominator_artifact,0,0,0,0,0,0,0,rejected,rejected_business_model_denominator_control,The gross-margin detector does not map cleanly to a discrete shock for a development-stage water-project company with minimal ancillary revenue. Preserve liquidity risk separately rather than labeling the ratio.
CAND-10021825716247361357,permaticker:195534,FOLD,2026-04-27,delisted,2026-04-27,8-K,completed cash merger consideration,https://www.sec.gov/Archives/edgar/data/1178879/000114036126016968/ef20071351_8k.htm,Amicus Therapeutics completed its merger and each eligible common share was cancelled and converted into the right to receive $14.50 cash.,rejected,corporate_action_merger,cash_merger_consideration_delisting,0,0,0,0,0,0,0,rejected,rejected_paid_merger_delisting_control,The exchange exit followed completed cash consideration and is not a negative delisting event.
CAND-18280286513366404733,permaticker:634558,SEMR,2026-04-27,delisted,2026-04-28,8-K,completed cash merger consideration,https://www.sec.gov/Archives/edgar/data/1831840/000114036126017299/ef20071354_8k.htm,Semrush completed its merger and each eligible Class A and Class B common share was converted into the right to receive $12.00 cash.,rejected,corporate_action_merger,cash_merger_consideration_delisting,0,0,0,0,0,0,0,rejected,rejected_paid_merger_delisting_control,"The exchange exit was paid transaction mechanics, not forced equity destruction."
CAND-15617622858393302960,permaticker:635288,DAWN,2026-04-23,delisted,2026-04-23,8-K,completed tender-offer merger consideration,https://www.sec.gov/Archives/edgar/data/1845337/000119312526171997/d27888d8k.htm,Day One Biopharmaceuticals completed a tender-offer merger in which eligible outstanding shares were converted into the right to receive the contractual merger consideration.,rejected,corporate_action_merger,tender_offer_merger_consideration_delisting,0,0,0,0,0,0,0,rejected,rejected_paid_merger_delisting_control,A completed tender offer and merger with holder consideration is not a negative delisting label.
CAND-11277281549276862138,permaticker:197599,DHIL,2026-04-21,delisted,2026-04-22,8-K,completed merger consideration,https://www.sec.gov/Archives/edgar/data/909108/000095010326006019/dp245458_8k.htm,Diamond Hill completed a merger and former common shareholders retained only the contractual right to receive merger consideration after the effective time.,rejected,corporate_action_merger,paid_merger_consideration_delisting,0,0,0,0,0,0,0,rejected,rejected_paid_merger_delisting_control,The delisting followed a completed paid merger rather than financial or legal distress.
CAND-5021506929372211735,permaticker:196673,HTBK,2026-04-20,delisted,2026-04-21,8-K,completed stock merger exchange ratio,https://www.sec.gov/Archives/edgar/data/1053352/000119312526167257/d143924d8k.htm,"Heritage Commerce completed its merger and each eligible common share was converted into 0.65 shares of CVB Financial common stock, with cash only for fractional shares.",rejected,corporate_action_merger,stock_merger_consideration_delisting,0,0,0,0,0,0,0,rejected,rejected_paid_merger_delisting_control,Old holders received continuing listed equity; the delisting cannot be trained as equity death.
CAND-14083607682140833779,permaticker:197087,SEE,2026-04-08,delisted,2026-04-09,8-K,completed cash merger consideration,https://www.sec.gov/Archives/edgar/data/1012100/000119312526148959/d86788d8k.htm,Sealed Air completed its merger and each eligible common share was cancelled and converted into the right to receive cash merger consideration.,rejected,corporate_action_merger,cash_merger_consideration_delisting,0,0,0,0,0,0,0,rejected,rejected_paid_merger_delisting_control,Treasury-share cancellation language must not override explicit holder consideration.
CAND-4649304796973856001,permaticker:192978,AL,2026-04-07,delisted,2026-04-08,8-K,completed cash merger consideration,https://www.sec.gov/Archives/edgar/data/1487712/000119312526147571/d139383d8k.htm,Air Lease completed its merger and each eligible Class A common share was converted into the right to receive $65.00 cash.,rejected,corporate_action_merger,cash_merger_consideration_delisting,0,0,0,0,0,0,0,rejected,rejected_paid_merger_delisting_control,"The paid cash merger is an ordinary transaction outcome, not a negative delisting event."
CAND-9468584645981100419,permaticker:636626,MCAA,2024-11-06,bankruptcy_liquidation,2024-11-19,8-K,Nasdaq panel delisting and OTC quotation,https://www.sec.gov/Archives/edgar/data/1856995/000182912624007669/mountain_8k.htm,"Mountain & Co. disclosed that a Nasdaq Hearings Panel denied continued listing, suspended its securities, and that its shares, warrants, and units could continue to be quoted on the OTC market.",rejected,listing_status,nasdaq_panel_delisting_with_otc_continuity,0,0,0,0,0,0,0,rejected,rejected_bankruptcy_entity_source_mismatch_control,"The primary filing supports a listing decision, not a bankruptcy or liquidation. Preserve the listing event separately and use this row as a hard source-mismatch negative for the bankruptcy detector."
CAND-3719804805464067212,permaticker:637509,ACLX,2026-04-28,delisted,2026-04-28,8-K,completed tender offer and cash-CVR merger consideration,https://www.sec.gov/Archives/edgar/data/1786205/000110465926050318/tm2612746d7_8k.htm,Arcellx completed Gilead's tender-offer merger. Each eligible common share received $115 cash plus one contingent value right for a possible additional $5 payment; Nasdaq delisting followed transaction completion.,rejected,corporate_action_merger,cash_and_cvr_merger_consideration_delisting,0,0,0,0,0,0,0,rejected,rejected_paid_merger_delisting_control,"The exchange exit is paid merger mechanics, not distress, forced delisting, or equity destruction."
CAND-11603674974239397267,permaticker:124308,MPVDF,2023-03-10,voluntarydelisting,2023-03-10,6-K exhibit,U.S. deregistration with TSX continuity,https://www.sec.gov/Archives/edgar/data/1004530/000127956923000295/ex991.htm,Mountain Province Diamonds terminated U.S. Exchange Act registration while its common shares continued trading on the Toronto Stock Exchange under MPVD and Canadian continuous disclosure continued.,verified,listing_status,voluntary_us_deregistration_with_tsx_continuity,1,0,1,3,0,-2,3,B,voluntary_listing_exit_home_market_boundary,"The U.S. reporting exit is real, but uninterrupted TSX trading makes it a venue boundary rather than security death."
CAND-9970665129538674446,permaticker:116538,MSVB,2023-08-14,voluntarydelisting,2023-08-02,8-K exhibit,voluntary Nasdaq delisting with OTCQX continuity,https://www.sec.gov/Archives/edgar/data/1734875/000173487523000031/tmb-20230802xex99d1.htm,Mid-Southern Bancorp voluntarily left Nasdaq and expected its common stock to begin quotation on OTCQX the next day under the same MSVB symbol.,verified,listing_status,voluntary_nasdaq_delisting_with_otcqx_continuity,1,1,0,3,0,-2,3,B,voluntary_listing_exit_otc_boundary,"National-exchange liquidity and reporting access contract, but the same security continues on OTCQX."
CAND-12699877378191289376,permaticker:633975,IDBA,2023-08-11,voluntarydelisting,2023-08-10,6-K exhibit,Nasdaq delisting with Oslo continuity,https://www.sec.gov/Archives/edgar/data/1824036/000095017023040993/idba-ex99_1.htm,IDEX Biometrics ended its Nasdaq ADS listing while its ordinary shares continued unchanged on Euronext Oslo Bors under IDEX.,verified,listing_status,voluntary_nasdaq_ads_delisting_with_oslo_continuity,1,0,1,3,0,-2,3,B,voluntary_listing_exit_home_market_boundary,"The U.S. ADS venue ended, but the underlying ordinary shares retained home-market liquidity."
CAND-16305595175982095971,permaticker:192702,OFED,2023-07-31,voluntarydelisting,2023-07-20,8-K,voluntary Nasdaq delisting with OTCQX application,https://www.sec.gov/Archives/edgar/data/1501078/000138713123008514/ofed-8k_072023.htm,Oconee Federal voluntarily delisted and deregistered its common stock from Nasdaq and applied for quotation on OTCQX after the exchange exit.,verified,listing_status,voluntary_nasdaq_delisting_with_otcqx_continuity,1,1,0,3,0,-2,3,B,voluntary_listing_exit_otc_boundary,"The filing verifies loss of national-exchange access, not insolvency, cancellation, or terminal common-equity impairment."
CAND-17039936073864384818,permaticker:167400,IBAAY,2023-04-21,voluntarydelisting,2023-04-24,6-K exhibit,U.S. deregistration with Mexico reporting continuity,https://www.sec.gov/Archives/edgar/data/1044896/000110465923049086/tm2313509d2_ex99-1.htm,Bachoco filed Form 15F to terminate U.S. reporting while explicitly continuing its reporting obligations in Mexico.,verified,listing_status,voluntary_us_deregistration_with_mexico_continuity,1,0,1,3,0,-2,3,B,voluntary_listing_exit_home_market_boundary,The U.S. reporting exit does not establish issuer failure or old-common destruction because the issuer continues in its home jurisdiction.
CAND-7811260844694983464,permaticker:121805,FFBW,2023-02-13,voluntarydelisting,2023-01-31,8-K exhibit,voluntary Nasdaq delisting with OTCQX continuity,https://www.sec.gov/Archives/edgar/data/1787384/000094337423000068/ex99-1.htm,FFBW voluntarily left Nasdaq and expected its common shares to continue quotation on OTCQX the following day under the same FFBW symbol.,verified,listing_status,voluntary_nasdaq_delisting_with_otcqx_continuity,1,1,0,3,0,-2,3,B,voluntary_listing_exit_otc_boundary,"Nasdaq liquidity and SEC reporting end, but continuous OTCQX quotation prevents an equity-death interpretation."
CAND-14178789297130562838,permaticker:157197,EVVAQ,2024-10-03,bankruptcy_liquidation,2024-10-04,8-K exhibit,hypothetical Chapter 7 liquidation comparison,https://www.sec.gov/Archives/edgar/data/1592057/000110465924106183/tm2424871d1_ex99-2.htm,Enviva's disclosure statement described Chapter 7 liquidation only as a hypothetical alternative if no Chapter 11 plan could be confirmed; the company was already in Chapter 11 and later completed a reorganization.,rejected,bankruptcy_reorganization,hypothetical_chapter7_language_false_positive,0,0,0,0,0,0,0,rejected,rejected_hypothetical_liquidation_text_control,A liquidation-analysis counterfactual is not a Chapter 7 conversion or liquidation event. The true petition and terminal old-common events are stored separately on their actual dates.
CAND-17997444773711922968,permaticker:192745,SAVEQ,2024-11-18,bankruptcy_liquidation,2024-11-19,8-K,voluntary Chapter 11 petitions,https://www.sec.gov/Archives/edgar/data/1498710/000095010324016451/dp220881_8k.htm,"Spirit Airlines and affiliated company parties filed voluntary Chapter 11 petitions on November 18, 2024 under a pre-arranged restructuring.",verified,bankruptcy_reorganization,voluntary_chapter_11_petition,3,2,2,3,0,-1,9,A++,primary_bankruptcy_event_separate_from_terminal_outcome,The petition is a strong primary event but not itself S. The later plan-effective old-common cancellation is stored as a separate terminal event.
CAND-7282947527521553631,permaticker:197750,VTNRQ,2024-10-07,bankruptcy_liquidation,2024-10-09,8-K,ongoing Chapter 11 status language,https://www.sec.gov/Archives/edgar/data/890447/000183988224033139/vtnr-8k_100924.htm,"The selected passage only repeated risks while Vertex Energy's already-filed Chapter 11 cases were pending; the actual petition date was September 24, 2024.",rejected,bankruptcy_reorganization,stale_bankruptcy_status_wrong_temporal_anchor,0,0,0,0,0,0,0,rejected,rejected_wrong_event_date_control,A repeated pending-case risk paragraph on October 7 is not a new liquidation event. The September 24 petition and January 21 terminal cancellation are stored separately.
CAND-4776425227959234304,permaticker:194107,EGIOQ,2024-09-17,bankruptcy_liquidation,2024-09-13,8-K,bankruptcy-driven Nasdaq delisting consequence,https://www.sec.gov/Archives/edgar/data/1391127/000119312524218466/d798055d8k.htm,Edgio's filing recited its September 9 Chapter 11 petition while reporting the resulting Nasdaq delisting; September 17 was not the petition date.,rejected,bankruptcy_consequence,delisting_consequence_wrong_bankruptcy_anchor,0,0,0,0,0,0,0,rejected,rejected_wrong_event_date_and_consequence_control,The candidate conflates a linked exchange consequence with the primary petition and shifts the date. Correct petition and terminal events are stored separately.
CAND-7773517969966308451,permaticker:197110,TUPBQ,2024-09-17,bankruptcy_liquidation,2024-09-18,8-K,voluntary Chapter 11 petitions,https://www.sec.gov/Archives/edgar/data/1008654/000100865424000068/tup-20240917.htm,"Tupperware Brands and affiliated debtors filed voluntary Chapter 11 petitions on September 17, 2024 and sought to operate while pursuing a sale process.",verified,bankruptcy_reorganization,voluntary_chapter_11_petition_and_sale_process,3,2,2,3,0,-1,9,A++,primary_bankruptcy_event_separate_from_terminal_outcome,The petition is verified A++ but not S. The June 2025 liquidation-plan cancellation is a separate terminal truth event.
MANUAL-SEC-EVVAQ-20240312-CHAPTER11-PETITION,cik:0001592057,EVVAQ,2024-03-12,voluntary_chapter_11_petition,2024-03-12,8-K exhibit,voluntary Chapter 11 petition announcement,https://www.sec.gov/Archives/edgar/data/1592057/000110465924033709/tm248430d1_ex99-1.htm,"Enviva commenced voluntary Chapter 11 proceedings on March 12, 2024 to implement a pre-arranged restructuring.",verified,bankruptcy_reorganization,voluntary_chapter_11_petition,3,2,2,3,0,-1,9,A++,primary_bankruptcy_event_separate_from_terminal_outcome,This restores the true petition date. The later no-recovery cancellation remains a separately timed S event.
MANUAL-SEC-EVVAQ-20241206-OLD-COMMON-CANCEL-NO-RECOVERY,cik:0001592057,EVVAQ,2024-12-06,plan_effective_old_common_cancelled_with_no_recovery,2024-12-10,SEC Form 4 and confirmed plan,plan effective and old common extinguished,https://www.sec.gov/Archives/edgar/data/1592057/000110465924127383/xslF345X05/tm2430694-12_4seq1.xml,"Enviva's plan became effective on December 6, 2024. The confirmed plan provided no recovery to existing equity, and all pre-effective-date common stock was cancelled, released, discharged and extinguished.",verified,distress_equity_death,confirmed_plan_effective_old_common_cancelled_zero_recovery,3,3,3,3,0,-1,11,S,positive_terminal_old_common_equity_death,S is dated only to plan effectiveness. It is not backfilled to the March petition or October plan filing.
MANUAL-SEC-VTNRQ-20240924-CHAPTER11-PETITION,cik:0000890447,VTNRQ,2024-09-24,voluntary_chapter_11_petition,2024-09-25,8-K exhibit,voluntary Chapter 11 petitions,https://www.sec.gov/Archives/edgar/data/890447/000199937124012788/ex10-1.htm,"Vertex Energy and its debtor affiliates filed voluntary Chapter 11 petitions on September 24, 2024.",verified,bankruptcy_reorganization,voluntary_chapter_11_petition,3,2,2,3,0,-1,9,A++,primary_bankruptcy_event_separate_from_terminal_outcome,This corrects the petition date; the later common-stock cancellation is stored separately.
MANUAL-SEC-VTNRQ-20250121-OLD-COMMON-CANCEL-EXTINGUISH,cik:0000890447,VTNRQ,2025-01-21,plan_effective_existing_common_cancelled_and_extinguished,2025-01-21,8-K,plan effective and existing equity cancelled,https://www.sec.gov/Archives/edgar/data/890447/000199937125000518/vtnr-8k_012125.htm,"Vertex Energy's confirmed plan became effective on January 21, 2025 and all existing common stock, warrants and equity instruments were cancelled, released and extinguished; new equity was issued to DIP and term-loan claim holders.",verified,distress_equity_death,confirmed_plan_effective_existing_common_cancelled_and_extinguished,3,3,3,3,0,-1,11,S,positive_terminal_old_common_equity_death,"Plan effectiveness and explicit extinguishment satisfy S on January 21, not on the earlier petition or repeated status disclosure."
MANUAL-SEC-EGIOQ-20240909-CHAPTER11-PETITION,cik:0001391127,EGIOQ,2024-09-09,voluntary_chapter_11_petition_and_asset_sale_process,2024-09-09,8-K exhibit,voluntary Chapter 11 petition and asset-sale process,https://www.sec.gov/Archives/edgar/data/1391127/000119312524215572/d795614dex991.htm,"Edgio and affiliates filed voluntary Chapter 11 petitions on September 9, 2024 to pursue asset-sale transactions and continued operations under new ownership.",verified,bankruptcy_reorganization,voluntary_chapter_11_petition_and_asset_sale_process,3,2,2,3,0,-1,9,A++,primary_bankruptcy_event_separate_from_terminal_outcome,This restores the actual petition date and separates it from the linked Nasdaq delisting.
MANUAL-COURT-EGIOQ-20250630-INTERESTS-CANCEL-NO-RECOVERY,cik:0001391127,EGIOQ,2025-06-30,plan_effective_equity_interests_cancelled_with_no_recovery,2025-10-31,bankruptcy court post-confirmation report and confirmed plan,plan effective and equity interests no recovery,https://casedocs.omniagentsolutions.com/cmsvol2/pub_47524/038fd997-de85-4633-a4f3-a9ec28077d2c_1190.pdf,"Edgio's confirmed plan became effective on June 30, 2025. The plan cancelled, released and extinguished Edgio equity interests and provided holders no recovery.",verified,distress_equity_death,confirmed_plan_effective_equity_cancelled_zero_recovery,3,3,3,3,0,-1,11,S,positive_terminal_old_common_equity_death,"The S label is anchored to the June 30 effective date and uses court-confirmed no-recovery treatment, not the September 2024 delisting."
MANUAL-COURT-TUPBQ-20250610-INTERESTS-CANCEL-NO-DISTRIBUTION,cik:0001008654,TUPBQ,2025-06-10,liquidation_plan_effective_equity_cancelled_no_distribution,2025-06-11,FINRA Uniform Practice Advisory and confirmed liquidation plan,plan effective and equity interests cancelled,https://www.finra.org/sites/default/files/2025-06/UPC-60-2025-TUPBQ.pdf,"Tupperware's confirmed liquidation plan became effective on June 10, 2025 and its equity interests were cancelled, released and extinguished with no distribution.",verified,distress_equity_death,liquidation_plan_effective_equity_cancelled_no_distribution,3,3,3,3,0,-1,11,S,positive_terminal_old_common_equity_death,The terminal S event is dated to plan effectiveness and is separate from the September 2024 Chapter 11 filing.
MANUAL-SEC-SAVEQ-20250312-OLD-COMMON-CANCEL-NO-DISTRIBUTION,cik:0001498710,SAVEQ,2025-03-12,plan_effective_old_common_cancelled_without_distribution,2025-08-11,10-Q,plan effective and prior equity cancelled without distributions,https://www.sec.gov/Archives/edgar/data/1498710/000149871025000037/save-20250630.htm,"Spirit's plan became effective on March 12, 2025. All pre-emergence common stock and other equity interests were cancelled, released and extinguished without distributions to old holders; new equity was issued to creditors and financing participants.",verified,distress_equity_death,confirmed_plan_effective_old_common_cancelled_no_distribution,3,3,3,3,0,-1,11,S,positive_terminal_old_common_equity_death,S is anchored to the March 12 plan-effective date and never backfilled to the November petition.
CAND-9529792176624200923,permaticker:636655,DPCS,2024-11-18,bankruptcy_liquidation,2024-11-14,8-K,Nasdaq SPAC deadline delisting notice,https://www.sec.gov/Archives/edgar/data/1857803/000147793224007238/dpcs_8k.htm,DP Cap Acquisition Corp I received a Nasdaq delisting notice because it did not complete a business combination within the required 36-month SPAC deadline.,rejected,spac_lifecycle,spac_business_combination_deadline_delisting,0,0,0,0,0,0,0,rejected,rejected_bankruptcy_spac_listing_mismatch_control,"The primary evidence supports a SPAC lifecycle delisting, not bankruptcy or liquidation."
CAND-14734634231756666538,permaticker:636551,AEAE,2024-11-04,bankruptcy_liquidation,2024-11-04,8-K,Nasdaq SPAC deadline delisting notice,https://www.sec.gov/Archives/edgar/data/1852016/000119312524250605/d906112d8k.htm,AltEnergy Acquisition reported Nasdaq delisting tied to failure to complete a qualifying business combination within the SPAC deadline.,rejected,spac_lifecycle,spac_business_combination_deadline_delisting,0,0,0,0,0,0,0,rejected,rejected_bankruptcy_spac_listing_mismatch_control,"The filing describes a Nasdaq SPAC rule failure and exchange exit, not an insolvency filing."
CAND-4353582688725256401,permaticker:637047,AOGO,2024-09-16,bankruptcy_liquidation,2024-09-17,8-K,Nasdaq hearing-panel delisting notice,https://www.sec.gov/Archives/edgar/data/1881741/000121390024079145/ea0214758-8k425_arogo.htm,Arogo Capital reported that a Nasdaq Hearings Panel rejected continued listing and suspended its securities; the passage contains no bankruptcy or liquidation event.,rejected,listing_status,nasdaq_panel_delisting,0,0,0,0,0,0,0,rejected,rejected_bankruptcy_listing_mismatch_control,The evidence verifies a listing decision only; the bankruptcy detector label is unsupported.
CAND-11649715300533964496,permaticker:194557,QVCAQ,2026-04-24,delisted,2026-04-20,8-K,bankruptcy-driven Nasdaq delisting and expected equity cancellation,https://www.sec.gov/Archives/edgar/data/1355096/000135509626000015/qvcga-20260417.htm,Nasdaq determined to delist QVC Group securities after the Chapter 11 filing. The company stated that common and preferred equity holders were expected to receive no distributions and all interests would be cancelled for no consideration under the prepackaged plan.,verified,bankruptcy_consequence,bankruptcy_driven_delisting_with_expected_old_equity_cancellation,3,2,2,3,0,-1,9,A++,linked_consequence_dedup_excluded,The delisting is real but remains a consequence of the April 16 Chapter 11 event. Exclude it from independent hard-label counts and do not assign S before the plan becomes effective.
MANUAL-SEC-QVCGA-20260416-CHAPTER11-OLD-COMMON-CANCEL-NO-CONSIDERATION,cik:0001355096,QVCGA,2026-04-16,prepackaged_chapter_11_with_expected_old_common_cancellation_for_no_consideration,2026-04-20,8-K,Chapter 11 filing and expected no-distribution equity cancellation,https://www.sec.gov/Archives/edgar/data/1355096/000135509626000015/qvcga-20260417.htm,"QVC Group disclosed that it filed voluntary Chapter 11 petitions on April 16, 2026 and expected all common and preferred equity interests to receive no distributions and be cancelled for no consideration under its prepackaged plan.",verified,bankruptcy_reorganization,prepackaged_chapter_11_with_expected_old_common_cancellation_for_no_consideration,3,3,2,3,0,-1,10,A++,primary_bankruptcy_event_pending_plan_effective_outcome,"Expected zero recovery is a strong A++ fact, but S requires the later plan-effective or court-confirmed terminal old-equity outcome."
CAND-555162670374446037,permaticker:638630,ASNS,2026-04-09,delisted,2026-04-09,8-K,3.01;7.01;9.01,https://www.sec.gov/Archives/edgar/data/1141284/000121390026041856/ea0285690-8k_actelis.htm,"Actelis reported that Nasdaq denied its appeal after a recent reverse split made it ineligible for a normal compliance period; Nasdaq trading was to be suspended on April 10, 2026 and the shares were expected to move to OTC.",verified,delisting_or_suspension,nasdaq_bid_price_delisting_after_panel_denial_with_otc_transition,3,2,2,3,0,-1,9,A,positive_forced_market_access_contraction,"This is a completed adverse listing decision with OTC continuity, not a merger, going-dark cashout or common-equity death. The vendor event date tracks the announcement day; the filing states suspension began the following trading day."
CAND-15573062640879419409,permaticker:633597,SBIG,2023-09-01,voluntarydelisting,2023-09-05,8-K,3.01;5.02;7.01;9.01,https://www.sec.gov/Archives/edgar/data/1801602/000162828023031294/wdq-20230830.htm,SpringBig withdrew its appeal of Nasdaq's delisting determination after failing the market-value-of-listed-securities requirement; Nasdaq confirmed suspension of the common stock and warrants and a Form 25 filing.,verified,delisting_or_suspension,forced_noncompliance_delisting_after_appeal_withdrawal,3,2,2,3,0,-1,9,A,positive_forced_market_access_contraction,"Although the source action was labelled voluntary delisting, the causal chain began with a Nasdaq noncompliance determination. Treat it as forced market-access loss, not an ordinary cost-driven voluntary exit and not equity death."
CAND-17480980119874564006,permaticker:197437,CYTH,2020-12-09,reverse_split,2020-12-11,8-K exhibit,1.01;3.01;5.03;9.01,https://www.sec.gov/Archives/edgar/data/922247/000143774920025196/ex_217211.htm,"Cyclo Therapeutics paired a one-for-100 reverse split with its Nasdaq uplisting and a 2.5 million-unit offering; against 1,699,826 pre-offering shares, the deal issued 2.5 million shares plus 2.5 million immediately exercisable warrants.",verified,equity_dilution,concurrent_reverse_split_uplisting_and_public_unit_recapitalization,3,1,2,3,0,-1,8,A,positive_recapitalization_dilution_chain,The split is not severe by itself. The A label comes from the contemporaneous issuance: legacy holders fell to about 40.5% of outstanding common before warrant exercise and about 25.4% on the new-offering fully diluted count.
CAND-14529941013887037550,permaticker:638874,EFSH,2024-11-18,twenty_one_day_crash,2024-10-31,8-K,1.01;8.01;9.01,https://www.sec.gov/Archives/edgar/data/1599407/000121390024092891/ea0219270-8k_1847hold.htm,"EFSH's later 21-day price crash followed an October 30 financing that issued 7,557,134 common shares and 1,252,378 near-zero-price pre-funded warrants plus two 8,809,512-share warrant series.",verified,price_consequence,price_dislocation_linked_to_extreme_equity_and_warrant_recapitalization,2,0,1,2,3,-3,5,C,linked_price_consequence_dedup_excluded,Price is discovery only. Exclude this row from hard-label training and event counts; the independently dated October 30 financing event carries the causal A++ adjudication.
MANUAL-SEC-EFSH-20241030-EXTREME-EQUITY-WARRANT-RECAPITALIZATION,cik:0001599407,EFSH,2024-10-30,extreme_primary_equity_and_warrant_recapitalization,2024-10-30,424B4 prospectus,offering summary; capitalization; dilution,https://www.sec.gov/Archives/edgar/data/1599407/000121390024092078/ea0218927-424b4_1847hold.htm,"EFSH closed an offering that took common shares from 1,190,128 to 8,747,262, added 1,252,378 near-zero-price pre-funded shares, and issued Series A and B warrants each covering 8,809,512 shares.",verified,equity_dilution,extreme_primary_equity_and_warrant_recapitalization,3,2,3,3,0,-1,10,A++,primary_causal_extreme_dilution_event,"On an as-converted pre-funded basis, legacy holders represented about 11.9% of common shares; including the two base warrant series, about 4.3%. This is a causal financing event, not S-level legal or old-common terminal evidence."
CAND-10369164744943595505,permaticker:642823,ZSPC,2026-04-27,delisted,2026-04-23,8-K,Nasdaq staff delisting determination and suspension effective date,https://www.sec.gov/Archives/edgar/data/1637147/000110465926047275/tm2612516d1_8k.htm,"ZSPC disclosed that Nasdaq would suspend trading effective April 28, 2026 after the bid price remained at or below $0.10 for ten consecutive trading days; its appeal did not stay suspension.",rejected,source_metadata_control,vendor_last_trading_day_not_official_suspension_effective_date,0,0,0,0,0,0,0,rejected,rejected_date_proxy_replaced_by_manual_event,"The candidate date of April 27 is a vendor proxy. The official filing fixes the suspension effective date at April 28, which is represented by a separate manual event."
MANUAL-SEC-ZSPC-20260428-NASDAQ-TRADING-SUSPENSION,cik:0001637147,ZSPC,2026-04-28,Nasdaq_sub_0_10_bid_price_trading_suspension,2026-04-23,8-K,Nasdaq sub-$0.10 bid-price suspension effective April 28,https://www.sec.gov/Archives/edgar/data/1637147/000110465926047275/tm2612516d1_8k.htm,"Nasdaq set April 28, 2026 as the effective trading-suspension date after ZSPC's bid price closed at or below $0.10 for ten consecutive trading days; appeal did not stay the action.",verified,delisting_or_suspension,Nasdaq_sub_0_10_bid_price_trading_suspension,3,2,2,3,0,-1,9,A,positive_forced_market_access_contraction_exact_effective_date,Use the exact exchange suspension date. OTC continuity and an appeal prevent this from being treated as terminal common-equity death.
CAND-8374561607097807769,permaticker:124214,WORX,2026-04-13,delisted,2026-04-10,8-K,Nasdaq minimum-bid suspension scheduled for April 14,https://www.sec.gov/Archives/edgar/data/1674227/000121390026042594/ea0285903-8k_scworx.htm,"SCWorx disclosed that Nasdaq scheduled suspension for April 14, 2026 following minimum-bid noncompliance.",rejected,source_metadata_control,vendor_last_trading_day_not_official_suspension_effective_date,0,0,0,0,0,0,0,rejected,rejected_date_proxy_replaced_by_manual_event,The April 13 candidate date precedes the official April 14 suspension. A manual event carries the verified effective date.
MANUAL-SEC-WORX-20260414-NASDAQ-TRADING-SUSPENSION,cik:0001674227,WORX,2026-04-14,Nasdaq_minimum_bid_price_trading_suspension_pending_appeal,2026-05-15,10-Q,completed Nasdaq trading suspension and Form 25-NSE,https://www.sec.gov/Archives/edgar/data/1674227/000121390026057563/ea0289070-10q_scworx.htm,"SCWorx confirmed that Nasdaq suspended trading on April 14, 2026 and filed Form 25-NSE to remove the listing while the company pursued an appeal.",verified,delisting_or_suspension,Nasdaq_minimum_bid_price_trading_suspension_pending_appeal,3,2,2,3,0,-1,9,A,positive_forced_market_access_contraction_exact_effective_date,"The completed suspension is independently verified. A pending appeal does not erase the market-access contraction, but the event is not old-common cancellation."
CAND-2250411563532503725,permaticker:640405,IVPR,2024-05-08,reverse_split,2024-07-08,424B4,historical ticker and May reverse split,https://www.sec.gov/Archives/edgar/data/1939365/000121390024060011/ea0209122-424b4_inspire.htm,"Inspire Veterinary Partners traded as IVP at the May 8, 2024 reverse split and July offering; the later IVPR ticker was not the event-time identifier.",rejected,source_metadata_control,current_ticker_backfilled_into_historical_event,0,0,0,0,0,0,0,rejected,rejected_ticker_backfill_replaced_by_manual_event,Reject the current-ticker backfill. The manual IVP event preserves the historical identity and exact corporate-action context.
MANUAL-SEC-IVP-20240508-LISTING-COMPLIANCE-REVERSE-SPLIT,cik:0001939365,IVP,2024-05-08,one_for_100_listing_compliance_reverse_split,2024-07-08,424B4,one-for-100 reverse split effective May 8,https://www.sec.gov/Archives/edgar/data/1939365/000121390024060011/ea0209122-424b4_inspire.htm,"IVP implemented a one-for-100 reverse split on May 8, 2024 to support Nasdaq minimum-bid compliance.",verified,equity_dilution,one_for_100_listing_compliance_reverse_split,3,0,1,3,0,-2,5,B,listing_compliance_split_separate_from_later_financing,The split itself is B. The separately dated July 12 financing cannot be backfilled into the May 8 label.
MANUAL-SEC-IVP-20240712-EXTREME-UNIT-WARRANT-OFFERING,cik:0001939365,IVP,2024-07-12,extreme_common_prefunded_and_warrant_unit_offering,2024-08-09,10-Q/A,July 12 offering close and issued securities,https://www.sec.gov/Archives/edgar/data/1939365/000121390024068966/ea0211414-10qa1_inspire.htm,"IVP closed a $6 million offering of 6,000,000 units: 146,475 common-stock units, 5,853,525 pre-funded units and warrants covering 6,000,000 shares, versus 958,033 pre-offering Class A shares.",verified,equity_dilution,extreme_common_prefunded_and_warrant_unit_offering,3,2,3,3,0,-1,10,A++,primary_causal_extreme_dilution_event,"Legacy Class A holders were about 13.8% after including pre-funded shares and about 7.4% after the new warrants. This is the causal A++ event, not the earlier split."
CAND-16691860275923304969,permaticker:185485,SINT,2022-12-20,reverse_split,2022-12-19,8-K exhibit,one-for-100 Nasdaq-compliance reverse split,https://www.sec.gov/Archives/edgar/data/1269026/000149315222035832/ex99-1.htm,"SINTX announced a one-for-100 reverse split effective December 20, 2022 to regain Nasdaq minimum-bid compliance.",verified,equity_dilution,one_for_100_listing_compliance_reverse_split,3,0,1,3,0,-2,5,B,listing_compliance_split_separate_from_later_financing,"The split stands alone at B. The February 10, 2023 financing closed 52 days later and is adjudicated as a separate causal event."
MANUAL-SEC-SINT-20230210-EXTREME-UNIT-WARRANT-OFFERING,cik:0001269026,SINT,2023-02-10,extreme_common_prefunded_multi_warrant_unit_offering,2023-08-14,10-Q,February 10 offering close and multi-warrant issuance,https://www.sec.gov/Archives/edgar/data/1269026/000149315223027190/form10-q.htm,"SINTX closed 2,150,000 common and pre-funded units with 2,150,000 Class C warrants, 1,075,000 Class D warrants and 86,000 placement-agent warrants, versus 542,146 pre-offering shares.",verified,equity_dilution,extreme_common_prefunded_multi_warrant_unit_offering,3,2,3,3,0,-1,10,A++,primary_causal_extreme_dilution_event,Legacy holders were about 21.5% on the base common count and about 9.0% on the new-security fully diluted count. This later financing must not relabel the December split.
CAND-5555466849418621739,permaticker:166175,GLBS,2020-10-21,reverse_split,2020-10-19,6-K exhibit,third reverse split since 2016,https://www.sec.gov/Archives/edgar/data/1499780/000110465920116070/tm2033773d1_ex99-1.htm,"Globus Maritime executed a one-for-100 split, reducing approximately 175.7 million outstanding shares to 1.76 million without reducing authorized shares, after one-for-four and one-for-ten splits in 2016 and 2018.",verified,equity_dilution,repeat_reverse_split_after_intervening_share_explosion,3,1,2,3,0,-1,8,A,positive_repeat_recapitalization_chain,"The repeat split plus intervening share expansion supports A. The filing does not prove terminal old-common cancellation, so A++ or S would be overstatement."
CAND-3673854050614119133,permaticker:192721,BINI,2024-09-17,reverse_split,2024-09-20,8-K,historical MULN identity and September 17 split,https://www.sec.gov/Archives/edgar/data/1499961/000182912624006389/mullenautomotive_8k.htm,"The September 17, 2024 event belonged to Mullen Automotive under ticker MULN, not the later Bollinger Innovations name and BINI ticker.",rejected,source_metadata_control,current_ticker_and_name_backfilled_into_historical_event,0,0,0,0,0,0,0,rejected,rejected_identity_backfill_replaced_by_manual_event,Reject the vendor's current identity on the historical row. The manual MULN event preserves event-time ticker and issuer name.
MANUAL-SEC-MULN-20240917-REPEAT-REVERSE-SPLIT-LISTING-FAILURE,cik:0001499961,MULN,2024-09-17,repeat_one_for_100_reverse_split_with_listing_failure_and_unadjusted_plan_overhang,2024-09-20,8-K,repeat one-for-100 split and Nasdaq listing consequence,https://www.sec.gov/Archives/edgar/data/1499961/000182912624006389/mullenautomotive_8k.htm,"MULN implemented a one-for-100 reverse split on September 17, 2024 after cumulative reverse-split ratios reached at least 250-to-one within two years, creating immediate Nasdaq delisting exposure; plan share availability was not adjusted.",verified,equity_dilution,repeat_one_for_100_reverse_split_with_listing_failure_and_unadjusted_plan_overhang,3,2,2,3,0,-1,9,A,positive_repeat_recapitalization_and_listing_failure,"The repeat-split and listing-failure chain is severe, but the evidence does not establish terminal old-common extinguishment; retain A rather than A++ or S."
CAND-12750197340286555279,permaticker:636464,CYN,2024-07-05,reverse_split,2024-07-09,8-K,certificate amendment effective July 3,https://www.sec.gov/Archives/edgar/data/1874097/000121390024060172/ea0209163-8k_cyngn.htm,"Cyngn's one-for-100 certificate amendment became legally effective July 3, 2024; the July 5 Sharadar row is a market-calendar proxy rather than the issuer's event date.",rejected,source_metadata_control,vendor_trading_date_not_official_legal_effective_date,0,0,0,0,0,0,0,rejected,rejected_date_proxy_replaced_by_manual_event,A separate manual event preserves the July 3 official effective date and B-grade listing-remediation context.
MANUAL-SEC-CYN-20240703-ONE-FOR-100-COMPLIANCE-SPLIT,cik:0001874097,CYN,2024-07-03,one_for_100_listing_compliance_reverse_split,2024-07-09,8-K,one-for-100 certificate amendment,https://www.sec.gov/Archives/edgar/data/1874097/000121390024060172/ea0209163-8k_cyngn.htm,"Cyngn selected a one-for-100 ratio after Nasdaq bid-price noncompliance and filed the effective amendment on July 3, 2024.",verified,equity_dilution,one_for_100_listing_compliance_reverse_split,3,0,1,3,0,-2,5,B,listing_compliance_split_without_contemporaneous_causal_financing,A high split ratio alone is not dilution. No contemporaneous completed financing is attached to the July 3 event.
CAND-10918701968363381891,permaticker:165475,BNED,2024-06-12,reverse_split,2024-06-11,8-K,one-for-100 split effective June 11 and trading June 12,https://www.sec.gov/Archives/edgar/data/1634117/000119312524159120/d818124d8k.htm,"BNED's one-for-100 split became effective after market close June 11 and began split-adjusted trading June 12; options, restricted units and plan reserves were adjusted proportionally.",verified,equity_dilution,one_for_100_post_recapitalization_listing_compliance_split,3,0,1,3,0,-2,5,B,linked_split_mechanics_dedup_excluded,The split mechanics are B and are not the causal dilution label. The separately dated June 10 recapitalization carries the A++ decision.
MANUAL-SEC-BNED-20240610-EXTREME-EQUITY-DEBT-RECAPITALIZATION,cik:0001634117,BNED,2024-06-10,extreme_equity_rights_offering_and_debt_conversion_recapitalization,2024-06-11,8-K,"closed equity, rights and debt-conversion transactions",https://www.sec.gov/Archives/edgar/data/1634117/000119312524159120/d818124d8k.htm,"BNED closed $95 million of new equity capital and a $34 million debt conversion and issued 1,925,343,642 privately placed shares at $0.05. Approximately 53.2 million legacy shares preceded transactions that produced about 2.62 billion pre-split shares.",verified,equity_dilution,extreme_equity_rights_offering_and_debt_conversion_recapitalization,3,2,3,3,0,-1,10,A++,primary_causal_extreme_dilution_event,Legacy holders represented roughly 2% of the post-transaction pre-split common count. The June 10 financing is the causal A++ event; the June 12 split is only a linked B mechanic.
CAND-15272880917283521334,permaticker:638741,HSCS,2024-05-17,reverse_split,2024-05-15,8-K,one-for-100 common and warrant reverse split,https://www.sec.gov/Archives/edgar/data/1468492/000121390024043196/ea0206149-8k_heart.htm,"HSCS began one-for-100 split-adjusted trading on May 17, 2024; common shares and public warrants were adjusted proportionally and Nasdaq later confirmed bid-price compliance.",verified,equity_dilution,one_for_100_listing_compliance_common_and_warrant_reverse_split,3,0,1,3,0,-2,5,B,listing_compliance_split_without_causal_financing,"Proportional warrant adjustment and later regained compliance support a B structural event, not an inferred financing or old-common loss."
CAND-7902180894197964621,permaticker:640154,CISS,2024-04-12,reverse_split,2024-04-12,6-K,one-for-100 split with warrant reset and cashless mechanics,https://www.sec.gov/Archives/edgar/data/1951067/000119312524093970/d780064d6k.htm,CISS reduced 195.3 million shares to 1.953 million but retained about 3.211 million post-split Class A/B/C warrants. Several warrant series reset to the lowest surrounding VWAP and two allowed alternative cashless exercise.,verified,equity_dilution,reverse_split_with_share_exceeding_resettable_cashless_warrant_overhang,3,1,2,3,0,-1,8,A,positive_structural_dilution_overhang,Post-split warrant coverage was about 164% of outstanding common and included price-reset/cashless terms. A captures the structural overhang; A++ is withheld because exercise and resulting issuance were not shown as completed.
CAND-990668299899929956,permaticker:639944,UCAR,2024-04-03,reverse_split,2024-03-25,6-K,official Nasdaq reflected date,https://www.sec.gov/Archives/edgar/data/1939780/000121390024025547/ea0202507-6k_upower.htm,"U Power's consolidation was legally effective March 31 and reflected by Nasdaq at the April 1, 2024 market open; the April 3 Sharadar date is unsupported by the official filing.",rejected,source_metadata_control,vendor_action_date_not_official_trading_effective_date,0,0,0,0,0,0,0,rejected,rejected_date_proxy_replaced_by_manual_event,A separate manual event uses the exchange-reflected April 1 date.
MANUAL-SEC-UCAR-20240401-ONE-FOR-100-SHARE-CONSOLIDATION,cik:0001939780,UCAR,2024-04-01,one_for_100_listing_compliance_share_consolidation,2024-03-25,6-K,one-for-100 consolidation reflected at April 1 open,https://www.sec.gov/Archives/edgar/data/1939780/000121390024025547/ea0202507-6k_upower.htm,"UCAR consolidated 246.1 million shares to about 2.46 million and reduced authorized shares proportionally from 500 billion to 5 billion, with Nasdaq reflection at the April 1 open.",verified,equity_dilution,one_for_100_listing_compliance_share_consolidation_with_proportional_authorized_adjustment,3,0,1,3,0,-2,5,B,listing_compliance_split_without_authorized_share_expansion,Both issued and authorized shares contracted proportionally. The filing does not support a contemporaneous financing or asymmetric dilution label.
CAND-17159938973903679925,permaticker:187699,XTIA,2024-03-13,reverse_split,2024-03-15,8-K,one-for-100 split immediately before merger,https://www.sec.gov/Archives/edgar/data/1529113/000121390024023130/ea0201784-8k_xtiaero.htm,Inpixon effected a one-for-100 split immediately before the March 12 XTI merger and XTIA began trading March 13; the split served listing and transaction mechanics.,verified,equity_dilution,one_for_100_reverse_merger_mechanics_split,3,0,1,3,0,-2,5,B,linked_split_mechanics_dedup_excluded,The split itself is B. The March 12 reverse merger and 75% control shift are recorded as a separate A causal event.
MANUAL-SEC-XTIA-20240312-REVERSE-MERGER-75PCT-CONTROL-SHIFT,cik:0001529113,XTIA,2024-03-12,reverse_merger_with_75_percent_fully_diluted_control_shift_and_note_conversion,2024-03-15,8-K,completed reverse merger and control shift,https://www.sec.gov/Archives/edgar/data/1529113/000121390024023130/ea0201784-8k_xtiaero.htm,"XTI holders obtained about 75% fully diluted XTIA ownership. The merger issued 7,843,668 common shares, assumed options and warrants for about 1.45 million more shares and converted roughly $7.5 million of XTI notes before closing.",verified,equity_dilution,reverse_merger_with_75_percent_fully_diluted_control_shift_and_note_conversion,3,1,2,3,0,-1,8,A,primary_causal_change_of_control_event,"The ownership and governance transfer is material and completed, but legacy holders retained about 25% fully diluted ownership; A is more faithful than A++ or S."
CAND-3941089796655178981,permaticker:192721,BINI,2023-12-21,reverse_split,2023-12-21,8-K,historical MULN identity,https://www.sec.gov/Archives/edgar/data/1499961/000110465923127835/tm2333336d1_8k.htm,"The December 21, 2023 event belonged to Mullen Automotive under ticker MULN, not the later Bollinger Innovations identity and BINI ticker.",rejected,source_metadata_control,current_ticker_and_name_backfilled_into_historical_event,0,0,0,0,0,0,0,rejected,rejected_identity_backfill_replaced_by_manual_event,The manual MULN event preserves the historical issuer identity and contemporaneous structural context.
MANUAL-SEC-MULN-20231221-REPEAT-ONE-FOR-100-REVERSE-SPLIT,cik:0001499961,MULN,2023-12-21,one_for_100_reverse_split_with_unreduced_authorized_and_convertible_overhang,2023-12-21,8-K,one-for-100 split with unreduced authorized and convertible overhang,https://www.sec.gov/Archives/edgar/data/1499961/000110465923127835/tm2333336d1_8k.htm,"MULN effected a one-for-100 split without reducing authorized common shares; preferred stock, warrants, convertible securities and other issuance commitments remained outstanding subject to adjustment.",verified,equity_dilution,one_for_100_reverse_split_with_unreduced_authorized_and_convertible_overhang,3,1,2,3,0,-1,8,A,positive_structural_recapitalization_overhang,The asymmetric authorized-share and convertible headroom supports A. No completed terminal old-common outcome supports A++ or S.
CAND-4101026668115009745,permaticker:636961,SIDU,2023-12-20,reverse_split,2023-12-19,8-K exhibit,one-for-100 listing-compliance split,https://www.sec.gov/Archives/edgar/data/1879726/000149315223045419/ex99-1.htm,SIDU's one-for-100 split became effective after market close December 19 and began split-adjusted trading December 20 for Nasdaq bid-price remediation.,verified,equity_dilution,one_for_100_listing_compliance_reverse_split,3,0,1,3,0,-2,5,B,listing_compliance_split_separate_from_later_financing,The split remains B. The offering closed 43 days later and cannot be backfilled into the December event.
MANUAL-SEC-SIDU-20240201-COMMON-PREFUNDED-OFFERING,cik:0001879726,SIDU,2024-02-01,common_and_prefunded_public_offering,2024-02-01,8-K,closed common and pre-funded offering,https://www.sec.gov/Archives/edgar/data/1879726/000149315224004616/form8-k.htm,"SIDU closed 1,181,800 common shares and 69,900 near-zero exercise pre-funded warrants against 981,726 Class A and B shares outstanding after the split, and issued 62,585 representative warrants.",verified,equity_dilution,common_and_prefunded_public_offering,3,1,2,3,0,-1,8,A,primary_causal_realized_dilution_event,"Legacy common represented about 44% after the common and pre-funded issuance and roughly 43% including representative warrants. This is material A-grade realized dilution, not A++ and not part of the December split."
CAND-1267030613890435305,permaticker:110954,GNLN,2025-04-24,volume_crash,2025-04-23,8-K,8.01;9.01,https://www.sec.gov/Archives/edgar/data/1743745/000164117225005890/form8-k.htm,"Greenlane's April 24 price dislocation followed registration effectiveness that made resettable Series B warrants exercisable at a $0.2413 lowest-VWAP exercise price, subject to further adjustment.",verified,price_consequence,price_dislocation_linked_to_resettable_warrant_exercisability,2,0,1,2,3,-3,5,C,linked_price_consequence_dedup_excluded,Price is discovery only. Exclude this row from hard-label training and causal event counts; the independently dated April 23 warrant event carries the primary A adjudication.
MANUAL-SEC-GNLN-20250423-RESETTABLE-WARRANTS-BECOME-EXERCISABLE,cik:0001743745,GNLN,2025-04-23,resettable_series_B_warrants_became_exercisable,2025-04-23,8-K,8.01;9.01,https://www.sec.gov/Archives/edgar/data/1743745/000164117225005890/form8-k.htm,"Registration effectiveness made Greenlane's February Series B warrants exercisable at a $0.2413 exercise price set by the lowest two-day VWAP, with further price-adjustment provisions.",verified,equity_dilution,resettable_series_B_warrants_became_exercisable,3,1,2,3,0,-1,8,A,primary_causal_resettable_warrant_event,"The exercisable reset structure is a material dilution channel and temporally precedes the price move. The filing does not quantify completed exercise or terminal old-common treatment, so A++ or S would overstate the evidence."
MANUAL-SEC-GNLN-20250505-NASDAQ-RULE5101-DELISTING-DETERMINATION,cik:0001743745,GNLN,2025-05-05,Nasdaq_discretionary_delisting_determination_linked_to_dilutive_offering,2025-05-05,8-K,3.01;8.01;9.01,https://www.sec.gov/Archives/edgar/data/1743745/000164117225009498/form8-k.htm,Nasdaq staff determined to delist Greenlane under Rule 5101 after concluding that the February offering and alternate cashless Series B warrant structure raised public-interest concerns through substantial dilution.,verified,delisting_or_suspension,Nasdaq_discretionary_delisting_determination_linked_to_dilutive_offering,3,2,2,3,0,-1,9,A,positive_forced_delisting_determination_boundary,The staff determination is a completed market-access event even though Greenlane appealed and trading had not yet been suspended. It is not S-level common-equity death.
CAND-9183171484539816143,permaticker:635585,JBIO,2024-06-17,volume_crash,2024-06-17,8-K exhibit,historical AVTE identity,https://www.sec.gov/Archives/edgar/data/1798749/000110465924072058/tm2417394d1_ex99-1.htm,"The June 17, 2024 clinical event belonged to Aerovate Therapeutics under ticker AVTE, not the later Jade Biosciences name and JBIO ticker.",rejected,source_metadata_control,current_ticker_and_name_backfilled_into_historical_event,0,0,0,0,0,0,0,rejected,rejected_identity_backfill_replaced_by_manual_event,Reject the vendor's current identity and price proxy. The manual AVTE event preserves the event-time issuer and the causal clinical failure.
MANUAL-SEC-AVTE-20240617-CORE-PHASE2B-FAILURE-PHASE3-SHUTDOWN,cik:0001798749,AVTE,2024-06-17,core_phase_2b_failure_and_phase_3_shutdown,2024-06-17,8-K exhibit,Phase 2b results and program shutdown,https://www.sec.gov/Archives/edgar/data/1798749/000110465924072058/tm2417394d1_ex99-1.htm,AV-101 failed the Phase 2b primary endpoint at every dose and produced no meaningful six-minute-walk improvement; Aerovate halted enrollment and shut down Phase 3 and the long-term extension.,verified,clinical_program_failure,core_phase_2b_failure_and_phase_3_shutdown,3,2,3,3,0,-1,10,A++,primary_core_program_failure_event,"The central program failed and its Phase 3 path was terminated, supporting A++. Approximately $100 million of cash remained, so this is not terminal common-equity evidence and not S."
CAND-4586642729249077353,permaticker:636563,LIANY,2024-03-15,volume_crash,2024-02-13,8-K,special dividend and historical LIAN identity,https://www.sec.gov/Archives/edgar/data/1831283/000183128324000004/lian-20240209.htm,"The March 15, 2024 price observation was the ex-dividend adjustment after LianBio paid a $4.80 per ADS special cash dividend on March 14; the Nasdaq ticker at the time was LIAN, not later OTC ticker LIANY.",rejected,source_metadata_control,historical_identity_backfill_and_cash_dividend_price_adjustment_proxy,0,0,0,0,0,0,0,rejected,rejected_mechanical_price_adjustment_replaced_by_manual_event,Do not learn a negative event from a mechanical ex-dividend price drop or a later ticker backfill. The February 13 wind-down decision is represented separately.
MANUAL-SEC-LIAN-20240213-WIND-DOWN-CASH-DIVIDEND,cik:0001831283,LIAN,2024-02-13,operational_wind_down_asset_sales_and_cash_return,2024-02-13,8-K,2.05;3.01;7.01;8.01;9.01,https://www.sec.gov/Archives/edgar/data/1831283/000183128324000004/lian-20240209.htm,"LianBio approved a full operational wind-down, pipeline asset sales, workforce reductions and Nasdaq delisting while returning approximately $528 million through a $4.80 per ADS special dividend.",verified,strategic_wind_down,operational_wind_down_asset_sales_and_cash_return,3,0,1,3,0,-2,5,B,cash_returning_wind_down_boundary,This is a completed wind-down decision but not common-equity death: holders received a large cash dividend and potential later distributions remained possible. Preserve the cash-returning liquidation boundary at B.
CAND-1715364524253669911,permaticker:187426,TTOO,2023-10-13,reverse_split,2023-10-12,8-K exhibit,one-for-100 listing-compliance split,https://www.sec.gov/Archives/edgar/data/1492674/000119312523255047/d551631dex991.htm,T2 Biosystems effected a one-for-100 reverse split intended to regain Nasdaq minimum-bid compliance; later filings confirmed compliance was regained without a contemporaneous financing being identified.,verified,equity_dilution,one_for_100_listing_compliance_reverse_split,3,0,1,3,0,-2,5,B,listing_compliance_split_without_contemporaneous_financing,"Treat the split as listing remediation, not automatic dilution. No same-episode financing or asymmetric capital expansion was established."
CAND-7954261907362069939,permaticker:636682,VBIO,2023-08-23,reverse_split,2023-08-23,8-K,historical TIVC identity,https://www.sec.gov/Archives/edgar/data/1787740/000095017023043808/tivc-20230821.htm,"The August 23, 2023 split belonged to Tivic Health Systems under ticker TIVC, not the later Vio Biotech name and VBIO ticker.",rejected,source_metadata_control,current_ticker_and_name_backfilled_into_historical_event,0,0,0,0,0,0,0,rejected,rejected_identity_backfill_replaced_by_manual_event,Reject the vendor's later identity. The manual TIVC event preserves the historical issuer and proportional split mechanics.
MANUAL-SEC-TIVC-20230823-LISTING-COMPLIANCE-REVERSE-SPLIT,cik:0001787740,TIVC,2023-08-23,one_for_100_listing_compliance_reverse_split,2023-08-23,8-K,one-for-100 reverse split,https://www.sec.gov/Archives/edgar/data/1787740/000095017023043808/tivc-20230821.htm,"TIVC implemented a one-for-100 Nasdaq-compliance split with authorized shares unchanged and options, warrants and convertible securities adjusted proportionally; Nasdaq later confirmed continued listing.",verified,equity_dilution,one_for_100_listing_compliance_reverse_split,3,0,1,3,0,-2,5,B,listing_compliance_split_without_contemporaneous_financing,The proportional adjustment and later listing continuation support B. A prior delisting notice does not turn the split mechanics themselves into realized dilution.
CAND-7734180525257274361,permaticker:632027,CHAI,2023-08-09,reverse_split,2023-08-09,6-K,historical SYTA identity,https://www.sec.gov/Archives/edgar/data/1649009/000121390023064539/ea183097-6k_siyata.htm,"The August 9, 2023 consolidation belonged to Siyata Mobile under ticker SYTA, not the later Core AI Holdings name and CHAI ticker.",rejected,source_metadata_control,current_ticker_and_name_backfilled_into_historical_event,0,0,0,0,0,0,0,rejected,rejected_identity_backfill_replaced_by_manual_event,Reject the vendor's later identity. The manual SYTA event preserves the historical issuer and proportional consolidation.
MANUAL-SEC-SYTA-20230809-PROPORTIONAL-COMPLIANCE-CONSOLIDATION,cik:0001649009,SYTA,2023-08-09,one_for_100_listing_compliance_share_consolidation,2023-08-09,6-K,100-for-1 consolidation,https://www.sec.gov/Archives/edgar/data/1649009/000121390023064539/ea183097-6k_siyata.htm,"SYTA consolidated 185,393,404 common shares to approximately 1,853,955 and reduced authorized capital proportionally, with options, warrants and restricted shares adjusted for Nasdaq compliance.",verified,equity_dilution,one_for_100_listing_compliance_share_consolidation_with_proportional_authorized_adjustment,3,0,1,3,0,-2,5,B,listing_compliance_split_without_authorized_share_expansion,"Both outstanding and authorized shares contracted proportionally. No contemporaneous financing was established, so B is more faithful than an automatic dilution label."
CAND-6328160829742121749,permaticker:116090,DVLT,2023-01-27,reverse_split,2023-01-26,8-K,historical WISA identity,https://www.sec.gov/Archives/edgar/data/1682149/000110465923007078/tm234521d1_8k.htm,"The January 27, 2023 split belonged to WiSA Technologies under ticker WISA, not the later Datavault AI name and DVLT ticker.",rejected,source_metadata_control,current_ticker_and_name_backfilled_into_historical_event,0,0,0,0,0,0,0,rejected,rejected_identity_backfill_replaced_by_manual_event,"Reject the later corporate identity. Separate manual WISA events preserve the delisting determination, split mechanics and subsequent financing as distinct facts."
MANUAL-SEC-WISA-20230118-NASDAQ-LOW-PRICE-DELISTING-DETERMINATION,cik:0001682149,WISA,2023-01-18,Nasdaq_low_price_staff_delisting_determination,2023-01-18,8-K,3.01,https://www.sec.gov/Archives/edgar/data/1682149/000110465923005432/tm234085d1_8k.htm,Nasdaq staff determined to delist WISA under the Low Priced Stocks Rule after ten consecutive closes at $0.10 or less; WiSA appealed and trading continued while the appeal was pending.,verified,delisting_or_suspension,Nasdaq_low_price_staff_delisting_determination,3,2,2,3,0,-1,9,A,positive_forced_delisting_determination_boundary,"The staff determination is a completed access-risk event, but the appeal stayed suspension and common equity remained outstanding. Retain A, not S."
MANUAL-SEC-WISA-20230127-ONE-FOR-100-REVERSE-SPLIT,cik:0001682149,WISA,2023-01-27,one_for_100_listing_compliance_reverse_split,2023-01-26,8-K,3.03;5.03;8.01;9.01,https://www.sec.gov/Archives/edgar/data/1682149/000110465923007078/tm234521d1_8k.htm,WISA began one-for-100 split-adjusted trading January 27 to address Nasdaq compliance; authorized shares stayed unchanged and warrants and equity awards were adjusted.,verified,equity_dilution,one_for_100_listing_compliance_reverse_split,3,0,1,3,0,-2,5,B,listing_compliance_split_separate_from_later_financing,The split mechanics remain B. The financing agreed four days later is represented as its own A event and is not backfilled into the split label.
MANUAL-SEC-WISA-20230203-COMMON-PREFUNDED-AND-WARRANT-FINANCING,cik:0001682149,WISA,2023-02-03,common_prefunded_and_private_warrant_financing,2023-02-03,8-K,1.01;1.02;2.04;3.02;7.01;9.01,https://www.sec.gov/Archives/edgar/data/1682149/000110465923010608/tm235213d2_8k.htm,"WiSA closed 201,544 common shares, 381,762 near-zero exercise pre-funded warrants and 874,959 immediately exercisable five-year private warrants for approximately $6.2 million gross proceeds.",verified,equity_dilution,common_prefunded_and_private_warrant_financing,3,1,2,3,0,-1,8,A,primary_causal_realized_and_contingent_dilution_event,"The completed common and pre-funded issuance plus immediately exercisable private warrants is material A-grade dilution. Without a verified pre-offering legacy-share denominator or terminal common outcome, A++ or S is not justified."
CAND-13735668542659656161,permaticker:634647,EM,2026-04-28,delisted,2026-04-29,6-K exhibit,completed going-private merger,https://www.sec.gov/Archives/edgar/data/1834253/000110465926051976/tm2613184d1_ex99-1.htm,"Smart Share Global completed a cash going-private merger on April 29, 2026; each non-excluded ADS was cancelled for $1.25 cash and Nasdaq trading was suspended April 30.",rejected,corporate_action_merger,cash_going_private_merger_consideration_delisting,0,0,0,3,0,-3,0,rejected,rejected_paid_merger_and_vendor_date_proxy,"The Sharadar April 28 row is one day before the official merger effective date. More importantly, holders received explicit cash consideration, so the exchange exit is not a severe negative event or common-equity death."
CAND-5563137566312220136,permaticker:192498,MRCC,2026-04-14,delisted,2026-04-14,8-K,2.01;3.01;3.03;5.01;5.02;9.01,https://www.sec.gov/Archives/edgar/data/1512931/000114036126014615/ef20070437_8k.htm,"MRCC sold its investment assets for approximately $335.3 million, then merged into HRZN; each MRCC share converted into 0.9402 HRZN shares and legacy holders also received a pre-closing distribution.",rejected,corporate_action_merger,stock_merger_consideration_and_asset_sale_delisting,0,0,0,3,0,-3,0,rejected,rejected_paid_merger_control,"MRCC's Nasdaq exit followed completed asset consideration and a 0.9402-for-one stock merger into HRZN. It is a corporate-action control, not a negative delisting or old-common death label."
CAND-12844064326136729290,permaticker:197020,SEAC,2023-08-25,voluntarydelisting,2023-08-08,8-K exhibit,official going-dark date and rationale,https://www.sec.gov/Archives/edgar/data/1019671/000119312523205609/d496915dex991.htm,"SeaChange expected Nasdaq delisting and SEC deregistration around August 28, not August 25, to save more than $3 million annually; OTC Expert Market liquidity was explicitly uncertain.",rejected,source_metadata_control,vendor_delisting_date_not_official_effective_date,0,0,0,0,0,0,0,rejected,rejected_date_proxy_replaced_by_manual_event,Reject the August 25 supplier proxy. The manual August 28 event records the official going-dark boundary and its liquidity consequence.
MANUAL-SEC-SEAC-20230828-VOLUNTARY-GOING-DARK,permaticker:197020,SEAC,2023-08-28,voluntary_going_dark_for_cost_savings_with_uncertain_OTC_liquidity,2023-08-08,8-K exhibit,voluntary deregistration and Nasdaq delisting,https://www.sec.gov/Archives/edgar/data/1019671/000119312523205609/d496915dex991.htm,"SeaChange chose going dark after rejecting strategic alternatives it considered undervalued, expected annual savings above $3 million and warned that an OTC Expert Market trading market might not be maintained.",verified,delisting_or_suspension,voluntary_going_dark_for_cost_savings_with_uncertain_OTC_liquidity,3,0,1,3,0,-2,5,B,voluntary_going_dark_market_access_boundary,Going dark materially reduces disclosure and liquidity but does not cancel common equity or prove insolvency. Preserve B as the voluntary market-access contraction boundary.
CAND-17499684264787113758,permaticker:191147,BNSOF,2023-06-30,voluntarydelisting,2023-06-13,issuer press release,historical BNSO identity and July 11 effective date,https://www.bonso.com/cmsing/news/pdf/NEWS-GB-20230613182320-015.pdf,The event belonged to Nasdaq ticker BNSO and became legally effective July 11; BNSOF is the later OTC identity and June 30 is a vendor transition proxy.,rejected,source_metadata_control,current_OTC_ticker_and_transition_date_backfilled_into_historical_event,0,0,0,0,0,0,0,rejected,rejected_identity_and_date_proxy_replaced_by_manual_event,Reject the BNSOF/June 30 proxy. The manual BNSO event uses the official July 11 effective date and board rationale.
MANUAL-OFFICIAL-BNSO-20230711-VOLUNTARY-GOING-DARK,permaticker:191147,BNSO,2023-07-11,voluntary_going_dark_below_300_record_holders,2023-06-13,issuer press release,voluntary Nasdaq delisting and deregistration plan,https://www.bonso.com/cmsing/news/pdf/NEWS-GB-20230613182320-015.pdf,"Bonso voluntarily left Nasdaq and deregistered because fewer than 300 record holders, thin trading and public-company costs made the listing burden disproportionate; shares subsequently traded OTC Pink.",verified,delisting_or_suspension,voluntary_going_dark_below_300_record_holders,3,0,1,3,0,-2,5,B,voluntary_going_dark_market_access_boundary,"The event reduced venue quality and disclosure but preserved common equity and an OTC path. It is B, not a forced delisting, insolvency or equity-death event."
CAND-11914584568816445943,permaticker:190797,ABBNY,2023-05-22,voluntarydelisting,2023-04-25,6-K,historical ABB ticker and May 23 effective date,https://www.sec.gov/Archives/edgar/data/1091587/000110465923049355/tm2313664d1_6k.htm,The NYSE event belonged to ticker ABB and became effective May 23; ABBNY is the post-delisting Level I OTC ADR ticker and May 22 is a supplier proxy.,rejected,source_metadata_control,post_delisting_OTC_ticker_and_pre_effective_date_backfilled,0,0,0,0,0,0,0,rejected,rejected_identity_and_date_proxy_replaced_by_manual_event,"Reject the ABBNY/May 22 row. The manual ABB event records the May 23 NYSE exit while Swiss, Swedish and U.S. OTC access continued."
MANUAL-SEC-ABB-20230523-NYSE-ADR-DELISTING,cik:0001091587,ABB,2023-05-23,voluntary_US_ADR_delisting_with_foreign_primary_listings_and_OTC_continuation,2023-04-25,6-K,NYSE ADR delisting and continuing listings,https://www.sec.gov/Archives/edgar/data/1091587/000110465923049355/tm2313664d1_6k.htm,"ABB simplified from three exchange venues: ordinary shares remained listed on SIX Swiss and Nasdaq Stockholm, and a sponsored Level I ADR continued in the U.S. OTC market after the NYSE exit.",verified,delisting_or_suspension,voluntary_US_ADR_delisting_with_foreign_primary_listings_and_OTC_continuation,3,0,1,3,0,-2,5,B,dual_listing_or_ADR_exit_boundary,"This is venue simplification with multiple continuing trading channels, not enterprise distress or old-common impairment. B preserves the modest U.S. access contraction."
CAND-14703863605153835994,permaticker:165499,DTEAF,2023-04-14,voluntarydelisting,2023-03-27,8-K exhibit,historical DTEA identity and TSXV transfer,https://www.sec.gov/Archives/edgar/data/1627606/000147793223001753/dtea_ex991.htm,"The April 14 Nasdaq exit belonged to ticker DTEA, not later OTC ticker DTEAF; the common shares had already begun trading on TSXV April 3.",rejected,source_metadata_control,current_OTC_ticker_backfilled_into_exchange_transfer_event,0,0,0,0,0,0,0,rejected,rejected_identity_backfill_replaced_by_manual_event,Reject the DTEAF identity on the historical row. The manual DTEA event preserves the Nasdaq-to-TSXV transfer and official date.
MANUAL-SEC-DTEA-20230414-NASDAQ-TO-TSXV-TRANSFER,permaticker:165499,DTEA,2023-04-14,voluntary_Nasdaq_exit_with_TSXV_transfer_after_bid_price_deficiency,2023-03-27,8-K exhibit,Nasdaq exit and TSXV listing,https://www.sec.gov/Archives/edgar/data/1627606/000147793223001753/dtea_ex991.htm,DAVIDsTEA moved its primary trading venue to TSXV after concluding Nasdaq bid-price compliance was unlikely and that a Canadian listing better matched its business while reducing administrative burden.,verified,delisting_or_suspension,voluntary_Nasdaq_exit_with_TSXV_transfer_after_bid_price_deficiency,3,0,1,3,0,-2,5,B,dual_listing_or_exchange_transfer_boundary,"A listing deficiency supplied context, but exchange trading continued on TSXV with no equity cancellation or financing impairment. Retain B."
CAND-13024199360781950533,permaticker:190079,CAJPY,2023-03-06,voluntarydelisting,2023-03-07,6-K,historical CAJ identity,https://www.sec.gov/Archives/edgar/data/16988/000119312523062032/d474828d6k.htm,The March 6 NYSE event belonged to ticker CAJ; CAJPY is the later OTC ADR ticker. Canon retained four Japanese listings and its sponsored U.S. ADR program.,rejected,source_metadata_control,post_delisting_OTC_ticker_backfilled_into_historical_event,0,0,0,0,0,0,0,rejected,rejected_identity_backfill_replaced_by_manual_event,Reject the CAJPY backfill and replace it with the event-time CAJ manual record.
MANUAL-SEC-CAJ-20230306-NYSE-ADR-DELISTING,cik:0000016988,CAJ,2023-03-06,voluntary_US_ADR_delisting_with_Japan_listings_and_OTC_continuation,2023-03-07,6-K,effective NYSE delisting and continuing venues,https://www.sec.gov/Archives/edgar/data/16988/000119312523062032/d474828d6k.htm,"Canon's NYSE ADR delisting became effective March 6 while Tokyo, Nagoya, Fukuoka and Sapporo listings and the sponsored U.S. ADR facility continued.",verified,delisting_or_suspension,voluntary_US_ADR_delisting_with_Japan_listings_and_OTC_continuation,3,0,1,3,0,-2,5,B,dual_listing_or_ADR_exit_boundary,"The U.S. exchange channel narrowed, but multiple Japanese listings and OTC ADR access remained. This is a B venue event, not corporate distress."
CAND-7291882059640577394,permaticker:166517,PTNRY,2023-02-15,voluntarydelisting,2023-01-26,6-K,historical PTNR identity and sole-listing date,https://www.sec.gov/Archives/edgar/data/1096691/000117891323000296/zk2329084.htm,"The Nasdaq event belonged to ticker PTNR, not later OTC ticker PTNRY; February 15 was the final U.S. trading day and TASE became the sole official listing February 16.",rejected,source_metadata_control,post_delisting_OTC_ticker_and_last_trading_date_backfilled,0,0,0,0,0,0,0,rejected,rejected_identity_and_date_proxy_replaced_by_manual_event,Reject the PTNRY/February 15 proxy. The manual PTNR event uses the sole-listing transition date and records continuing TASE access.
MANUAL-SEC-PTNR-20230216-NASDAQ-TO-TASE-SOLE-LISTING,cik:0001096691,PTNR,2023-02-16,voluntary_Nasdaq_ADS_exit_with_TASE_sole_listing,2023-01-26,6-K,Nasdaq ADS exit and TASE sole listing,https://www.sec.gov/Archives/edgar/data/1096691/000117891323000296/zk2329084.htm,Partner concentrated trading on TASE because the vast majority of equity trading and operations were in Israel; the ADR program remained and OTC availability was expected.,verified,delisting_or_suspension,voluntary_Nasdaq_ADS_exit_with_TASE_sole_listing,3,0,1,3,0,-2,5,B,dual_listing_or_ADR_exit_boundary,TASE remained the official exchange and the ADR program continued. B captures the U.S. venue contraction without implying enterprise distress.
CAND-16810253294807158690,permaticker:120316,CEAYY,2023-02-02,voluntarydelisting,2023-01-13,issuer and Hong Kong exchange announcement,historical CEA identity and official effective date,https://www.ceair.com/global/en_static/AboutChinaEasternAirlines/intoEasternAirlines/InvestorRelations/announcement/HongKongStockExchange/hkExcReleased2023/202301/P020230113765859770693.pdf,"The NYSE event belonged to ticker CEA, not later OTC ticker CEAYY; February 2 was the last trading day and the Form 25 delisting became effective February 3.",rejected,source_metadata_control,post_delisting_OTC_ticker_and_last_trading_date_backfilled,0,0,0,0,0,0,0,rejected,rejected_identity_and_date_proxy_replaced_by_manual_event,Reject the CEAYY/February 2 row. The manual CEA event uses the effective date and continuing Hong Kong/Shanghai listings.
MANUAL-OFFICIAL-CEA-20230203-NYSE-ADS-DELISTING,cik:0001030475,CEA,2023-02-03,voluntary_NYSE_ADS_exit_with_Hong_Kong_and_Shanghai_listings,2023-01-13,issuer and Hong Kong exchange announcement,commercial rationale and continuing H-share listing,https://www.ceair.com/global/en_static/AboutChinaEasternAirlines/intoEasternAirlines/InvestorRelations/announcement/HongKongStockExchange/hkExcReleased2023/202301/P020230113765859770693.pdf,"China Eastern cited small ADS representation and volume, no NYSE follow-on financing, sufficient Hong Kong and Shanghai alternatives and U.S. costs; H shares continued trading in Hong Kong.",verified,delisting_or_suspension,voluntary_NYSE_ADS_exit_with_Hong_Kong_and_Shanghai_listings,3,0,1,3,0,-2,5,B,dual_listing_or_ADR_exit_boundary,"Primary H-share and A-share markets continued, so this is a B venue consolidation rather than equity impairment or forced distress."
CAND-856055598683263921,permaticker:116539,ZNHYY,2023-02-02,voluntarydelisting,2023-01-13,Hong Kong exchange issuer announcement,historical ZNH identity and official effective date,https://www1.hkexnews.hk/listedco/listconews/sehk/2023/0113/2023011300799.pdf,"The NYSE event belonged to ticker ZNH, not later OTC ticker ZNHYY; February 2 was the last trading day and the delisting became effective February 3.",rejected,source_metadata_control,post_delisting_OTC_ticker_and_last_trading_date_backfilled,0,0,0,0,0,0,0,rejected,rejected_identity_and_date_proxy_replaced_by_manual_event,Reject the ZNHYY/February 2 row. The manual ZNH event uses the effective date and continuing Hong Kong/Shanghai listings.
MANUAL-OFFICIAL-ZNH-20230203-NYSE-ADS-DELISTING,cik:0001041668,ZNH,2023-02-03,voluntary_NYSE_ADS_exit_with_Hong_Kong_and_Shanghai_listings,2023-01-13,Hong Kong exchange issuer announcement,commercial rationale and continuing H-share listing,https://www1.hkexnews.hk/listedco/listconews/sehk/2023/0113/2023011300799.pdf,"China Southern cited limited ADS volume, no NYSE follow-on financing, adequate Hong Kong and Shanghai alternatives and U.S. costs; H shares continued trading in Hong Kong.",verified,delisting_or_suspension,voluntary_NYSE_ADS_exit_with_Hong_Kong_and_Shanghai_listings,3,0,1,3,0,-2,5,B,dual_listing_or_ADR_exit_boundary,Primary H-share and A-share markets continued. B captures the U.S. venue exit without mislabeling corporate distress or common-equity death.
CAND-2300593662426331722,permaticker:640286,PXDT,2024-11-15,bankruptcy_liquidation,2024-10-23,SEC Form 6-K exhibit,voluntary Nasdaq ADR delisting plan,https://www.sec.gov/Archives/edgar/data/1962845/000121390024089867/ea021841201ex99-1_pixiedust.htm,"PXDT's November 15 exchange exit was a voluntary ADR delisting for cost reduction, not a bankruptcy or liquidation filing.",rejected,source_metadata_control,voluntary_ADR_delisting_mislabeled_as_bankruptcy_liquidation,0,0,0,3,0,-3,0,rejected,rejected_source_family_mismatch_replaced_by_manual_event,Reject only the bankruptcy label. The separate manual PXDT record preserves the real cost-driven listing exit at its November 15 effective date.
MANUAL-SEC-PXDT-20241115-VOLUNTARY-ADR-DELISTING,permaticker:640286,PXDT,2024-11-15,voluntary_Nasdaq_ADR_delisting_for_cost_reduction_with_no_exchange_listing,2024-10-23,SEC Form 6-K exhibit,"reason, effective date and post-delisting venue",https://www.sec.gov/Archives/edgar/data/1962845/000121390024089867/ea021841201ex99-1_pixiedust.htm,Pixie Dust voluntarily removed its ADRs from Nasdaq because of listing and U.S. reporting costs and said its ordinary shares would not be listed on another exchange after November 15.,verified,voluntary_listing_exit,voluntary_Nasdaq_ADR_delisting_for_cost_reduction_with_no_exchange_listing,1,0,1,3,0,-2,3,B,positive_low_severity_voluntary_listing_exit_boundary,"The market-access contraction is real, but it is voluntary, cost-driven and does not prove insolvency, cancellation or zero recovery for ordinary shares."
CAND-14268106702117736336,permaticker:636668,BCSA,2024-11-12,bankruptcy_liquidation,2024-10-31,SEC Form 8-K,SPAC dissolution and trust redemption,https://www.sec.gov/Archives/edgar/data/1873441/000121390024092914/ea0219236-8k_block1.htm,BCSA elected ordinary SPAC dissolution after terminating its proposed combination and returned public holders their pro-rata cash trust value.,rejected,spac_lifecycle,SPAC_cash_trust_redemption_and_dissolution_not_bankruptcy,0,0,0,3,0,-3,0,rejected,rejected_source_mismatch_control,Corporate dissolution terminology does not imply insolvency when public holders receive trust cash; preserve this as a hard bankruptcy false-positive control.
CAND-14720104858004506388,permaticker:636625,NPAB,2024-11-08,bankruptcy_liquidation,2024-11-08,SEC Form 8-K,"SPAC wind-up, trust redemption and warrant expiry",https://www.sec.gov/Archives/edgar/data/1837929/000121390024095899/ea0220540-8k_newpro2.htm,"NPAB abandoned its extension and entered ordinary SPAC wind-up, redeeming public shares from the trust while warrants expired worthless.",rejected,spac_lifecycle,SPAC_trust_redemption_and_warrant_expiry_not_bankruptcy,0,0,0,3,0,-3,0,rejected,rejected_source_mismatch_control,Warrants expiring worthless does not turn a cash-returning public-share redemption into an operating-company bankruptcy or old-common zero-recovery event.
CAND-11172393974034277754,permaticker:632051,LILMF,2024-11-05,bankruptcy_liquidation,2024-10-28,SEC Form 6-K,principal operating subsidiaries filed for German insolvency,https://www.sec.gov/Archives/edgar/data/1855756/000110465924113694/tm2427387d1_6k.htm,"The real insolvency event occurred October 28 under ticker LILM, not on the November 5 vendor row using later OTC ticker LILMF.",rejected,source_metadata_control,post_insolvency_OTC_ticker_and_vendor_date_backfill,0,0,0,0,0,0,0,rejected,rejected_identity_and_date_proxy_replaced_by_manual_event,Reject the LILMF/November 5 proxy and use the manual LILM event at the court filing date so identity and event time remain leakage-safe.
MANUAL-SEC-LILM-20241028-GERMAN-SUBSIDIARY-INSOLVENCY,permaticker:632051,LILM,2024-10-28,principal_operating_subsidiaries_German_self_administration_insolvency,2024-10-28,SEC Form 6-K,court-approved self-administration of principal operating subsidiaries,https://www.sec.gov/Archives/edgar/data/1855756/000110465924113694/tm2427387d1_6k.htm,"Lilium's two principal operating subsidiaries filed for German insolvency after funding stopped; the court opened preliminary proceedings, approved self-administration and appointed a custodian.",verified,bankruptcy_or_distress,principal_operating_subsidiaries_German_self_administration_insolvency,3,3,2,3,0,-1,10,A++,positive_operating_subsidiary_insolvency_boundary,"The operating core entered a real court insolvency process, supporting A++. S is withheld because the filing did not establish the parent common shares' cancellation or recovery outcome."
CAND-5053954079282372747,permaticker:637277,GAQ,2024-11-05,bankruptcy_liquidation,2024-10-23,SEC Form 8-K,"SPAC deadline, dissolution and trust redemption",https://www.sec.gov/Archives/edgar/data/1852061/000095017024116671/gaq-20241023.htm,GAQ did not extend its SPAC deadline and redeemed every public Class A share from the trust before dissolution.,rejected,spac_lifecycle,SPAC_deadline_cash_trust_redemption_not_bankruptcy,0,0,0,3,0,-3,0,rejected,rejected_source_mismatch_control,"The public security converted into its pro-rata trust cash; this is a contractual SPAC endpoint, not an insolvency petition."
CAND-9562722756522745030,permaticker:636629,RRAC,2024-11-04,bankruptcy_liquidation,2024-11-05,SEC Form 8-K exhibit,NYSE three-year SPAC listing limit,https://www.sec.gov/Archives/edgar/data/1860879/000182912624007294/rigelresource_ex99-1.htm,NYSE suspended RRAC because a SPAC cannot remain listed more than three years without a business combination; OTC trading and the Blyvoor transaction continued.,rejected,spac_lifecycle,SPAC_three_year_exchange_deadline_with_OTC_continuity_not_bankruptcy,0,0,0,3,0,-3,0,rejected,rejected_source_mismatch_control,An exchange SPAC clock and market transfer are not insolvency; the company was still pursuing its announced business combination.
CAND-14040700049659205099,permaticker:636575,ONYX,2024-11-01,bankruptcy_liquidation,2024-10-25,SEC Form 8-K,"SPAC dissolution, trust redemption and warrant expiry",https://www.sec.gov/Archives/edgar/data/1849548/000121390024090851/ea0218639-8k_onyxacq1.htm,ONYX chose ordinary SPAC wind-up and cash trust redemption after failing to complete a transaction; no court insolvency proceeding was disclosed.,rejected,spac_lifecycle,SPAC_cash_trust_redemption_and_dissolution_not_bankruptcy,0,0,0,3,0,-3,0,rejected,rejected_source_mismatch_control,Public common holders retained trust-value recovery; warrant expiry is a security-class outcome and does not prove operating-company bankruptcy.
CAND-13361013850772524310,permaticker:636547,SEDA,2024-10-31,bankruptcy_liquidation,2024-10-31,SEC Form 8-K,SPAC dissolution and approximately 11.31 dollar trust redemption,https://www.sec.gov/Archives/edgar/data/1846975/000182912624007252/sdcledgeacq_8k.htm,SEDA elected SPAC dissolution and estimated approximately $11.31 cash per public share from its trust; only the warrants expired worthless.,rejected,spac_lifecycle,SPAC_cash_trust_redemption_with_warrant_expiry_not_bankruptcy,0,0,0,3,0,-3,0,rejected,rejected_source_mismatch_control,Cash recovery for public shares makes this a hard negative for equity-death training even though the issuer used dissolution and liquidation terminology.
CAND-15146166830623677356,permaticker:633206,JWSM,2024-10-31,bankruptcy_liquidation,2025-03-26,SEC Form 10-K,NYSE American SPAC deadline delisting and OTC continuation,https://www.sec.gov/Archives/edgar/data/1831359/000141057825000474/jwsm-20241231x10k.htm,"JWSM was delisted for exceeding the NYSE American SPAC business-combination clock, continued on OTC and subsequently extended its transaction deadline.",rejected,spac_lifecycle,SPAC_deadline_delisting_with_OTC_continuity_not_bankruptcy,0,0,0,3,0,-3,0,rejected,rejected_source_and_date_mismatch_control,The October 31 vendor bankruptcy row precedes the November 1 delisting outcome and misstates its cause; neither the listing exit nor later redemptions were a bankruptcy petition.
CAND-12450456510191959880,permaticker:635666,VEVMQ,2024-10-30,bankruptcy_liquidation,2024-10-21,Supreme Court of British Columbia receivership order,all-asset receivership under Bankruptcy and Insolvency Act,https://cfcanada.fticonsulting.com/vicinity/docs/2024-10-21%20Order%20Made%20After%20Application%20%28Receivership%20Order%29.pdf,"The real Vicinity event occurred October 21 under event-time ticker VEV, before the October 30 VEVMQ vendor proxy.",rejected,source_metadata_control,post_receivership_OTC_ticker_and_vendor_date_backfill,0,0,0,0,0,0,0,rejected,rejected_identity_and_date_proxy_replaced_by_manual_event,Reject the VEVMQ/October 30 proxy and use the entered receivership order under VEV on October 21 as the legal event.
MANUAL-COURT-VEV-20241021-ALL-ASSET-RECEIVERSHIP,permaticker:635666,VEV,2024-10-21,court_appointed_receiver_over_all_assets_under_Canadian_BIA,2024-10-21,Supreme Court of British Columbia receivership order,court-appointed receiver over all group assets,https://cfcanada.fticonsulting.com/vicinity/docs/2024-10-21%20Order%20Made%20After%20Application%20%28Receivership%20Order%29.pdf,"The Supreme Court of British Columbia appointed FTI receiver and manager over all assets, undertakings and property of Vicinity and its operating affiliates under the BIA.",verified,bankruptcy_or_distress,court_appointed_receiver_over_all_assets_under_Canadian_BIA,3,3,2,3,0,-1,10,A++,positive_all_asset_receivership_boundary,All-asset court receivership is a severe realized creditor-control event. S is withheld because neither the order nor Chapter 15 recognition proves cancellation or zero recovery for old common shares.
CAND-13296752364725808217,permaticker:639789,SBXC,2024-10-30,bankruptcy_liquidation,2024-11-04,issuer liquidation announcement,SPAC deadline and public-share trust redemption,https://www.businesswire.com/news/home/20241104563330/en/SilverBox-Corp-III-Announces-Liquidation-and-Redemption-of-its-Public-Shares,SBXC missed its combination deadline and returned public holders their cash trust redemption; the October 30 row was not a bankruptcy filing.,rejected,spac_lifecycle,SPAC_cash_trust_redemption_and_dissolution_not_bankruptcy,0,0,0,3,0,-3,0,rejected,rejected_source_and_date_mismatch_control,"Public trust recovery and a later November announcement make this an ordinary SPAC endpoint, not an October operating-company bankruptcy."
CAND-7716015120342294866,permaticker:636564,VSAC,2024-10-25,bankruptcy_liquidation,2024-10-21,SEC Form 8-K,unfunded extension and SPAC trust wind-up,https://www.sec.gov/Archives/edgar/data/1883983/000149315224041805/form8-k.htm,"VSAC's sponsor did not fund another extension, so the company entered charter wind-up and trust redemption rather than court insolvency.",rejected,spac_lifecycle,unfunded_SPAC_extension_followed_by_trust_redemption_not_bankruptcy,0,0,0,3,0,-3,0,rejected,rejected_source_mismatch_control,A sponsor's decision not to extend a blank-check vehicle does not establish insolvency or zero recovery for the redeemable public shares.
CAND-10722181522118635522,permaticker:636475,GTAC,2024-10-17,bankruptcy_liquidation,2024-10-16,SEC Form 8-K exhibit,SPAC liquidation with approximately 11.50 dollar redemption,https://www.sec.gov/Archives/edgar/data/1848821/000149315224041308/ex99-1.htm,GTAC announced ordinary SPAC liquidation and approximately $11.50 cash for each public share after missing its combination deadline.,rejected,spac_lifecycle,SPAC_deadline_cash_trust_redemption_not_bankruptcy,0,0,0,3,0,-3,0,rejected,rejected_source_mismatch_control,The cash redemption is a hard negative for bankruptcy and common-equity-death training despite the words dissolve and liquidate.
CAND-16511279602606559239,permaticker:121722,GENE,2024-10-16,bankruptcy_liquidation,2024-11-20,SEC Form 6-K exhibit,Australian voluntary administrator appointment,https://www.sec.gov/Archives/edgar/data/1166272/000149315224046931/ex99-1.htm,"The actual administration began November 20 after funding efforts failed, not on the October 16 vendor date.",rejected,source_metadata_control,future_voluntary_administration_backfilled_to_earlier_vendor_date,0,0,0,0,0,0,0,rejected,rejected_future_leakage_proxy_replaced_by_manual_event,The October 16 row predates the administrator appointment by 35 days and cannot receive the later outcome; use the separate November 20 event.
MANUAL-SEC-GENE-20241120-VOLUNTARY-ADMINISTRATION,permaticker:121722,GENE,2024-11-20,Australian_voluntary_administration_after_failed_minimum_capital_raise,2024-11-20,SEC Form 6-K exhibit,failed capital raise and voluntary administration,https://www.sec.gov/Archives/edgar/data/1166272/000149315224046931/ex99-1.htm,Genetic Technologies appointed FTI voluntary administrators after failing to raise required capital; they began a sale-or-recapitalisation process while trading remained suspended.,verified,bankruptcy_or_distress,Australian_voluntary_administration_after_failed_minimum_capital_raise,3,3,2,3,0,-1,10,A++,positive_voluntary_administration_boundary,The funding failure and realized administrator control support A++. S is withheld because a sale or recapitalisation remained possible and old-common recovery was not resolved.
CAND-15443263413233251184,permaticker:111025,GHSI,2024-10-11,bankruptcy_liquidation,2024-10-30,SEC Form 8-K,effective Delaware dissolution with distribution rights,https://www.sec.gov/Archives/edgar/data/1642375/000149315224043229/form8-k.htm,GHSI's October 11 row was a delisting filing; the legal dissolution became effective October 30 and preserved shareholder rights to liquidation-plan distributions.,rejected,source_metadata_control,delisting_form_date_backfilled_as_bankruptcy_liquidation,0,0,0,0,0,0,0,rejected,rejected_date_and_event_family_proxy_replaced_by_manual_event,Form 25 is not the dissolution effective date and a cash-distributing corporate liquidation is not bankruptcy; use the October 30 manual event.
MANUAL-SEC-GHSI-20241030-DELAWARE-DISSOLUTION,permaticker:111025,GHSI,2024-10-30,asset_sale_followed_by_Delaware_dissolution_with_distribution_rights,2024-10-30,SEC Form 8-K,certificate of dissolution and residual distribution rights,https://www.sec.gov/Archives/edgar/data/1642375/000149315224043229/form8-k.htm,Guardion's certificate of dissolution became effective after its shareholder-approved asset-sale plan; common holders retained rights to plan distributions.,verified,corporate_liquidation,asset_sale_followed_by_Delaware_dissolution_with_distribution_rights,2,0,1,3,0,-2,4,B,cash_returning_corporate_liquidation_boundary,"The entity legally dissolved, but old common retained distribution rights from an asset-sale liquidation. Keep B and do not train it as terminal zero recovery."
CAND-8016913283910574684,permaticker:636992,ADRT,2024-10-10,bankruptcy_liquidation,2024-09-27,SEC Form 8-K,SPAC trust redemption after target transaction termination,https://www.sec.gov/Archives/edgar/data/1864032/000121465924016837/o9272448k.htm,ADRT elected cash trust redemption and wind-up after terminating its proposed combination; the target's separate bankruptcy did not make ADRT insolvent.,rejected,entity_source_mismatch,bankrupt_target_event_improperly_propagated_to_cash_redeeming_SPAC,0,0,0,3,0,-3,0,rejected,rejected_bankruptcy_entity_source_mismatch_control,"The bankruptcy belonged to Gresham, not ADRT. ADRT public shares received trust cash, so both issuer identity and security treatment contradict the vendor label."
CAND-1537607183576760973,permaticker:636210,HHGC,2024-10-02,bankruptcy_liquidation,2024-04-01,SEC Form 10-K,automatic SPAC wind-up and trust redemption after September deadline,https://www.sec.gov/Archives/edgar/data/1822886/000149315224012466/form10-k.htm,"HHGC's charter required automatic winding up and pro-rata trust redemption if no combination closed by September 23, 2024.",rejected,spac_lifecycle,automatic_SPAC_deadline_windup_with_trust_redemption_not_bankruptcy,0,0,0,3,0,-3,0,rejected,rejected_source_mismatch_control,No operating-company insolvency is shown; redeemable public shares were contractually entitled to trust cash at the SPAC deadline.
CAND-15169718660865792621,permaticker:636280,BACA,2024-09-27,bankruptcy_liquidation,2024-09-25,SEC Form 8-K exhibit,SPAC deadline and trust liquidation,https://www.sec.gov/Archives/edgar/data/1869673/000119312524225507/d871825dex991.htm,"BACA missed its combination deadline and announced trust liquidation; September 27 was the final exchange trading day, not a bankruptcy petition.",rejected,spac_lifecycle,SPAC_deadline_trust_liquidation_not_bankruptcy,0,0,0,3,0,-3,0,rejected,rejected_source_mismatch_control,The listing exit and trust distribution are ordinary blank-check lifecycle mechanics and do not support insolvency or common-equity death.
CAND-12188042467411930221,permaticker:638642,BGXXQ,2024-09-18,bankruptcy_liquidation,2025-02-22,SEC Form 8-K,actual Chapter 11 petition date and existing-common treatment,https://www.sec.gov/Archives/edgar/data/1886799/000149315225008512/form8-k.htm,"BGXX filed Chapter 11 on February 22, 2025, not September 18, 2024; the vendor row also backfilled later BGXXQ-style identity.",rejected,source_metadata_control,future_chapter_11_and_post_event_OTC_identity_backfilled,0,0,0,0,0,0,0,rejected,rejected_future_leakage_and_identity_proxy_replaced_by_manual_events,Separate the September 2024 Nasdaq exit from the February 2025 petition. Neither a future court filing nor later ticker decoration may label the earlier row.
MANUAL-SEC-BGXX-20240919-FORCED-NASDAQ-DELISTING,permaticker:638642,BGXX,2024-09-19,forced_Nasdaq_delisting_with_OTC_transition,2024-11-19,SEC Form 10-Q,September 19 Nasdaq exit and OTC continuation,https://www.sec.gov/Archives/edgar/data/1886799/000149315224046871/form10-q.htm,"Bright Green reported that BGXX was delisted from Nasdaq on September 19 and continued trading OTC, five months before the Chapter 11 petition.",verified,delisting_or_suspension,forced_Nasdaq_delisting_with_OTC_transition,2,2,1,3,0,-1,7,A,positive_forced_market_access_contraction_boundary,"The forced venue loss is a real A event, but OTC continuity and the absence of a contemporaneous insolvency filing keep it below A++ or S."
MANUAL-SEC-BGXX-20250222-CHAPTER11-PETITION,permaticker:638642,BGXX,2025-02-22,prepackaged_chapter_11_petition_with_existing_common_reorganization,2025-02-22,SEC Form 8-K,prepackaged Chapter 11 petition and proposed common treatment,https://www.sec.gov/Archives/edgar/data/1886799/000149315225008512/form8-k.htm,Bright Green filed a voluntary prepackaged Chapter 11 case; the proposed plan contemplated post-split common for existing holders instead of zero-recovery cancellation.,verified,bankruptcy_or_distress,prepackaged_chapter_11_petition_with_existing_common_reorganization,3,3,2,3,0,-1,10,A++,positive_chapter_11_petition_with_nonterminal_common_boundary,A realized Chapter 11 petition supports A++. S is prohibited because the disclosed plan preserved an equity path for existing holders rather than proving zero recovery.
CAND-5331818363365844769,permaticker:638082,SMFL,2024-09-18,bankruptcy_liquidation,2024-09-23,SEC Form 8-K,Nasdaq panel delisting cause and effective date,https://www.sec.gov/Archives/edgar/data/1851860/000121390024081099/ea0215431-8k_smart.htm,"SMFL's September 19 exchange exit followed a Nasdaq panel decision over equity, annual-meeting and filing failures, not a bankruptcy filed on September 18.",rejected,source_metadata_control,Nasdaq_noncompliance_delisting_mislabeled_as_bankruptcy_on_prior_day,0,0,0,3,0,-3,0,rejected,rejected_event_family_and_date_proxy_replaced_by_manual_event,Use the actual September 19 forced delisting record; the prior-day vendor row cannot be retained as an insolvency event.
MANUAL-SEC-SMFL-20240919-NASDAQ-DELISTING,permaticker:638082,SMFL,2024-09-19,Nasdaq_panel_delisting_for_equity_meeting_and_filing_noncompliance,2024-09-23,SEC Form 8-K,"panel decision, multiple listing failures and OTC continuation",https://www.sec.gov/Archives/edgar/data/1851860/000121390024081099/ea0215431-8k_smart.htm,"Nasdaq delisted SMFL effective September 19 after failures involving minimum equity, an annual meeting and overdue periodic reports; common continued on OTC.",verified,delisting_or_suspension,Nasdaq_panel_delisting_for_equity_meeting_and_filing_noncompliance,2,2,1,3,0,-1,7,A,positive_forced_listing_failure_boundary,"Multiple unresolved compliance failures and a final panel decision support A, while OTC continuity and no court insolvency keep the event below A++ or S."
CAND-13282839626593449659,permaticker:191808,AAMCF,2024-09-16,bankruptcy_liquidation,2024-09-16,SEC Form 15,deregistration without bankruptcy and event-time identity mismatch,https://www.sec.gov/Archives/edgar/data/1555074/000155507424000061/form15-terminationnotice.htm,AAMC deregistered after leaving NYSE American; no bankruptcy occurred and AAMCF is a later OTC alias rather than the event-time ticker.,rejected,source_metadata_control,voluntary_delisting_and_later_OTC_alias_mislabeled_as_bankruptcy,0,0,0,3,0,-3,0,rejected,rejected_identity_and_event_family_proxy_replaced_by_manual_event,Reject both the bankruptcy family and later-ticker identity. The correct September 16 event is a voluntary listing exit under AAMC.
MANUAL-SEC-AAMC-20240916-VOLUNTARY-DELISTING,permaticker:191808,AAMC,2024-09-16,voluntary_NYSE_American_delisting_and_deregistration_after_equity_deficiency,2024-09-16,Issuer press release and SEC Form 15,voluntary NYSE American exit and deregistration,https://www.otcmarkets.com/filing/conv_pdf?guid=yX8-kWhpoJPeJth&id=17787586,"AAMC voluntarily delisted and deregistered after NYSE American equity and loss-based compliance deficiencies, with subsequent OTC continuity.",verified,voluntary_listing_exit,voluntary_NYSE_American_delisting_and_deregistration_after_equity_deficiency,1,1,1,3,0,-2,4,B,positive_voluntary_listing_exit_boundary,"The venue exit is real, but it was voluntary and OTC continuity remained. Keep B and do not train it as insolvency or terminal equity death."
CAND-16601263895737041812,permaticker:637704,CPTAF,2026-04-08,delisted,2026-04-08,Issuer press release hosted by Nasdaq,panel announcement versus next-day suspension and later OTC identity,https://www.nasdaq.com/press-release/captivision-announces-nasdaq-global-markets-delisting-otc-2026-04-08,"The panel decision was announced April 8, but CAPT trading was suspended April 9; CPTAF is not the event-time exchange ticker.",rejected,source_metadata_control,later_OTC_alias_and_announcement_date_used_as_effective_delisting_event,0,0,0,3,0,-3,0,rejected,rejected_identity_and_date_proxy_replaced_by_manual_event,Replace the vendor row with the April 9 event-time CAPT suspension; announcement time and later OTC identity cannot substitute for legal effective time and ticker.
MANUAL-OFFICIAL-CAPT-20260409-NASDAQ-DELISTING,permaticker:637704,CAPT,2026-04-09,Nasdaq_panel_delisting_for_periodic_filing_deadline_failure_with_Expert_Market_transition,2026-04-08,Issuer press release hosted by Nasdaq,Nasdaq panel delisting after audited annual-report deadline failure,https://www.nasdaq.com/press-release/captivision-announces-nasdaq-global-markets-delisting-otc-2026-04-08,CAPT was suspended from Nasdaq on April 9 after missing the extended filing deadline for its 2024 audited annual report and later moved to restricted OTC tiers.,verified,delisting_or_suspension,Nasdaq_panel_delisting_for_periodic_filing_deadline_failure_with_Expert_Market_transition,2,2,1,3,0,-1,7,A,positive_forced_listing_failure_boundary,A final panel decision plus movement to restricted OTC access supports A. It remains below A++ because no court insolvency or terminal old-common outcome was established.
CAND-3225504113322900235,permaticker:121815,PIXY,2022-09-01,reverse_split,2022-08-31,SEC Form 8-K exhibit,one-for-100 reverse split effective for Nasdaq trading,https://www.sec.gov/Archives/edgar/data/1675634/000110465922096532/tm2224920d1_ex99-1.htm,"ShiftPixy confirmed a one-for-100 reverse split effective September 1, 2022; the candidate date, ticker and ratio are supported.",verified,equity_dilution,one_for_100_reverse_split,1,1,1,3,0,-2,4,B,positive_reverse_split_mechanics_boundary,"This is a correctly dated and identified capital-structure action. Keep B because a reverse split alone does not prove distress, fraud or equity death."
CAND-3005702656212439804,permaticker:119661,DXIEF,2020-09-11,reverse_split,2020-09-08,Issuer press release,event-time Canadian identity and later U.S. OTC alias mismatch,https://www.newsfilecorp.com/release/63425/DXI-Establishes-Date-of-Share-Consolidation-and-Change-of-Name,The consolidation occurred under DXI.H together with a name change to DXI Capital; DXIEF is a later U.S. OTC identity proxy.,rejected,source_metadata_control,later_OTC_alias_backfilled_over_event_time_exchange_ticker,0,0,0,3,0,-3,0,rejected,rejected_identity_proxy_replaced_by_manual_event,Reject only the vendor identity proxy; retain the real September 11 one-for-100 consolidation as a separate DXI.H manual event.
MANUAL-OFFICIAL-DXIH-20200911-ONE-FOR-100-CONSOLIDATION,permaticker:119661,DXI.H,2020-09-11,one_for_100_share_consolidation_with_name_change_after_asset_disposal,2020-09-08,Issuer press release,"one-for-100 consolidation, name change and NEX event-time ticker",https://www.newsfilecorp.com/release/63425/DXI-Establishes-Date-of-Share-Consolidation-and-Change-of-Name,"DXI Energy became DXI Capital and effected a one-for-100 consolidation under DXI.H on the TSX Venture NEX board effective September 11, 2020.",verified,capital_structure,one_for_100_share_consolidation_with_name_change_after_asset_disposal,1,1,1,3,0,-2,4,B,positive_share_consolidation_and_name_change_boundary,The corporate action and identity transition are verified. Keep B because the asset disposal and consolidation did not by themselves establish terminal equity impairment.
CAND-16301700553810103571,permaticker:631874,MAXNQ,2024-10-09,reverse_split,2024-10-07,SEC Form 6-K,event-time Nasdaq ticker and split-adjusted trading date,https://www.sec.gov/Archives/edgar/data/1796898/000179689824000070/form6-krecorddate.htm,The split occurred under MAXN on Nasdaq; MAXNQ is a later identity and cannot label the October 2024 event.,rejected,source_metadata_control,later_distress_ticker_backfilled_over_event_time_MAXN_identity,0,0,0,3,0,-3,0,rejected,rejected_identity_proxy_replaced_by_manual_event,Reject the vendor identity only. Preserve the real one-for-100 MAXN action as a separate B manual event without importing later distress into 2024.
MANUAL-SEC-MAXN-20241009-ONE-FOR-100-REVERSE-SPLIT,permaticker:631874,MAXN,2024-10-09,one_for_100_reverse_split_for_Nasdaq_bid_price_compliance,2024-10-07,SEC Form 6-K,one-for-100 split mechanics and Nasdaq-compliance purpose,https://www.sec.gov/Archives/edgar/data/1796898/000179689824000070/form6-krecorddate.htm,MAXN completed a one-for-100 split for Nasdaq minimum-bid compliance with proportional adjustments and no disclosed change in economic ownership.,verified,capital_structure,one_for_100_reverse_split_for_Nasdaq_bid_price_compliance,1,1,1,3,0,-2,4,B,positive_reverse_split_mechanics_boundary,"The action is real but is not itself evidence of fraud, insolvency or old-common destruction. Keep B and isolate later distress events."
CAND-6107159887099211055,permaticker:194610,ASTI,2024-08-15,reverse_split,2024-05-10,SEC Form 10-Q,large common and pre-funded warrant issuance before repeated reverse split,https://www.sec.gov/Archives/edgar/data/1350102/000095017024056951/asti-20240331.htm,ASTI issued more than 36 million common or immediately exercisable pre-funded share equivalents before the August one-for-100 split and separately expanded its equity plan immediately before approval.,verified,equity_dilution,repeated_one_for_100_reverse_split_after_large_registered_share_and_prefunded_warrant_offering,2,1,2,3,0,-1,7,A,positive_structural_dilution_and_repeated_split_chain,"The split is not graded A in isolation. A reflects the evidenced issuance chain, immediately exercisable pre-funded warrants and repeated capital reset; no terminal old-common outcome is established."
CAND-913417091697081144,permaticker:636375,EMPD,2024-06-07,reverse_split,2024-06-07,SEC Form 8-K,event-time Volcon identity and VLCN ticker,https://www.sec.gov/Archives/edgar/data/1829794/000168316824004033/volcon_8k.htm,"The June 2024 split was a Volcon event under VLCN, not an EMPD event.",rejected,source_metadata_control,later_issuer_identity_backfilled_over_event_time_VLCN_security,0,0,0,3,0,-3,0,rejected,rejected_successor_identity_proxy_replaced_by_manual_event,Reject the EMPD identity proxy and retain the real VLCN split-financing chain as a manual A event.
MANUAL-SEC-VLCN-20240607-REVERSE-SPLIT-FINANCING-CHAIN,permaticker:636375,VLCN,2024-06-07,one_for_100_reverse_split_after_warrant_exchange_and_note_warrant_financing,2024-05-20,SEC Form 8-K,"warrant exchange, senior notes, new five-year warrants and subsequent one-for-100 split",https://www.sec.gov/Archives/edgar/data/1829794/000168316824003642/volcon_8k.htm,VLCN's one-for-100 split followed an exchange of a large warrant block and a new approximately $2.942 million senior-note financing with roughly 10.1 million additional pre-split warrant shares.,verified,equity_dilution,one_for_100_reverse_split_after_warrant_exchange_and_note_warrant_financing,2,1,2,3,0,-1,7,A,positive_linked_financing_and_reverse_split_chain,"The linked warrant and financing transactions support A. There is no primary evidence here of cancellation or zero recovery, so A++ and S are prohibited."
CAND-5588541484669907695,permaticker:637794,SBFM,2024-04-17,reverse_split,2024-02-14,SEC prospectus,"offering size, pre-funded warrants and reset-enabled common warrants",https://www.sec.gov/Archives/edgar/data/1402328/000168316824000953/sunshine_424b4.htm,SBFM's financing issued or reserved far more share equivalents than the pre-offering common base and included cashless and reverse-split-linked warrant adjustment features before the one-for-100 split.,verified,equity_dilution,one_for_100_reverse_split_after_oversized_common_prefunded_and_reset_warrant_offering,2,1,2,3,0,-1,7,A,positive_severe_financing_dilution_chain,"A is driven by the quantified offering and warrant mechanics, not by the split alone. The evidence does not prove terminal equity death."
CAND-15660349247626299793,permaticker:635963,AWIN,2024-04-02,reverse_split,2024-01-03,SEC Form 8-K,"subsidiary bankruptcy, secured-note default and variable-price conversion remedy",https://www.sec.gov/Archives/edgar/data/1855631/000149315224000337/form8-k.htm,"Before AWIN's one-for-100 split, its operating subsidiary entered bankruptcy and triggered default remedies on $4.2 million of secured convertible notes, including discounted variable-price share conversion.",verified,bankruptcy_or_distress,reverse_split_after_subsidiary_bankruptcy_and_secured_variable_price_note_default,2,2,1,3,0,-1,7,A,positive_nonterminal_distress_and_dilution_chain,The issuer itself had not entered bankruptcy and old common was not cancelled. A captures realized subsidiary failure and financing default without overstating it as A++ or S.
CAND-11460754358772675620,permaticker:121722,GENE,2023-12-14,reverse_split,2023-12-12,SEC Form 6-K exhibit,same-security same-date duplicate of an existing verified canonical event,https://www.sec.gov/Archives/edgar/data/1166272/000149315223044486/ex99-1.htm,This detector row duplicates the already verified GENE consolidation and mandatory ADS-ratio change on the same date.,rejected,source_metadata_control,duplicate_detector_for_existing_same_security_same_date_canonical_event,0,0,0,3,0,-3,0,rejected,rejected_duplicate_detector_not_new_event,Do not create two training examples for one legal action. The existing verified B event remains canonical.
CAND-4646285491368986236,permaticker:631143,CANOQ,2023-11-03,reverse_split,2023-11-02,SEC Form 8-K exhibit,event-time NYSE ticker versus later bankruptcy ticker,https://www.sec.gov/Archives/edgar/data/1800682/000119312523269416/d563503dex991.htm,"The November 2023 action belonged to CANO on NYSE, not later bankruptcy-era ticker CANOQ.",rejected,source_metadata_control,later_bankruptcy_ticker_backfilled_over_event_time_CANO_identity,0,0,0,3,0,-3,0,rejected,rejected_identity_proxy_replaced_by_manual_event,Reject the CANOQ proxy and isolate the later 2024 bankruptcy from the ordinary November 2023 corporate action.
MANUAL-SEC-CANO-20231103-ONE-FOR-100-REVERSE-SPLIT,permaticker:631143,CANO,2023-11-03,one_for_100_reverse_split_with_proportional_authorized_share_reduction,2023-11-02,SEC Form 8-K exhibit,one-for-100 split with proportional authorized and outstanding share reductions,https://www.sec.gov/Archives/edgar/data/1800682/000119312523269416/d563503dex991.htm,"CANO completed a one-for-100 reverse split with proportional treatment of authorized, issued and unissued Class A and Class B shares.",verified,capital_structure,one_for_100_reverse_split_with_proportional_authorized_share_reduction,1,1,1,3,0,-2,4,B,positive_reverse_split_mechanics_boundary,The split itself preserved proportional ownership and did not create new authorized headroom. Later bankruptcy evidence must not be backfilled.
CAND-6462684868510717882,permaticker:635670,KALRQ,2022-12-23,reverse_split,2022-12-22,SEC Form 8-K,event-time KAL ticker and later KALRQ identity mismatch,https://www.sec.gov/Archives/edgar/data/1909152/000149315222036277/form8-k.htm,The December 2022 consolidation was a KAL event on Nasdaq; KALRQ is a later identity.,rejected,source_metadata_control,later_bankruptcy_ticker_backfilled_over_event_time_KAL_identity,0,0,0,3,0,-3,0,rejected,rejected_identity_proxy_replaced_by_manual_event,Reject the KALRQ proxy and preserve the real KAL financing-and-consolidation chain as a separate manual event.
MANUAL-SEC-KAL-20221223-REVERSE-SPLIT-AFTER-UNIT-OFFERING,permaticker:635670,KAL,2022-12-23,one_for_100_reverse_split_after_large_share_prefunded_warrant_and_warrant_offering,2022-11-01,SEC Form 8-K,"68 million share equivalents, 136 million warrants and subsequent 100-for-one consolidation",https://www.sec.gov/Archives/edgar/data/1909152/000149315222030117/form8-k.htm,KAL's 100-for-one consolidation followed an offering of 68 million common or pre-funded share equivalents with 136 million immediately exercisable five-year warrants.,verified,equity_dilution,one_for_100_reverse_split_after_large_share_prefunded_warrant_and_warrant_offering,2,1,2,3,0,-1,7,A,positive_severe_financing_dilution_chain,"The offering and warrant coverage support A, while the lack of a contemporaneous terminal common outcome keeps the event below A++ and S."
CAND-7064581871610575072,permaticker:192598,NUWE,2022-12-12,reverse_split,2022-10-18,SEC Form 8-K exhibit,large unit offering with convertible preferred and 1.5 warrants per unit before split,https://www.sec.gov/Archives/edgar/data/1506492/000114036122037623/ny20005271x15_ex99-2.htm,NUWE's one-for-100 split followed an offering of more than 38 million common or convertible-preferred share equivalents plus warrants covering roughly 57.6 million shares.,verified,equity_dilution,one_for_100_reverse_split_after_large_common_convertible_preferred_and_warrant_offering,2,1,2,3,0,-1,7,A,positive_severe_financing_dilution_chain,A reflects the quantified financing and warrant overhang. The split alone would be B and the record does not establish terminal equity loss.
CAND-12022348353827340570,permaticker:635154,DBGI,2022-11-04,reverse_split,2022-11-14,SEC Form 10-Q,fivefold authorized-share increase and variable-price secured-note conversion around split,https://www.sec.gov/Archives/edgar/data/1668010/000110465922118740/dbgi-20220930x10q.htm,DBGI increased authorized common shares from 200 million to one billion and converted approximately $5.5 million of secured notes into stock around the one-for-100 split while leaving authorized shares unreduced by the split.,verified,equity_dilution,one_for_100_reverse_split_with_fivefold_authorized_share_increase_and_note_conversion,2,1,2,3,0,-1,7,A,positive_authorized_headroom_and_convertible_dilution_chain,The linked authorization and note-conversion chain supports A. No court insolvency or old-common cancellation is established.
CAND-11968726796009219354,permaticker:120557,CHUC,2021-06-16,reverse_split,2021-06-16,SEC Form 8-K,one-for-100 split with proportional authorized-share reduction,https://www.sec.gov/Archives/edgar/data/1134765/000165495421006972/chuc8k_june162021.htm,"CHUC completed a one-for-100 split and proportionally reduced authorized common shares from 50 billion to 500 million, leaving ownership and voting percentages substantially unchanged.",verified,capital_structure,one_for_100_reverse_split_with_proportional_authorized_share_reduction,1,1,1,3,0,-2,4,B,positive_reverse_split_mechanics_boundary,The nearby preferred-dividend share settlement was small relative to more than 20 billion pre-split shares. Keep B because the split mechanics were proportional and nonterminal.
CAND-17267517467134138749,permaticker:198022,SYPR,2026-04-05,interest_coverage_below_1,2026-03-26,SEC Form 10-K,"recurring liquidity shortfall, past-due supplier balances, necessary related-party loans and full interest deferral",https://www.sec.gov/Archives/edgar/data/864240/000143774926009882/sypr20251231_10k.htm,"SYPR disclosed recurring liquidity shortfalls, negotiated past-due supplier balances, $5.5 million of related-party loans described as necessary liquidity and deferral of all 2025 note interest through April 2027, while forecasting twelve-month sufficiency.",verified,liquidity_and_financing_risk,recurring_liquidity_shortfall_related_party_secured_loan_and_full_interest_deferral,2,2,1,3,0,-1,7,A,positive_realized_financing_dependency_boundary,"The A label is supported by realized liquidity support, past-due-payable negotiations and full interest deferral, not by the mechanical quarterly ratio. Management's twelve-month forecast and absence of default, court action or terminal equity loss keep it below A++ and S."
CAND-2545622073174787059,permaticker:632691,ENVX,2026-04-05,interest_coverage_below_1,2026-05-14,SEC Form 10-Q,large cash and investment balance versus quarterly operating loss and cash interest,https://www.sec.gov/Archives/edgar/data/1828318/000182831826000029/envx-20260405.htm,"ENVX held approximately $582.7 million of cash, cash equivalents and investments and $507.6 million of working capital; quarterly cash interest was $8.7 million and no default or substantial-doubt disclosure was reported.",rejected,fundamental_metric_control,single_quarter_interest_coverage_screen_with_large_cash_and_investment_liquidity,0,0,0,3,0,-3,0,rejected,rejected_metric_only_control,"A loss-based EBIT-to-interest ratio is not a debt event when liquid resources cover many periods of cash interest and the filing reports no payment, covenant or going-concern failure."
CAND-13815447933941490125,permaticker:642524,KLC,2026-04-04,interest_coverage_below_1,2026-05-14,SEC Form 10-Q,"cash, undrawn revolver capacity and explicit covenant compliance",https://www.sec.gov/Archives/edgar/data/1873529/000119312526224168/klc-20260404.htm,"KLC reported $132.9 million of cash, no revolver borrowings, $189.7 million of available revolving capacity and compliance with all credit-agreement covenants despite the quarterly GAAP loss.",rejected,fundamental_metric_control,single_quarter_interest_coverage_screen_with_undrawn_capacity_and_covenant_compliance,0,0,0,3,0,-3,0,rejected,rejected_metric_only_control,The detector is contradicted by actual debt-service capacity and explicit covenant compliance. Preserve the ratio only as a formula false-positive control.
CAND-1452332643885808719,permaticker:110709,GO,2026-04-04,interest_coverage_below_1,2026-05-13,SEC Form 10-Q,"contractual interest-coverage compliance, operating cash generation and remaining revolver capacity",https://www.sec.gov/Archives/edgar/data/1771515/000177151526000055/go-20260404.htm,"GO explicitly complied with its contractual minimum 1.75-to-one interest-coverage covenant, generated $52.6 million of quarterly operating cash flow and retained $174.9 million of revolving capacity.",rejected,fundamental_metric_control,GAAP_interest_coverage_screen_contradicted_by_contractual_covenant_compliance,0,0,0,3,0,-3,0,rejected,rejected_metric_only_control,"The Sharadar EBIT formula does not equal the lender-defined covenant calculation. Explicit compliance, operating cash generation and unused capacity negate a current debt-service event."
CAND-16244692649317874487,permaticker:196852,SLAB,2026-04-04,interest_coverage_below_1,2026-05-05,SEC Form 10-Q,"net-cash balance, positive operating cash flow, no revolver borrowings and covenant compliance",https://www.sec.gov/Archives/edgar/data/1038074/000103807426000020/slab-20260404.htm,"SLAB held $438.9 million of cash and short-term investments, generated positive operating cash flow, had no revolving borrowings, complied with all covenants and was subject to a $231-per-share cash merger agreement.",rejected,fundamental_metric_control,single_quarter_interest_coverage_screen_with_net_cash_covenant_compliance_and_cash_merger,0,0,0,3,0,-3,0,rejected,rejected_metric_and_transaction_context_control,"The ratio is not a distress event. Strong liquidity, no revolver debt, covenant compliance and agreed cash consideration directly contradict an acute credit interpretation."
CAND-7014868350845158071,permaticker:194271,PRTS,2026-04-04,interest_coverage_below_1,2026-05-08,SEC Form 10-Q,"positive operating cash flow, cash increase, zero revolver balance and twelve-month liquidity statement",https://www.sec.gov/Archives/edgar/data/1378950/000137895026000054/prts-20260404x10q.htm,"PRTS generated $7.3 million of quarterly operating cash flow, increased cash to $37.9 million, had no revolving-loan balance and stated that existing liquidity was sufficient for at least twelve months; its 2028 notes accrue only two-percent payment-in-kind interest.",rejected,fundamental_metric_control,single_quarter_interest_coverage_screen_with_positive_cash_flow_and_no_revolver_borrowing,0,0,0,3,0,-3,0,rejected,rejected_metric_only_control,"Potential 2028 note conversion or repayment risk is not a current default. Positive cash flow, growing cash and no revolver borrowings make the quarterly ratio a false-positive control."
CAND-1001953416798665777,permaticker:647228,BWIV,2026-03-31,negative_equity,2026-05-15,SEC Form 10-Q,SPAC redeemable-share temporary equity and redemption-value accretion,https://www.sec.gov/Archives/edgar/data/2082847/000149315226023797/form10-q.htm,BWIV held $130.1 million in its trust account and classified the same amount of redeemable Class A shares as temporary equity; the $9.5 million redemption-value remeasurement was charged against additional paid-in capital and accumulated deficit.,rejected,fundamental_metric_control,SPAC_redeemable_share_temporary_equity_and_redemption_value_accretion_deficit,0,0,0,3,0,-3,0,rejected,rejected_SPAC_accounting_structure_control,The negative equity is produced by classifying trust-backed redeemable shares outside permanent equity and charging accretion to accumulated deficit. It is not an operating insolvency event.
CAND-10033730871750162630,permaticker:644304,COPL,2026-03-31,negative_equity,2026-03-31,SEC Form 10-K,SPAC redemption-value remeasurement and trust-backed temporary equity,https://www.sec.gov/Archives/edgar/data/2045473/000182912626002944/copleyacq_10k.htm,"COPL reported $178.0 million of redeemable Class A shares outside permanent equity and a $5.2 million shareholders' deficit after $15.9 million of redemption-value remeasurement charges, while its trust account held approximately $179.3 million.",rejected,fundamental_metric_control,SPAC_trust_backed_redeemable_share_accretion_deficit,0,0,0,3,0,-3,0,rejected,rejected_SPAC_accounting_structure_control,COPL's separate SPAC working-capital going-concern disclosure does not turn the negative-equity metric into an operating-company distress event. The detected deficit is dominated by trust-backed redemption accounting.
CAND-10067267971335111017,permaticker:642823,ZSPC,2026-03-31,negative_equity,2026-03-30,SEC Form 10-K,probable twelve-month repayment failure without debt refinancing and new capital,https://www.sec.gov/Archives/edgar/data/1637147/000110465926036940/zspc-20251231x10k.htm,"ZSPC had $1.0 million of cash, $18.0 million of annual operating cash burn, recurring losses, covenant noncompliance and a working-capital deficiency; management concluded it would probably be unable to meet repayment obligations and its next-twelve-month shortfall without refinancing debt and raising new capital.",verified,liquidity_and_financing_risk,going_concern_probable_twelve_month_repayment_failure_without_refinancing_and_new_capital,3,3,2,3,0,-1,10,A++,positive_external_rescue_dependency,A++ is supported by management's explicit probable inability to meet obligations without external refinancing and new capital. No bankruptcy order or terminal common-equity outcome supports S.
CAND-10117611400459291300,permaticker:642246,SBXD,2026-03-31,negative_equity,2026-05-14,SEC Form 10-Q,SPAC redeemable-share temporary equity and accumulated-deficit accretion,https://www.sec.gov/Archives/edgar/data/2015947/000110465926062496/sbxc-20260331x10q.htm,SBXD classified $215.2 million of redeemable Class A shares as temporary equity outside shareholders' deficit and charged redemption-value increases against additional paid-in capital and accumulated deficit.,rejected,fundamental_metric_control,SPAC_redeemable_share_temporary_equity_and_accretion_deficit,0,0,0,3,0,-3,0,rejected,rejected_SPAC_accounting_structure_control,"The negative-equity trigger is an ASC 480 presentation effect caused by holder redemption rights and accretion, not evidence of operating-company failure."
CAND-10143196736293708220,permaticker:197454,ARMP,2026-03-31,negative_equity,2026-03-25,SEC Form 10-K,insufficient twelve-month liquidity and dependence on additional external capital after related-party debt support,https://www.sec.gov/Archives/edgar/data/921114/000110465926034532/armp-20251231x10k.htm,"ARMP had $8.7 million of cash that was insufficient for the next twelve months, stated substantial going-concern doubt and required additional capital whose availability was outside its control, after receiving $115.0 million of debt financing from its 68.8%-owning related party Innoviva.",verified,liquidity_and_financing_risk,going_concern_inadequate_twelve_month_liquidity_after_controlling_shareholder_debt_support,3,3,2,3,0,-1,10,A++,positive_external_rescue_dependency,"The hard event is the unresolved need for external funding after repeated controlling-shareholder debt support, not the noncash fair-value loss embedded in negative equity. No court insolvency or terminal common-equity outcome supports S."
CAND-10150543909122498017,permaticker:643209,FGMC,2026-03-31,negative_equity,2026-03-31,SEC Form 10-K,SPAC trust-backed redeemable-share temporary-equity accounting,https://www.sec.gov/Archives/edgar/data/1906364/000110465926037797/tmb-20251231x10k.htm,FGMC was a non-operating blank-check company with $82.1 million of redeemable common stock presented as temporary equity and redemption-value changes flowing through paid-in capital or accumulated deficit; substantially all trust assets were held in Treasury-focused money-market funds.,rejected,fundamental_metric_control,SPAC_trust_backed_redeemable_share_temporary_equity_control,0,0,0,3,0,-3,0,rejected,rejected_SPAC_accounting_structure_control,The detected equity figure is not an operating insolvency event. The issuer had not begun operations and the balance-sheet presentation follows holder-controlled redemption accounting.
CAND-7041863923019429348,permaticker:110824,TFII,2024-12-31,cash_short_debt_stress,2025-02-19,SEC Form 6-K exhibit,large operating and free cash flow with realized debt repayment,https://www.sec.gov/Archives/edgar/data/1588823/000095017025023165/tfii-ex99_1.htm,"TFII generated $1.06 billion of 2024 operating cash flow and $768.6 million of free cash flow, repaid $152.8 million of debt in the fourth quarter and increased its quarterly dividend by 13%.",rejected,fundamental_metric_control,cash_to_current_debt_screen_contradicted_by_free_cash_flow_and_debt_repayment,0,0,0,3,0,-3,0,rejected,rejected_metric_only_control,"A point-in-time cash-to-current-debt ratio cannot establish stress when the same annual period shows strong cash generation, voluntary debt reduction, share repurchases and a higher dividend."
CAND-10695986171538134027,permaticker:194193,REI,2024-09-30,cash_short_debt_stress,2024-11-06,SEC Form 10-Q,intentional near-zero cash balance with unused revolver capacity and covenant compliance,https://www.sec.gov/Archives/edgar/data/1384195/000162828024045791/rei-20240930.htm,"REI intentionally maintained a near-zero cash balance to reduce interest-bearing debt, retained $208.0 million of unused capacity under a $600 million borrowing base, complied with all credit covenants and paid down $33 million of principal during the nine-month period.",rejected,fundamental_metric_control,intentional_zero_cash_treasury_management_with_unused_revolver_and_covenant_compliance,0,0,0,3,0,-3,0,rejected,rejected_metric_only_control,"The zero-cash numerator is a treasury-management choice, not evidence of payment failure. Unused capacity, covenant compliance and realized principal reduction contradict current distress."
CAND-7618261394452231274,permaticker:193542,AR,2024-09-30,cash_short_debt_stress,2024-10-30,SEC Form 10-Q,"one-billion-dollar borrowing capacity, covenant compliance and twelve-month liquidity sufficiency",https://www.sec.gov/Archives/edgar/data/1433270/000155837024013956/ar-20240930x10q.htm,"AR had $1.0 billion of available borrowing capacity under a $1.65 billion unsecured facility maturing in 2029, complied with its financial covenant and stated that operating cash flow plus available borrowings were sufficient for at least twelve months.",rejected,fundamental_metric_control,cash_to_current_debt_screen_with_large_available_capacity_and_twelve_month_sufficiency,0,0,0,3,0,-3,0,rejected,rejected_metric_only_control,"A low cash balance is not debt stress when the issuer has large committed liquidity, covenant compliance and an explicit twelve-month sufficiency statement."
CAND-14171927610697023186,permaticker:638933,LUXH,2024-06-30,cash_short_debt_stress,2024-09-25,SEC Form 10-Q,"near-zero cash, severe working-capital deficit and inability to continue without additional capital",https://www.sec.gov/Archives/edgar/data/1893311/000182912624006460/luxurbanhotels_10q.htm,"At June 30, 2024 LUXH had $61 of cash, a $62.6 million working-capital deficit and $20.6 million of six-month operating cash burn; management stated that projected cash flow would not provide sufficient capital and that without additional capital the company might not continue operations.",verified,liquidity_and_financing_risk,going_concern_near_zero_cash_severe_working_capital_deficit_and_external_capital_dependency,3,3,2,3,0,-1,10,A++,positive_external_rescue_dependency,The A++ label uses only the June 2024 financial condition and contemporaneous capital-dependency disclosure. The later 2025 bankruptcy is not backfilled and no terminal common-equity outcome supports S at this date.
CAND-1576770276563094251,permaticker:638138,ASBP,2024-06-30,cash_short_debt_stress,2024-07-23,SEC Form 8-K,PowerUp event-time issuer identity before later Aspire business combination,https://www.sec.gov/Archives/edgar/data/1847345/000149315224028770/form8-k.htm,"At the June 30, 2024 metric date the public issuer was PowerUp Acquisition Corp., not Aspire Biopharma Holdings; PowerUp did not enter the Aspire merger agreement until August 26, 2024 and the combination closed in February 2025.",rejected,source_metadata_control,later_ASBP_post_combination_identity_backfilled_over_PowerUp_period,0,0,0,3,0,-3,0,rejected,rejected_identity_and_time_proxy,Reject the metric row because the ticker and operating-company identity did not exist at the detected date. A later reverse recapitalization cannot rewrite a pre-combination SPAC period.
CAND-1593046785077139273,permaticker:635532,RAIN,2024-06-30,cash_short_debt_stress,2024-12-31,SEC Form 8-K,RAIN public-company identity began only at business-combination closing,https://www.sec.gov/Archives/edgar/data/2028293/000121390025001708/ea0226850-8k_rainenhanc.htm,"RAIN Holdco completed the Coliseum/RET business combination on December 31, 2024 and began public trading afterward; the June 30, 2024 public-company cash-to-debt row is a pre-closing identity proxy.",rejected,source_metadata_control,later_RAIN_post_combination_identity_backfilled_before_closing,0,0,0,3,0,-3,0,rejected,rejected_identity_and_time_proxy,A private target or newly formed Holdco financial period cannot be presented as a same-date Nasdaq RAIN distress event before the combination closed.
CAND-15108614761104147382,permaticker:196164,ADXS,2020-01-31,revenue_collapse_yoy,2020-03-13,SEC Form 10-Q,comparison-period Amgen termination revenue release rather than current product-sales collapse,https://www.sec.gov/Archives/edgar/data/1100397/000149315220003900/form10-q.htm,"ADXS revenue fell to approximately $3,000 because the prior-year quarter recognized $19.7 million of remaining Amgen upfront payments when that collaboration terminated; the company held $34.2 million of cash and projected funding through at least August 2021 after a January raise.",rejected,fundamental_metric_control,prior_period_collaboration_termination_revenue_release_comparison_control,0,0,0,3,0,-3,0,rejected,rejected_lumpy_biotech_revenue_control,The year-over-year formula compares recurring royalty revenue with a prior-period contract-termination accounting release. It is not evidence of a new January 2020 operating shock.
CAND-8945112218533383549,permaticker:111075,DTIL,2025-06-30,revenue_collapse_yoy,2025-08-07,SEC Form 10-Q,prior-period deferred collaboration revenue release with multi-year liquidity runway,https://www.sec.gov/Archives/edgar/data/1357874/000162828025038594/dtil-20250630.htm,DTIL's $49.9 million quarterly revenue comparison was almost entirely caused by a $48.2 million prior-period release of remaining deferred revenue when the Prevail agreement concluded; DTIL held $62.2 million of cash plus restricted cash and projected runway into the second half of 2027.,rejected,fundamental_metric_control,prior_period_deferred_collaboration_revenue_release_control,0,0,0,3,0,-3,0,rejected,rejected_lumpy_biotech_revenue_control,The detector is dominated by nonrecurring prior-period revenue recognition rather than a current product-demand collapse. Cash runway directly contradicts acute distress.
CAND-6641591746031973710,permaticker:639303,COYA,2024-12-31,revenue_collapse_yoy,2025-03-27,SEC Form 10-K,collaboration-license timing and cumulative catch-up revenue with twelve-month cash runway,https://www.sec.gov/Archives/edgar/data/1835022/000095017025040782/coya-20241231.htm,"COYA revenue consisted of point-in-time license and input-based R&D-service recognition under the Dr. Reddy's collaboration, including cumulative catch-up accounting; it had $38.3 million of cash and expected at least twelve months of operating runway.",rejected,fundamental_metric_control,collaboration_license_and_RnD_service_timing_revenue_control,0,0,0,3,0,-3,0,rejected,rejected_lumpy_biotech_revenue_control,Quarterly collaboration accounting is not recurring product revenue. Timing-driven recognition and adequate liquidity make the mechanical year-over-year collapse a false positive.
CAND-13874332918142154216,permaticker:196013,CMRX,2023-09-30,revenue_collapse_yoy,2023-11-02,SEC Form 10-Q,prior-period international TEMBEXA procurement deliveries and large liquid investment balance,https://www.sec.gov/Archives/edgar/data/1117480/000111748023000028/cmrx-20230930.htm,CMRX's nine-month revenue declined from $33.0 million to $0.3 million because the comparison period contained $32.0 million of international TEMBEXA procurement deliveries recognized when delivered; it retained approximately $217.0 million available to fund operations.,rejected,fundamental_metric_control,prior_period_government_procurement_delivery_revenue_control,0,0,0,3,0,-3,0,rejected,rejected_nonrecurring_procurement_revenue_control,The detector compares an ordinary development-stage period with a prior government stockpile delivery. The delivery timing and large liquid investment balance do not establish a new operating crisis.
CAND-5382250654700306691,permaticker:124454,CRSP,2022-12-31,revenue_collapse_yoy,2023-02-21,SEC Form 10-K,same one-time Vertex upfront-payment rolloff already represented by an earlier canonical CRSP boundary,https://www.sec.gov/Archives/edgar/data/1674416/000095017023003441/crsp-20221231.htm,CRSP's 2022 collaboration revenue fell to $0.4 million from $913.1 million because 2021 contained Vertex's one-time $900 million upfront payment; the same rolloff is already represented by the verified June 2022 CRSP boundary and the company retained $1.87 billion of liquidity.,rejected,fundamental_metric_control,duplicate_annual_observation_of_existing_Vertex_upfront_payment_rolloff,0,0,0,3,0,-3,0,rejected,rejected_duplicate_nonrecurring_revenue_boundary,Do not create a second event from the annual repetition of the already-adjudicated second-quarter comparison. Preserve one canonical boundary for the one-time Vertex payment.
CAND-9121933484606040589,permaticker:196408,ARNA,2020-03-31,revenue_collapse_yoy,2020-05-07,SEC Form 10-Q,prior-year eight-hundred-million-dollar United Therapeutics upfront payment,https://www.sec.gov/Archives/edgar/data/1080709/000156459020022995/arna-10q_20200331.htm,ARNA's quarterly revenue declined from $801.1 million to $0.3 million because the prior-year period contained an $800.0 million United Therapeutics upfront payment; it held about $1.02 billion across cash and investments against $44.5 million of current liabilities.,rejected,fundamental_metric_control,prior_period_United_Therapeutics_upfront_payment_revenue_control,0,0,0,3,0,-3,0,rejected,rejected_lumpy_biotech_revenue_control,An upfront license payment is not recurring product revenue. The year-over-year percentage is a denominator artifact and contemporaneous liquidity contradicts acute distress.
CAND-11487005893401971135,permaticker:124243,PETV,2021-12-31,gross_margin_collapse,2022-02-10,SEC Form 10-Q,first full commercial quarter gross loss with going-concern disclosure and planned financing,https://www.sec.gov/Archives/edgar/data/1512922/000149315222003750/form10-q.htm,"PETV's first full quarter after launching Spryng produced $51,004 of revenue and $98,997 of cost of sales; despite $7.55 million of cash and management's twelve-month working-capital view, the filing stated substantial going-concern doubt and an intention to raise additional funds.",verified,liquidity_and_financing_risk,early_commercialization_gross_loss_with_going_concern_and_planned_external_financing,2,2,1,3,0,-1,7,A,positive_early_commercialization_financing_risk,A reflects an evidenced but still solvable financing risk during first-product commercialization. Existing working capital and a stated twelve-month funding view do not support A++ or S.
CAND-7740157857498230992,permaticker:639827,ICG,2025-12-31,gross_margin_collapse,2026-02-26,SEC Form 6-K exhibit,demand-driven price compression and excess-inventory impairment producing a quarterly gross loss,https://www.sec.gov/Archives/edgar/data/1895597/000149315226008189/ex99-1.htm,"ICG's fourth-quarter revenue fell 51.3% to RMB36.1 million while cost of revenue rose to RMB96.7 million, producing a RMB60.6 million gross loss because of softer demand, lower selling prices and excess-inventory impairment; liquid resources remained RMB473.8 million.",verified,operating_performance_shock,cyclical_demand_price_compression_and_inventory_impairment_gross_margin_collapse,1,1,1,3,0,-2,4,B,positive_reversible_operating_margin_shock,"The margin collapse is economically real rather than a formula artifact, but ample liquidity and the absence of payment failure or rescue dependence cap it at B."
CAND-17107339668455329594,permaticker:631978,GWH,2024-12-31,gross_margin_collapse,2025-03-31,SEC Form 10-K,noncomparable commercialization accounting plus explicit substantial additional funding requirement,https://www.sec.gov/Archives/edgar/data/1819438/000162828025015649/ghw-20241231.htm,"GWH reported $6.3 million of revenue against $51.7 million of cost of revenue, partly because pre-commercial costs had previously been recorded in R&D; more importantly, it burned $72.2 million of operating cash, had $31.6 million of liquid assets and stated that substantial additional funds were required amid substantial going-concern doubt.",verified,liquidity_and_financing_risk,going_concern_operating_cash_burn_exceeding_liquidity_and_substantial_external_funding_requirement,3,3,2,3,0,-1,10,A++,positive_external_rescue_dependency,A++ is supported by the explicit need for substantial new funding and annual cash burn far above liquid resources. The accounting transition explains part of the margin comparison but does not remove the financing crisis; no terminal common-equity outcome supports S.
CAND-14836716961613267111,permaticker:196257,PLUG,2021-12-31,gross_margin_collapse,2022-03-01,SEC Form 10-K,Amazon-warrant revenue accounting baseline with improving operating margins and large liquidity,https://www.sec.gov/Archives/edgar/data/1093691/000155837022002620/plug-20211231x10k.htm,"PLUG's 2020 revenue and margin comparison was distorted by Amazon-warrant provisions, while 2021 margins on fuel-cell systems, services and delivered fuel improved; year-end working capital was $4.0 billion with $2.5 billion of cash and $1.2 billion of securities.",rejected,fundamental_metric_control,customer_warrant_revenue_accounting_and_negative_baseline_margin_control,0,0,0,3,0,-3,0,rejected,rejected_noncomparable_gross_margin_baseline_control,"The extreme delta is generated by a negative and warrant-distorted comparison baseline, not a new margin collapse. Operating category margins generally improved and liquidity was substantial."
CAND-2792520573335887686,permaticker:196330,FABC,2021-12-31,gross_margin_collapse,2022-03-23,SEC Form 10-K,AYRO event-time issuer and ticker before later Fabric.AI identity,https://www.sec.gov/Archives/edgar/data/1086745/000149315222007504/form10k.htm,"At December 31, 2021 the issuer was AYRO, Inc. and its Nasdaq common stock traded as AYRO; Fabric.AI and ticker FABC arose years later, so the queue row backfills a future identity over AYRO's financial period.",rejected,source_metadata_control,later_FABC_FabricAI_identity_backfilled_over_AYRO_2021_period,0,0,0,3,0,-3,0,rejected,rejected_identity_and_time_proxy,Reject the row before evaluating severity because its ticker and company identity did not exist at the detected date. Current aliases cannot rewrite historical event identity.
CAND-7386360246580979127,permaticker:632471,BNKK,2024-12-31,gross_margin_collapse,2025-03-28,SEC Form 10-K,SHOT event-time issuer identity before later BONK and BNKK renaming,https://www.sec.gov/Archives/edgar/data/1760903/000164117225001259/form10-k.htm,"The December 31, 2024 issuer was Safety Shot, Inc. and its Nasdaq securities traded as SHOT and SHOTW, not under the later BONK/BNKK identity; the filing nevertheless contained a genuine financing crisis that is represented separately under the correct SHOT identity and disclosure date.",rejected,source_metadata_control,later_BNKK_BONK_identity_backfilled_over_SHOT_2024_period,0,0,0,3,0,-3,0,rejected,rejected_identity_and_time_proxy_with_manual_event_recovery,Reject the mislabeled candidate so future aliases cannot contaminate training. Preserve the actual crisis as a separate SHOT manual finding dated to the March 2025 public filing.
MANUAL-SEC-SHOT-20250328-GOING-CONCERN-FINANCING-DEPENDENCY,permaticker:632471,SHOT,2025-03-28,going_concern_near_zero_cash_working_capital_deficit_and_external_financing_dependency,2025-03-28,SEC Form 10-K,"near-zero cash, working-capital deficit, heavy cash burn and debt-or-equity financing dependence",https://www.sec.gov/Archives/edgar/data/1760903/000164117225001259/form10-k.htm,"SHOT had only $348,816 of cash, a $6.82 million working-capital deficit and $18.09 million of annual operating cash burn; the auditor and management disclosed substantial going-concern doubt and continued operations depended on raising debt and equity financing.",verified,liquidity_and_financing_risk,going_concern_near_zero_cash_working_capital_deficit_and_external_financing_dependency,3,3,2,3,0,-1,10,A++,positive_external_rescue_dependency_recovered_under_event_time_identity,"A++ reflects explicit debt-or-equity financing dependence, near-zero cash and cash burn far above available liquidity. The filing does not establish court insolvency or terminal old-common cancellation, so S is not supported."
CAND-10632600747375924520,permaticker:638523,OST,2025-06-26,volume_crash,2025-06-30,SEC Form 6-K exhibit,offering announced four days after the price observation,https://www.sec.gov/Archives/edgar/data/1803407/000121390025060348/ea024757901ex99-1_ostintech.htm,"OST's 41,666,667-share-equivalent registered direct offering was announced on June 30, four days after the June 26 price row; the financing is represented separately under its official date.",rejected,price_dislocation_control,price_move_preceding_separately_dated_official_financing_event,0,0,0,3,0,-3,0,rejected,rejected_price_only_control_with_manual_event_recovery,Price cannot establish cause and the dated filing postdates the observation. Reject the proxy while preserving the June 30 financing as a distinct official event.
MANUAL-SEC-OST-20250630-EXTREME-REGISTERED-DIRECT-OFFERING,permaticker:638523,OST,2025-06-30,registered_direct_offering_of_41_67_million_share_equivalents,2025-06-30,SEC Form 6-K exhibit,41.67 million share equivalents at $0.12 for $5 million gross proceeds,https://www.sec.gov/Archives/edgar/data/1803407/000121390025060348/ea024757901ex99-1_ostintech.htm,"OST agreed to sell 41,666,667 Class A ordinary shares or pre-funded warrants at $0.12 for approximately $5 million gross proceeds.",verified,equity_dilution,registered_direct_offering_of_41_67_million_share_equivalents,2,1,2,3,0,-1,7,A,positive_extreme_equity_financing_recovered_from_price_discovery,"A reflects the exceptionally large share-equivalent issuance and low unit price. The filing establishes financing and dilution, not payment default, court insolvency or terminal old-common treatment."
CAND-3391268008465053253,permaticker:641014,HAO,2026-05-11,volume_crash,2026-05-12,SEC Form 424B5,already adjudicated offering and reverse-split financing chain,https://www.sec.gov/Archives/edgar/data/1954594/000121390026054771/ea0290252-424b5_haoxi.htm,HAO's share and pre-funded-warrant offering followed by a reverse split is already represented by a canonical A event; the May 11 price row adds no independent official event.,rejected,price_dislocation_control,duplicate_market_or_split_adjustment_signal_for_existing_financing_chain,0,0,0,3,0,-3,0,rejected,rejected_duplicate_price_consequence,Reject the price proxy so a single financing chain cannot enter training and event counts twice. The official financing event retains the A label.
CAND-11706952841162024897,permaticker:645369,MGN,2026-03-26,volume_crash,2026-02-26,SEC prospectus,later price move after a separately dated share-count-doubling offering,https://www.sec.gov/Archives/edgar/data/1995075/000121390026020884/ea0272698-03.htm,MGN's February offering increased Class A shares from 11.25 million to 32 million; the March 26 price row is a later market outcome and the offering is represented separately.,rejected,price_dislocation_control,delayed_price_consequence_of_separately_dated_equity_offering,0,0,0,3,0,-3,0,rejected,rejected_price_only_control_with_manual_event_recovery,"Reject the price series as event truth. Preserve the February 26 offering under its own date, identity and primary evidence."
MANUAL-SEC-MGN-20260226-SHARE-COUNT-DOUBLING-OFFERING,permaticker:641014,MGN,2026-02-26,offering_increasing_class_A_share_count_from_11_25_million_to_32_million,2026-02-26,SEC prospectus,20.75 million new Class A shares against 11.25 million previously outstanding,https://www.sec.gov/Archives/edgar/data/1995075/000121390026020884/ea0272698-03.htm,"MGN offered 20,750,000 Class A shares at $0.40, increasing Class A shares outstanding from 11,250,000 to 32,000,000.",verified,equity_dilution,offering_increasing_class_A_share_count_from_11_25_million_to_32_million,2,1,2,3,0,-1,7,A,positive_share_count_doubling_offering,The offering increases the Class A count by about 184% and is a material realized dilution event. It does not establish insolvency or terminal common-equity loss.
CAND-13827486132989562041,permaticker:634261,BETR,2023-08-24,volume_crash,2023-08-23,SEC Form 8-K exhibit,de-SPAC closing and first trading day,https://www.sec.gov/Archives/edgar/data/1835856/000162828023030418/exhibit991-8xk82323.htm,"BETR began trading after completion of a disclosed business combination supported by $565 million of fresh capital; its debut-day price move is a market response, not a separately evidenced adverse event.",rejected,price_dislocation_control,deSPAC_debut_price_reaction_without_separate_adverse_event,0,0,0,3,0,-3,0,rejected,rejected_market_reaction_control,"A de-SPAC price reaction does not by itself prove financial distress, enforcement or equity impairment. Reject it as a negative event label."
CAND-9009786749586208787,permaticker:638742,YYAI,2025-10-07,volume_crash,2025-10-07,SEC Form 8-K,same-day promotional digital-asset announcement without hard adverse event,https://www.sec.gov/Archives/edgar/data/1674440/000149315225017234/form8-k.htm,"YYAI announced receipt of $30 million in Solana tokens and test tokenized-equity transactions; no default, rescue financing, court action or terminal equity outcome was disclosed.",rejected,price_dislocation_control,price_reaction_to_promotional_announcement_without_hard_negative_event,0,0,0,3,0,-3,0,rejected,rejected_price_only_control,The filing is not negative primary evidence. Price behavior cannot be used to infer an undisclosed crisis.
CAND-1678864382749171161,permaticker:195224,CLUBQ,2021-10-15,one_day_crash,2020-09-14,SEC Form 8-K,price observation more than one year after Chapter 11 petitions,https://www.sec.gov/Archives/edgar/data/1281774/000092189520002399/form8k11125001_09142020.htm,"Town Sports operating entities filed Chapter 11 petitions in September 2020, more than a year before the CLUBQ price row; the petition is represented separately under its true date.",rejected,price_dislocation_control,stale_OTC_price_consequence_after_prior_bankruptcy_petition,0,0,0,3,0,-3,0,rejected,rejected_delayed_price_consequence_with_manual_event_recovery,Reject the October 2021 price proxy. The September 2020 petition is the causal event and must not be backfilled to a later illiquid quote.
MANUAL-SEC-CLUBQ-20200914-CHAPTER-11-PETITIONS,permaticker:195224,CLUB,2020-09-14,operating_subsidiaries_voluntary_chapter_11_petitions_with_DIP_financing_unresolved,2020-09-14,SEC Form 8-K,voluntary Chapter 11 petitions with unresolved DIP financing,https://www.sec.gov/Archives/edgar/data/1281774/000092189520002399/form8k11125001_09142020.htm,Town Sports operating entities filed voluntary Chapter 11 petitions in Delaware while debtor-in-possession financing discussions remained ongoing and the filings triggered debt defaults.,verified,bankruptcy_and_restructuring,operating_subsidiaries_voluntary_chapter_11_petitions_with_DIP_financing_unresolved,3,3,2,3,0,-1,10,A++,positive_judicial_restructuring_and_rescue_dependency,"A++ reflects active Chapter 11 proceedings and unresolved DIP financing. The filing does not establish plan confirmation, old-common cancellation or zero recovery, so S is not supported."
CAND-5787408228527517986,permaticker:197991,AXAS,2023-05-23,one_day_crash,2023-02-01,SEC Form 15,price print after deregistration and reporting suspension,https://www.sec.gov/Archives/edgar/data/867665/000119312523021889/d514198d1512g.htm,AXAS filed Form 15 in February 2023; the May price print occurred after deregistration in an illiquid market and does not identify a new corporate event.,rejected,price_dislocation_control,illiquid_post_deregistration_price_move_without_new_official_event,0,0,0,3,0,-3,0,rejected,rejected_no_contemporaneous_primary_evidence_control,Deregistration is an earlier listing-status event. A later OTC quote cannot create a new event or inherit the earlier event date.
CAND-7320227045514565890,permaticker:156239,ABILF,2021-11-12,one_day_crash,2021-10-06,SEC Form 6-K,price print after separately dated court debt-settlement proceeding,https://www.sec.gov/Archives/edgar/data/1652866/000121390021051542/ea148481-6k_abilityinc.htm,Ability disclosed an ongoing court proceeding to formulate a debt settlement under insolvency law on October 6; the November 12 price row is a later consequence and the court event is represented separately.,rejected,price_dislocation_control,delayed_price_consequence_after_judicial_debt_settlement_proceeding,0,0,0,3,0,-3,0,rejected,rejected_delayed_price_consequence_with_manual_event_recovery,Reject the price row and retain the October 6 court proceeding as the event-time fact. No terminal outcome may be inferred from the quote.
MANUAL-SEC-ABILF-20211006-COURT-DEBT-SETTLEMENT-PROCEEDING,permaticker:156239,ABILF,2021-10-06,court_proceeding_to_delay_actions_and_formulate_debt_settlement_under_insolvency_law,2021-10-06,SEC Form 6-K,ongoing court proceeding to delay actions and formulate debt settlement under insolvency law,https://www.sec.gov/Archives/edgar/data/1652866/000121390021051542/ea148481-6k_abilityinc.htm,Ability stated that a Tel Aviv District Court proceeding was ongoing on a request to delay actions so the company could formulate a debt settlement under the Insolvency and Economic Rehabilitation Law.,verified,bankruptcy_and_restructuring,court_proceeding_to_delay_actions_and_formulate_debt_settlement_under_insolvency_law,3,3,2,3,0,-1,10,A++,positive_judicial_debt_restructuring,"A++ reflects formal judicial involvement and the need for a debt settlement. There is no confirmed plan, liquidation, old-common cancellation or recovery result, so S is not supported."
CAND-12054333781008724667,permaticker:111390,ICAYY,2020-06-25,one_day_crash,2020-04-07,official issuer release,strong balance-sheet statement contradicting isolated OTC quote as distress event,https://www.icagruppen.se/en/archive/press-archive/2020/changed-proposal-for-dividend-and-directors-fees/,ICA Gruppen described its balance sheet and financial position as strong and did not expect long-term negative COVID-19 effects; no issuer event supports the isolated ICAYY OTC price print.,rejected,price_dislocation_control,illiquid_OTC_or_ADR_quote_artifact_without_issuer_event,0,0,0,3,0,-3,0,rejected,rejected_price_data_quality_control,The isolated quote is inconsistent with the issuer's contemporaneous financial-position statement and lacks a primary corporate event. Keep it only as a data-quality negative.
CAND-10797019075227900742,permaticker:642572,ORIS,2024-12-06,one_day_crash,2024-10-23,SEC Form 6-K,post-IPO price move without a contemporaneous adverse filing,https://www.sec.gov/Archives/edgar/data/1964664/000121390024089927/ea0218422-6k_oriental.htm,ORIS had recently completed its IPO and begun Nasdaq trading; no December 6 official adverse event was found to support the later price print.,rejected,price_dislocation_control,post_IPO_price_move_without_contemporaneous_primary_cause,0,0,0,3,0,-3,0,rejected,rejected_price_only_control,Do not infer a corporate crisis from a newly listed security's quote. No temporally aligned hard event was established.
CAND-6693683804928172538,permaticker:645140,THH,2026-01-21,five_day_crash,2026-01-15,SEC Form 6-K exhibit,non-binding joint-venture memorandum without hard adverse event,https://www.sec.gov/Archives/edgar/data/2044241/000149315226002351/ex99-1.htm,"TryHard's nearby official disclosure was a non-binding joint-venture memorandum and contained no default, rescue dependency, enforcement or equity impairment.",rejected,price_dislocation_control,price_move_after_nonbinding_promotional_announcement_without_hard_event,0,0,0,3,0,-3,0,rejected,rejected_price_only_control,A non-binding proposal is neither a completed rescue nor a negative terminal event. Reject the price-only candidate.
CAND-9055001776920896999,permaticker:633085,EZGO,2026-05-12,five_day_crash,2026-04-08,SEC Form 424B5,duplicate consequence of existing warrant-exchange reverse-split and ATM event,https://www.sec.gov/Archives/edgar/data/1806904/000121390026041298/ea0285334-424b5_ezgotech.htm,"EZGO's warrant exchange, reverse split and $100 million ATM are already represented by a canonical A event; the later price series is a duplicate outcome.",rejected,price_dislocation_control,duplicate_price_consequence_of_existing_financing_chain,0,0,0,3,0,-3,0,rejected,rejected_duplicate_price_consequence,Reject duplicate counting. The official financing-chain event carries the causal A grade; the price row is discovery-only.
CAND-135830349184298287,permaticker:642949,BYAH,2025-07-14,five_day_crash,2025-08-26,SEC Form 6-K exhibit,no contemporaneous hard event and later operating evidence contradicting distress inference,https://www.sec.gov/Archives/edgar/data/1986247/000121390025080494/ea025446601ex99-1_parkha.htm,"No hard event was identified for the July price row; the company's next operating release reported revenue and gross-profit growth, positive operating cash flow and at least twelve months of funds.",rejected,price_dislocation_control,price_move_without_contemporaneous_hard_event_or_distress_support,0,0,0,3,0,-3,0,rejected,rejected_price_only_negative_control,"The later release is used only as refutation context, not as a future outcome label. With no contemporaneous hard event, the price row must remain rejected."
CAND-2823083336805778818,permaticker:124298,GDC,2026-05-12,five_day_crash,2026-05-06,SEC Form 8-K,preliminary non-binding going-private proposal,https://www.sec.gov/Archives/edgar/data/1641398/000121390026052564/ea0289373-8k_gdculture.htm,GDC disclosed a preliminary non-binding $10.75-per-share going-private proposal and formation of a special committee; no completed transaction or adverse hard event supports the May 12 price row.,rejected,price_dislocation_control,price_move_after_nonbinding_going_private_proposal,0,0,0,3,0,-3,0,rejected,rejected_market_reaction_control,A non-binding proposal is not a completed corporate action and does not evidence distress. Reject the price proxy.
CAND-6985128258962483655,permaticker:639863,ELPW,2026-03-03,twenty_one_day_crash,2026-02-26,SEC Form 424B4,price outcome after separately dated resettable zero-price warrant offering,https://www.sec.gov/Archives/edgar/data/2015691/000149315226008271/form424b4.htm,ELPW's offering contained resettable warrants covering up to 86.8 million shares under a zero-price option; the March price series is an outcome and the financing is represented separately.,rejected,price_dislocation_control,price_consequence_of_separately_dated_resettable_warrant_offering,0,0,0,3,0,-3,0,rejected,rejected_price_only_control_with_manual_event_recovery,Reject the return series as causal truth and preserve the February 26 warrant offering as the independently dated A event.
MANUAL-SEC-ELPW-20260226-RESETTABLE-ZERO-PRICE-WARRANT-OFFERING,permaticker:639863,ELPW,2026-02-26,unit_offering_with_resettable_zero_price_warrants_covering_up_to_86_8_million_shares,2026-02-26,SEC Form 424B4,21.7 million units plus resettable zero-price warrants for up to 86.8 million shares,https://www.sec.gov/Archives/edgar/data/2015691/000149315226008271/form424b4.htm,"ELPW offered 21.7 million units at $0.3231 with immediately exercisable warrants whose price resets and zero-price option could produce 86.8 million shares without additional cash, about 640% of then outstanding Class A shares.",verified,equity_dilution,unit_offering_with_resettable_zero_price_warrants_covering_up_to_86_8_million_shares,2,1,3,3,0,-1,8,A,positive_extreme_resettable_warrant_overhang,"A reflects realized unit issuance and an extraordinary contractual share overhang. The filing does not establish default, judicial insolvency or terminal old-common loss."
CAND-16373548670214670023,permaticker:642824,LNKS,2026-04-07,twenty_one_day_crash,2026-04-01,SEC Form 6-K exhibit,duplicate split-adjusted price series for existing reverse-split event,https://www.sec.gov/Archives/edgar/data/1972074/000121390026038069/ea028397201ex99-1.htm,LNKS's proportional 1-for-250 dual-class reverse split is already represented by a canonical B event; the April 7 price series is a duplicate adjustment outcome.,rejected,price_dislocation_control,duplicate_split_adjusted_price_consequence_of_existing_reverse_split,0,0,0,3,0,-3,0,rejected,rejected_duplicate_price_consequence,Reject duplicate counting and possible split-adjustment contamination. The official reverse-split event retains its B label.
CAND-7189777402585931873,permaticker:196298,SWKH,2026-04-06,delisted,2026-04-06,SEC Form 8-K,paid merger completion and consideration,https://www.sec.gov/Archives/edgar/data/1089907/000155278126000198/e26171_swkh-8k.htm,"SWK Holdings completed its merger and each common share received either 1.7264 RWAY shares or $20.59 cash plus $0.74 guaranteed cash; delisting was transaction mechanics, not distress.",rejected,delisting_control,paid_merger_delisting_not_adverse_event,0,0,0,3,0,-3,0,rejected,rejected_paid_merger_delisting_control,Reject the negative delisting candidate. Holders received explicit merger consideration.
CAND-1269275540311139354,permaticker:198055,HOLX,2026-04-06,delisted,2026-04-07,SEC Form 8-K,cash acquisition completion,https://www.sec.gov/Archives/edgar/data/859737/000119312526144632/d135035d8k.htm,Hologic completed its acquisition and each common share received $76 cash plus one contingent value right; delisting followed the paid merger.,rejected,delisting_control,paid_cash_merger_delisting_not_adverse_event,0,0,0,3,0,-3,0,rejected,rejected_paid_merger_delisting_control,Reject the negative delisting candidate because the security disappeared through a paid acquisition.
CAND-15819234280746839866,permaticker:642098,OS,2026-04-02,delisted,2026-04-02,SEC Form 8-K,$24 cash merger consideration,https://www.sec.gov/Archives/edgar/data/1889956/000119312526136043/d137705d8k.htm,OneStream completed its merger and each Class A or Class D share received $24 cash; the listing termination was paid acquisition mechanics.,rejected,delisting_control,paid_cash_merger_delisting_not_adverse_event,0,0,0,3,0,-3,0,rejected,rejected_paid_merger_delisting_control,Reject the negative delisting candidate; shareholders received fixed cash consideration.
CAND-7752086748063707453,permaticker:635488,WKME,2024-09-11,bankruptcy_liquidation,2024-09-09,SEC Form 6-K exhibit,SAP cash acquisition completion,https://www.sec.gov/Archives/edgar/data/1847584/000117891324003051/exhibit_99-1.htm,"SAP completed its acquisition of WalkMe and each ordinary share converted into $14 cash, about a 45% premium; the bankruptcy classification is false.",rejected,bankruptcy_control,paid_acquisition_mislabeled_as_bankruptcy,0,0,0,3,0,-3,0,rejected,rejected_bankruptcy_metadata_false_positive,Reject the bankruptcy candidate. The issuer exited through a premium cash acquisition.
CAND-16889291163071790385,permaticker:634510,NBST,2024-09-09,bankruptcy_liquidation,2024-09-06,SEC Form 8-K,SPAC listing-rule delisting determination,https://www.sec.gov/Archives/edgar/data/1831978/000121390024076522/ea0213765-8k425_newbury.htm,Newbury Street Acquisition was suspended after failing to complete a business combination within the required period and failing a Nasdaq panel condition; it did not file bankruptcy.,rejected,bankruptcy_control,spac_listing_failure_mislabeled_as_bankruptcy,0,0,0,3,0,-3,0,rejected,rejected_bankruptcy_metadata_false_positive,Reject the bankruptcy classification; the disclosed cause was SPAC listing-rule noncompliance.
CAND-3082892861577462932,permaticker:634276,IRAA,2024-09-09,bankruptcy_liquidation,2024-09-09,SEC Form 8-K,SPAC 36-month deadline and public-share noncompliance,https://www.sec.gov/Archives/edgar/data/1831874/000110465924098578/tm2423576d1_8k.htm,"Iris Acquisition disclosed Nasdaq noncompliance with the SPAC 36-month business-combination deadline and public-share requirement, not a bankruptcy filing.",rejected,bankruptcy_control,spac_listing_failure_mislabeled_as_bankruptcy,0,0,0,3,0,-3,0,rejected,rejected_bankruptcy_metadata_false_positive,Reject the bankruptcy classification; the primary filing identifies a SPAC deadline and listing issue.
CAND-17349516487321689136,permaticker:640365,NNAG,2024-09-12,bankruptcy_liquidation,2024-09-12,SEC Form 8-K exhibit,SPAC trust liquidation and public-share redemption,https://www.sec.gov/Archives/edgar/data/1950429/000121390024078239/ea021396401ex99-1_99acq.htm,"99 Acquisition cancelled public shares only for the right to the expected trust redemption and instructed its trustee to liquidate the trust; this was SPAC wind-down mechanics, not operating-company bankruptcy.",rejected,bankruptcy_control,spac_trust_liquidation_mislabeled_as_bankruptcy,0,0,0,3,0,-3,0,rejected,rejected_spac_redemption_bankruptcy_control,Reject as bankruptcy truth. Public shares retained a trust-redemption right.
CAND-13810409030671293500,permaticker:636534,SBDS,2026-04-02,delisted,2026-04-02,SEC Form 8-K,NYSE immediate suspension for sub-$15 million market capitalization,https://www.sec.gov/Archives/edgar/data/1870600/000187060026000019/dtc-20260402.htm,NYSE suspended Solo Brands after its 30-day average global market capitalization fell below $15 million; OTCQB trading and SEC reporting were expected to continue.,verified,delisting_or_suspension,forced_nyse_delisting_for_sub_15m_market_cap_with_otc_continuity,2,1,1,3,0,-1,6,A,positive_forced_venue_loss_with_reporting_continuity,"A captures material venue and liquidity loss. Continued operations, OTC trading and reporting keep it below distress-equity-death grades."
CAND-15288757956279120947,permaticker:641660,TWG,2025-07-21,reverse_split,2025-07-21,SEC Form 6-K,one-for-90 share consolidation for bid-price compliance,https://www.sec.gov/Archives/edgar/data/1978057/000121390025064932/ea0248855-6k_topwealth.htm,"Top Wealth implemented a proportional one-for-90 share consolidation solely to regain Nasdaq minimum-bid compliance, with the same ticker and a new CUSIP.",verified,equity_structure,one_for_90_compliance_reverse_split,1,0,0,3,0,-2,2,B,positive_mechanical_reverse_split_boundary,B only. The split was proportional and the filing does not establish contemporaneous financing or terminal distress.
CAND-16542578666891770419,permaticker:638137,ONCO,2025-06-13,reverse_split,2025-06-13,SEC Form 8-K exhibit,one-for-85 reverse split for bid-price compliance,https://www.sec.gov/Archives/edgar/data/1782107/000121390025053367/ea024538701ex99-1_onconetix.htm,Onconetix implemented a proportional one-for-85 reverse split for Nasdaq minimum-bid compliance while retaining its ticker; no contemporaneous financing is established by this evidence.,verified,equity_structure,one_for_85_compliance_reverse_split,1,0,0,3,0,-2,2,B,positive_mechanical_reverse_split_boundary,B only. Do not infer dilution or equity death from a proportional compliance split.
CAND-9912541345377253199,permaticker:631638,QH,2025-08-25,reverse_split,2025-08-25,SEC Form 6-K,ADS ratio change economically equal to one-for-90 consolidation,https://www.sec.gov/Archives/edgar/data/1781193/000110465925080920/tm2523813d1_6k.htm,"Quhuo changed its ADS ratio from one ADS per 10 Class A shares to one ADS per 900 shares, economically a one-for-90 ADS consolidation, with no change to the QH ticker.",verified,equity_structure,one_for_90_ads_ratio_consolidation,1,0,0,3,0,-2,2,B,positive_mechanical_ads_ratio_change_boundary,B only. The next-day ATM is a separately timed potential-dilution event and cannot be backfilled onto the split.
CAND-1050366302607468727,permaticker:633401,EZRA,2021-02-09,reverse_split,2021-02-10,SEC Form 424B4,event-time RELI offering rather than later EZRA reverse split,https://www.sec.gov/Archives/edgar/data/1812727/000149315221003264/form424b4.htm,The 2021 issuer traded as RELI and offered 1.8 million common shares plus 1.8 million warrants; the later EZRA ticker and reverse-split action are an identity and action mismatch.,rejected,identity_control,later_ticker_and_action_backfill_mismatch,0,0,0,3,0,-3,0,rejected,rejected_event_time_identity_mismatch_with_manual_recovery,Reject EZRA as the 2021 identity and reject the reverse-split action. Preserve the separately dated RELI offering.
CAND-1155854895177727195,permaticker:636619,IOBTQ,2026-04-06,bankruptcy_liquidation,2026-03-31,SEC Form 8-K,Chapter 7 filing under event-time ticker IOBT,https://www.sec.gov/Archives/edgar/data/1865494/000119312526133331/d87973d8k.htm,IO Biotech ceased operations and filed Chapter 7 on March 31 under ticker IOBT; IOBTQ and April 6 are later identity and consequence proxies.,rejected,identity_control,later_q_suffix_and_date_proxy_for_separately_recovered_chapter_7_event,0,0,0,3,0,-3,0,rejected,rejected_event_time_identity_and_date_proxy,"This replaces the prior erroneous S record. The correct IOBT March 31 event is A++ because the filing says recovery is unlikely, not finally cancelled or zero."
CAND-11410786367347833833,permaticker:636619,IOBTQ,2026-04-06,delisted,2026-03-31,SEC Form 8-K,delisting consequence after separately dated Chapter 7 filing,https://www.sec.gov/Archives/edgar/data/1865494/000119312526133331/d87973d8k.htm,The April IOBTQ delisting row is a later listing consequence of IOBT's March 31 Chapter 7 filing and uses the later Q-suffix identity.,rejected,delisting_control,bankruptcy_driven_delisting_consequence_of_separate_primary_event,0,0,0,3,0,-3,0,rejected,rejected_duplicate_bankruptcy_listing_consequence,Reject duplicate hard labeling. The event-time Chapter 7 petition is represented separately.
CAND-1212527460593092589,permaticker:198586,BIGGQ,2024-09-09,bankruptcy_liquidation,2024-09-09,SEC Form 8-K,Chapter 11 filing under event-time ticker BIG,https://www.sec.gov/Archives/edgar/data/768835/000076883524000062/big-20240905.htm,Big Lots filed Chapter 11 on September 9 under ticker BIG with DIP financing and a stalking-horse process; BIGGQ is a later identity proxy.,rejected,identity_control,later_q_suffix_proxy_for_separately_recovered_chapter_11_event,0,0,0,3,0,-3,0,rejected,rejected_event_time_identity_proxy_with_manual_recovery,"Reject BIGGQ as the event-time identity. Preserve BIG's September 9 petition as A++, not S."
CAND-5204374125268408598,permaticker:116547,CVIAQ,2020-07-01,volume_crash,2020-06-29,SEC Form 8-K,price consequence after earlier Chapter 11 petition,https://www.sec.gov/Archives/edgar/data/1722287/000156459020031311/cvia-8k_20200629.htm,Covia filed Chapter 11 on June 29 under ticker CVIA; the July 1 CVIAQ price row is a later Q-suffix market consequence.,rejected,price_dislocation_control,price_consequence_and_later_q_suffix_proxy_for_chapter_11,0,0,0,3,0,-3,0,rejected,rejected_price_only_control_with_manual_event_recovery,Reject price as event truth and preserve the June 29 CVIA petition separately.
CAND-15225749718705513988,permaticker:631638,QH,2025-07-28,volume_crash,2025-08-25,SEC Form 6-K,price observation predating separately timed ADS consolidation and ATM,https://www.sec.gov/Archives/edgar/data/1781193/000110465925080920/tm2523813d1_6k.htm,QH's July 28 price episode predates the August 25 ADS consolidation and August 26 ATM agreement; later corporate actions cannot be backfilled as its cause.,rejected,price_dislocation_control,price_only_episode_without_contemporaneous_primary_cause,0,0,0,3,0,-3,0,rejected,rejected_price_only_no_backfill_control,Reject causal backfill. The later split and ATM remain separately timed events.
MANUAL-SEC-RELI-20210210-SHARE-WARRANT-OFFERING,permaticker:633401,RELI,2021-02-10,share_and_warrant_offering_material_to_preoffering_share_base,2021-02-10,SEC Form 424B4,1.8 million shares plus 1.8 million warrants,https://www.sec.gov/Archives/edgar/data/1812727/000149315221003264/form424b4.htm,"Reliance Global Group offered 1.8 million common shares and warrants to buy another 1.8 million shares at a $6 package price, against about 4.24 million shares outstanding at year-end 2020.",verified,equity_dilution,share_and_warrant_offering_material_to_preoffering_share_base,2,1,2,3,0,-1,7,A,positive_realized_and_potential_dilution,A reflects issued shares plus a material warrant overhang. It is not a reverse split and not a terminal event.
MANUAL-SEC-IOBT-20260331-CHAPTER7-LIQUIDATION,permaticker:636619,IOBT,2026-03-31,chapter_7_operational_and_governance_death_without_final_common_cancellation,2026-03-31,SEC Form 8-K,cessation of operations and Chapter 7 trustee liquidation,https://www.sec.gov/Archives/edgar/data/1865494/000119312526133331/d87973d8k.htm,"IO Biotech ceased operations, filed Chapter 7, transferred control to a trustee and disclosed that common holders were unlikely to receive a payment or distribution.",verified,distress_equity_death,chapter_7_operational_and_governance_death_without_final_common_cancellation,3,3,2,3,0,-1,10,A++,positive_chapter_7_nonterminal_common_outcome_boundary,A++ is the ceiling until final cancellation or explicit zero recovery is proven. 'Unlikely' does not satisfy the S terminal boundary.
MANUAL-SEC-BIG-20240909-CHAPTER11-DIP-ASSET-SALE,permaticker:198586,BIG,2024-09-09,chapter_11_with_dip_and_substantially_all_asset_sale_process,2024-09-09,SEC Form 8-K,"Chapter 11 petitions, DIP financing and stalking-horse asset sale",https://www.sec.gov/Archives/edgar/data/768835/000076883524000062/big-20240905.htm,"Big Lots and subsidiaries filed Chapter 11 petitions, obtained DIP financing and pursued a stalking-horse sale of substantially all assets; common cancellation was expected but not yet final.",verified,distress_equity_death,chapter_11_with_dip_and_substantially_all_asset_sale_process,3,3,2,3,0,-1,10,A++,positive_chapter_11_asset_sale_nonterminal_boundary,A++ captures judicial insolvency and asset-sale severity. Expected cancellation is not final terminal evidence for S.
MANUAL-SEC-CVIA-20200629-CHAPTER11-PETITION,permaticker:116547,CVIA,2020-06-29,voluntary_chapter_11_petition,2020-06-29,SEC Form 8-K,voluntary Chapter 11 petitions,https://www.sec.gov/Archives/edgar/data/1722287/000156459020031311/cvia-8k_20200629.htm,"Covia Holdings and subsidiaries filed voluntary Chapter 11 petitions on June 29, 2020, creating a primary judicial-insolvency event distinct from later CVIAQ price observations.",verified,distress_equity_death,voluntary_chapter_11_petition,3,3,2,3,0,-1,10,A++,positive_chapter_11_primary_event,A++ for the petition. S requires separately proven final cancellation or explicit zero recovery.
MANUAL-SEC-QH-20250826-EXTREME-ATM-CAPACITY,permaticker:631638,QH,2025-08-26,extreme_atm_capacity_not_yet_realized,2025-08-26,SEC Form 6-K and prospectus,up to $50 million ATM capacity after ADS consolidation,https://www.sec.gov/Archives/edgar/data/1781193/000110465925083728/tm2524243-1_424b5.htm,"Quhuo established an at-the-market facility for up to $50 million; at the disclosed reference price it could issue about 9.19 million ADSs versus about 0.99 million ADSs before the facility, but had no obligation to sell.",verified,equity_dilution,extreme_atm_capacity_not_yet_realized,1,0,1,3,0,-2,3,B,positive_potential_dilution_capacity_boundary,"B reflects extreme potential capacity, not completed issuance. Do not upgrade until actual sales are disclosed."
CAND-5116845367151181395,permaticker:635763,BLFY,2026-04-01,delisted,2026-04-01,SEC Form 8-K,completed stock merger with 0.650 Fulton share consideration,https://www.sec.gov/Archives/edgar/data/1846017/000119312526135897/d62529d8k.htm,Each Blue Foundry common share converted into 0.650 Fulton common shares plus cash for fractional shares when the merger completed; delisting was paid transaction mechanics.,rejected,delisting_control,paid_stock_merger_delisting_not_adverse_event,0,0,0,3,0,-3,0,rejected,rejected_paid_merger_delisting_control,Reject negative delisting. Holders received explicit stock merger consideration.
CAND-6802851104574681635,permaticker:196647,TBHC,2026-04-01,delisted,2026-04-02,SEC Form 8-K,completed stock merger with 0.1993 parent share consideration,https://www.sec.gov/Archives/edgar/data/1056285/000143774926011128/tbhc20260331_8k.htm,Each Brand House Collective common share converted into 0.1993 Bed Bath & Beyond common shares plus cash for fractional shares; delisting followed the completed merger.,rejected,delisting_control,paid_stock_merger_delisting_not_adverse_event,0,0,0,3,0,-3,0,rejected,rejected_paid_merger_delisting_control,Reject negative delisting. The security exited through a completed stock merger.
CAND-1297943423344405928,permaticker:633250,ONTF,2026-03-31,delisted,2026-04-01,SEC Form 8-K,$8.10 cash merger completion,https://www.sec.gov/Archives/edgar/data/1110611/000119312526137923/d108017d8k.htm,ON24 completed its acquisition and each eligible common share converted into $8.10 cash; delisting was merger mechanics.,rejected,delisting_control,paid_cash_merger_delisting_not_adverse_event,0,0,0,3,0,-3,0,rejected,rejected_paid_merger_delisting_control,Reject negative delisting because holders received fixed cash consideration.
CAND-4181726554410009806,permaticker:194359,GLDD,2026-03-31,delisted,2026-04-01,SEC Form 8-K,$17 cash tender offer and merger completion,https://www.sec.gov/Archives/edgar/data/1372020/000119312526136214/d145321d8k.htm,Saltchuk acquired Great Lakes Dredge & Dock through a completed $17-per-share cash tender offer and merger; the company requested delisting after closing.,rejected,delisting_control,paid_cash_tender_offer_merger_delisting_not_adverse_event,0,0,0,3,0,-3,0,rejected,rejected_paid_merger_delisting_control,Reject negative delisting. The delisting followed a paid acquisition and full debt-facility repayment.
CAND-10047781452442425049,permaticker:636935,TCOA,2024-09-04,bankruptcy_liquidation,2024-08-23,SEC Form 8-K,NYSE public-holder delisting mislabeled as bankruptcy,https://www.sec.gov/Archives/edgar/data/1846750/000121390024072387/ea0212229-8k425_zalatori.htm,NYSE began delisting Zalatoris Acquisition because it failed to regain the minimum 300 public holders after an 18-month plan period; no bankruptcy filing was disclosed.,rejected,bankruptcy_control,public_holder_listing_failure_mislabeled_as_bankruptcy,0,0,0,3,0,-3,0,rejected,rejected_bankruptcy_metadata_false_positive_with_manual_listing_recovery,Reject the bankruptcy source row and represent the formal listing determination separately.
CAND-14281527582984531082,permaticker:635789,CLOE,2024-09-03,bankruptcy_liquidation,2024-08-30,SEC Form 8-K,SPAC panel delisting for unmet business-combination condition,https://www.sec.gov/Archives/edgar/data/1849058/000121390024075060/ea0213210-8k425_clover.htm,Nasdaq's panel determined to delist Clover Leaf after it failed to close its initial business combination under the panel decision; this was not bankruptcy.,rejected,bankruptcy_control,spac_listing_condition_failure_mislabeled_as_bankruptcy,0,0,0,3,0,-3,0,rejected,rejected_bankruptcy_metadata_false_positive_with_manual_listing_recovery,Reject the bankruptcy source row and preserve the separately dated panel delisting determination.
CAND-9423924779973917269,permaticker:633910,SLAM,2024-08-26,bankruptcy_liquidation,2024-08-23,SEC Form 8-K,SPAC 36-month deadline delisting mislabeled as bankruptcy,https://www.sec.gov/Archives/edgar/data/1838162/000121390024072599/ea0212347-8k425_slamcorp.htm,Nasdaq determined to delist Slam because it had not completed a business combination within 36 months; no insolvency petition was disclosed.,rejected,bankruptcy_control,spac_36_month_listing_failure_mislabeled_as_bankruptcy,0,0,0,3,0,-3,0,rejected,rejected_bankruptcy_metadata_false_positive_with_manual_listing_recovery,Reject the bankruptcy source row and preserve the separate formal delisting event.
CAND-5877566647926329302,permaticker:193559,MMATQ,2024-08-20,bankruptcy_liquidation,2024-08-09,SEC Form 8-K,later MMATQ date proxy for MMAT Chapter 7 petition,https://www.sec.gov/Archives/edgar/data/1431959/000095017024097034/mmat-20240812.htm,Meta Materials filed Chapter 7 on August 9 while its SEC cover still identified ticker MMAT; MMATQ and August 20 are later identity and market-consequence proxies.,rejected,identity_control,later_q_suffix_and_date_proxy_for_separately_recovered_chapter_7_event,0,0,0,3,0,-3,0,rejected,rejected_event_time_identity_and_date_proxy,Reject the proxy row; the August 9 MMAT Chapter 7 petition is represented separately as A++.
CAND-8705043570819239668,permaticker:636686,NUVOQ,2024-08-30,bankruptcy_liquidation,2024-08-22,SEC Form 6-K,later NUVOQ date proxy for NUVO Chapter 11 petitions,https://www.sec.gov/Archives/edgar/data/1990145/000182912624005748/holdconuvo_6k.htm,Holdco Nuvo and filing subsidiaries filed Chapter 11 on August 22; the later NUVOQ and August 30 source row do not preserve event-time identity and date.,rejected,identity_control,later_q_suffix_and_date_proxy_for_separately_recovered_chapter_11_event,0,0,0,3,0,-3,0,rejected,rejected_event_time_identity_and_date_proxy,Reject the proxy row; the August 22 NUVO Chapter 11 event is represented separately.
CAND-744362318358701789,permaticker:110628,NOVA,2025-06-10,one_day_crash,2025-06-08,SEC Form 8-K,price crash after separately dated Chapter 11 petition,https://www.sec.gov/Archives/edgar/data/1772695/000177269525000105/nova-20250608.htm,"Sunnova filed Chapter 11 on June 8 and the June 10 price crash and delisting reaction are consequences, not the primary event.",rejected,price_dislocation_control,price_consequence_of_separately_dated_chapter_11_event,0,0,0,3,0,-3,0,rejected,rejected_price_only_control_with_manual_event_recovery,Reject price as event truth. The June 8 petition is separately represented as A++.
CAND-788517112244952009,permaticker:642606,PTLE,2026-02-27,reverse_split,2026-02-27,SEC Form 6-K,one-for-80 share consolidation for bid-price compliance,https://www.sec.gov/Archives/edgar/data/2016337/000121390026019557/ea0278137-6k_ptl.htm,PTL implemented a one-for-80 proportional share consolidation to regain Nasdaq minimum-bid compliance while retaining ticker PTLE.,verified,equity_structure,one_for_80_compliance_reverse_split,1,0,0,3,0,-2,2,B,positive_mechanical_reverse_split_boundary,B only. A nearby shelf prospectus does not prove completed contemporaneous financing.
CAND-12746730098231007342,permaticker:639881,CHSN,2025-08-18,reverse_split,2025-08-18,SEC Form 6-K exhibit,one-for-80 share consolidation for bid-price compliance,https://www.sec.gov/Archives/edgar/data/1825349/000121390025079889/ea025431901ex99-1_chanson.htm,Chanson implemented a one-for-80 proportional share consolidation to regain Nasdaq minimum-bid compliance under the same ticker CHSN.,verified,equity_structure,one_for_80_compliance_reverse_split,1,0,0,3,0,-2,2,B,positive_mechanical_reverse_split_boundary,B only. A registration statement is not completed financing; the later delisting determination is a separate event.
CAND-15734821287286515014,permaticker:640574,LRHC,2025-07-07,reverse_split,2025-07-07,SEC Form 8-K exhibit,one-for-80 reverse split for bid-price compliance,https://www.sec.gov/Archives/edgar/data/1879403/000121390025062057/ea024831201ex99-1_larosa.htm,La Rosa implemented a one-for-80 proportional reverse split to regain Nasdaq minimum-bid compliance; no completed contemporaneous financing is established.,verified,equity_structure,one_for_80_compliance_reverse_split,1,0,0,3,0,-2,2,B,positive_mechanical_reverse_split_boundary,B only. Do not infer dilution from a proportional listing-remediation split.
CAND-11245905717628316719,permaticker:638642,BGXXQ,2024-03-31,cash_short_debt_stress,2024-04-16,SEC Form 10-K,later BGXXQ identity and period-end ratio proxy,https://www.sec.gov/Archives/edgar/data/1886799/000149315224014864/form10-k.htm,The filing identified ticker BGXX and disclosed its going-concern condition on April 16; BGXXQ and the March 31 ratio date are later identity and accounting proxies.,rejected,identity_control,later_q_suffix_and_period_end_proxy_for_separately_recovered_going_concern_event,0,0,0,3,0,-3,0,rejected,rejected_event_time_identity_and_period_proxy,Reject the proxy row and preserve the April 16 BGXX filing event separately.
CAND-11943523194727839259,permaticker:636742,SSM,2024-05-30,one_day_crash,2024-05-02,SEC Form 6-K,price crash without contemporaneous resolved primary cause,https://www.sec.gov/Archives/edgar/data/1840416/000117184324002495/f6k_050224.htm,Sono Group's nearby filings discuss Yorkville agreement termination and default provisions but do not establish a new May 30 event whose effective time explains the price row.,rejected,price_dislocation_control,price_only_episode_without_contemporaneous_resolved_primary_cause,0,0,0,3,0,-3,0,rejected,rejected_price_only_temporal_mismatch_control,Reject the price row as causal truth; do not backfill a month-earlier contractual disclosure.
MANUAL-SEC-TCOA-20240823-NYSE-PUBLIC-HOLDER-DELISTING,permaticker:636935,TCOA,2024-08-23,forced_nyse_delisting_for_public_holder_noncompliance_with_otc_plan,2024-08-23,SEC Form 8-K,NYSE delisting for fewer than 300 public holders,https://www.sec.gov/Archives/edgar/data/1846750/000121390024072387/ea0212229-8k425_zalatori.htm,NYSE Regulation commenced delisting after TCOA failed to regain at least 300 public holders by the end of its maximum 18-month compliance plan; the company later declined review and sought OTC trading.,verified,delisting_or_suspension,forced_nyse_delisting_for_public_holder_noncompliance_with_otc_plan,2,1,1,3,0,-1,6,A,positive_forced_venue_loss_with_otc_continuity,A captures formal venue loss while the planned OTC continuation keeps the event below corporate death.
MANUAL-SEC-CLOE-20240830-NASDAQ-PANEL-DELISTING,permaticker:635789,CLOE,2024-08-30,forced_nasdaq_panel_delisting_for_unmet_spac_business_combination_condition,2024-08-30,SEC Form 8-K,Nasdaq panel delisting for unmet SPAC business-combination condition,https://www.sec.gov/Archives/edgar/data/1849058/000121390024075060/ea0213210-8k425_clover.htm,Nasdaq's Hearings Panel determined to delist CLOE and suspend trading on September 4 after it failed to close its initial business combination under the panel decision.,verified,delisting_or_suspension,forced_nasdaq_panel_delisting_for_unmet_spac_business_combination_condition,2,1,1,3,0,-1,6,A,positive_forced_spac_venue_loss_not_bankruptcy,"A reflects a formal panel determination and imminent suspension, not bankruptcy or terminal equity loss."
MANUAL-SEC-SLAM-20240823-NASDAQ-36MONTH-DELISTING,permaticker:633910,SLAM,2024-08-23,forced_nasdaq_delisting_for_spac_36_month_deadline_failure,2024-08-23,SEC Form 8-K,Nasdaq delisting for missing SPAC 36-month business-combination deadline,https://www.sec.gov/Archives/edgar/data/1838162/000121390024072599/ea0212347-8k425_slamcorp.htm,Nasdaq determined to delist SLAM and suspend trading on August 27 because it had not completed a business combination within 36 months.,verified,delisting_or_suspension,forced_nasdaq_delisting_for_spac_36_month_deadline_failure,2,1,1,3,0,-1,6,A,positive_forced_spac_venue_loss_not_bankruptcy,"A captures formal venue loss. It is a listing event, not evidence of insolvency or common-equity death."
MANUAL-SEC-MMAT-20240809-CHAPTER7-PETITION,permaticker:193559,MMAT,2024-08-09,chapter_7_petition_and_trustee_control_without_final_common_outcome,2024-08-09,SEC Form 8-K,voluntary Chapter 7 petition and trustee representation,https://www.sec.gov/Archives/edgar/data/1431959/000095017024097034/mmat-20240812.htm,Meta Materials filed a voluntary Chapter 7 petition on August 9 and the subsequent filing was signed by an authorized representative and trustee; final common cancellation or zero recovery was not established.,verified,distress_equity_death,chapter_7_petition_and_trustee_control_without_final_common_outcome,3,3,2,3,0,-1,10,A++,positive_chapter_7_nonterminal_common_outcome_boundary,A++ until a later primary filing proves old-common cancellation or explicit zero recovery.
MANUAL-SEC-NUVO-20240822-CHAPTER11-PETITIONS,permaticker:636686,NUVO,2024-08-22,company_and_subsidiaries_voluntary_chapter_11_petitions,2024-08-22,SEC Form 6-K,company and subsidiaries voluntary Chapter 11 petitions,https://www.sec.gov/Archives/edgar/data/1990145/000182912624005748/holdconuvo_6k.htm,Holdco Nuvo and certain direct and indirect subsidiaries filed voluntary Chapter 11 petitions and intended to operate as debtors in possession; no final common-equity outcome was disclosed.,verified,distress_equity_death,company_and_subsidiaries_voluntary_chapter_11_petitions,3,3,2,3,0,-1,10,A++,positive_chapter_11_nonterminal_common_outcome_boundary,A++ for judicial insolvency; no S without separately proven final old-common treatment.
MANUAL-SEC-NOVA-20250608-CHAPTER11-ASSET-SALE,permaticker:110628,NOVA,2025-06-08,chapter_11_with_debtor_in_possession_and_asset_sale_process,2025-06-08,SEC Form 8-K,parent and subsidiaries Chapter 11 with asset-sale process,https://www.sec.gov/Archives/edgar/data/1772695/000177269525000105/nova-20250608.htm,"Sunnova and filing subsidiaries entered Chapter 11, remained debtors in possession and began a court-supervised sale process; the company warned of significant or complete common-stock loss but did not prove final cancellation.",verified,distress_equity_death,chapter_11_with_debtor_in_possession_and_asset_sale_process,3,3,2,3,0,-1,10,A++,positive_chapter_11_asset_sale_nonterminal_boundary,A++ because a possible complete loss is not the same as final old-common cancellation or explicit zero recovery.
MANUAL-SEC-BGXX-20240416-GOING-CONCERN-FINANCING-DEPENDENCY,permaticker:638642,BGXX,2024-04-16,going_concern_near_zero_cash_negative_working_capital_with_related_party_credit_backstop,2024-04-16,SEC Form 10-K,"$10,059 cash, negative working capital and external-financing dependency",https://www.sec.gov/Archives/edgar/data/1886799/000149315224014864/form10-k.htm,"Bright Green ended 2023 with $10,059 cash, $5.97 million negative working capital, no product revenue and $2.46 million annual operating cash burn, while depending on debt or equity financing and retaining $14.8 million of related-party credit availability.",verified,fundamental_distress,going_concern_near_zero_cash_negative_working_capital_with_related_party_credit_backstop,2,1,2,3,0,-1,7,A,positive_going_concern_with_material_credit_backstop_boundary,A captures severe funding dependency; the disclosed $14.8 million undrawn related-party line is a material backstop that prevents an A++ classification on this filing alone.
CAND-15804412730143740774,permaticker:111060,XTKG,2026-04-01,delisted,2026-04-27,SEC Form 20-F,April 1 final-delisting claim contradicted by hearing stay and continued Nasdaq registration,https://www.sec.gov/Archives/edgar/data/1754323/000121390026048038/ea0287317-20f_x3hold.htm,"X3 timely appealed the February 10 staff determination, staying suspension and Form 25 action; its April 27 annual report still listed XTKG on Nasdaq and described March 5 post-consolidation trading.",rejected,delisting_control,unproven_final_delisting_date_during_hearing_stay,0,0,0,3,0,-3,0,rejected,rejected_final_delisting_claim_with_separate_determination_recovery,Reject April 1 as a completed delisting. Preserve the February staff determination and March consolidation as separately timed events.
MANUAL-SEC-XTKG-20260210-NASDAQ-DELISTING-DETERMINATION-STAYED,permaticker:111060,XTKG,2026-02-10,formal_minimum_bid_delisting_determination_with_hearing_stay,2026-02-10,SEC Form 6-K exhibit,Nasdaq minimum-bid delisting determination with timely hearing stay,https://www.sec.gov/Archives/edgar/data/1754323/000121390026016517/ea027677701ex99-1_x3hold.htm,"Nasdaq determined to delist XTKG for minimum-bid noncompliance and ineligibility for a new compliance period after a recent split; the company timely requested a hearing, staying suspension and Form 25 action.",verified,delisting_or_suspension,formal_minimum_bid_delisting_determination_with_hearing_stay,2,1,1,3,0,-1,6,A,positive_formal_delisting_determination_without_completed_venue_loss,A reflects a formal staff determination. The hearing stay and absence of completed suspension prevent treating it as final venue loss.
MANUAL-SEC-XTKG-20260305-ONE-FOR-30-COMPLIANCE-CONSOLIDATION,permaticker:111060,XTKG,2026-03-05,one_for_30_compliance_share_consolidation,2026-03-05,SEC Form 6-K,one-for-30 share consolidation for minimum-bid remediation,https://www.sec.gov/Archives/edgar/data/1754323/000121390026020818/ea0276539-6k_x3holdings.htm,"X3 implemented a proportional one-for-30 Class A share consolidation effective for Nasdaq trading on March 5, reducing issued Class A shares while changing par value proportionally.",verified,equity_structure,one_for_30_compliance_share_consolidation,1,0,0,3,0,-2,2,B,positive_mechanical_reverse_split_boundary,B only. This proportional remediation event is separate from the staff delisting determination and from any future financing.
CAND-8631279797513900110,permaticker:116327,GRIN1,2024-08-15,bankruptcy_liquidation,2024-08-16,SEC Schedule 13E-3/A,$14.25 paid selective capital reduction and voluntary Nasdaq delisting,https://www.sec.gov/Archives/edgar/data/1725293/000157587224000923/gsh158_sc13e-3a.htm,"Grindrod's court-approved selective capital reduction cancelled participating GRIN shares for $14.25 cash each and made Good Falkirk the sole shareholder; the associated Nasdaq exit was a paid going-private transaction, not bankruptcy.",rejected,corporate_action_going_private,paid_selective_capital_reduction_not_bankruptcy,0,0,0,3,0,-3,0,rejected,rejected_paid_going_private_false_bankruptcy_and_later_ticker,Reject both the bankruptcy label and GRIN1 identity. The event belonged to GRIN and paid holders cash consideration.
CAND-5700984499981709572,permaticker:193803,FFWM,2026-03-31,delisted,2026-04-01,SEC Form 8-K,completed FirstSun merger with 0.16083-share consideration,https://www.sec.gov/Archives/edgar/data/1413837/000110465926038418/tm2610118d2_8k.htm,"First Foundation completed its merger into FirstSun on April 1, and each FFWM share converted into 0.16083 FirstSun shares plus cash in lieu of fractional shares.",rejected,corporate_action_merger,paid_stock_merger_delisting_not_adverse_event,0,0,0,3,0,-3,0,rejected,rejected_paid_stock_merger_delisting,"The exchange exit is merger mechanics with stock consideration, not distress or common-equity destruction."
CAND-2241410920635183680,permaticker:197990,SPWRQ,2024-08-15,bankruptcy_liquidation,2024-08-05,SEC Form 8-K,event-time SPWR Chapter 11 petitions and asset-sale process,https://www.sec.gov/Archives/edgar/data/867773/000086777324000086/spwr-20240802.htm,SunPower and certain subsidiaries filed Chapter 11 on August 5 under ticker SPWR and entered a $45 million stalking-horse asset purchase agreement; the filing warned of significant or complete equity loss but did not prove final treatment.,rejected,identity_and_date_control,later_bankruptcy_ticker_and_date_backfilled_over_SPWR_petition,0,0,0,3,0,-3,0,rejected,rejected_later_Q_ticker_proxy_with_primary_event_recovery,Reject the August 15 SPWRQ proxy row. Preserve the August 5 SPWR petition separately and do not promote an expected equity loss to S.
MANUAL-SEC-SPWR-20240805-CHAPTER11-ASSET-SALE,permaticker:197990,SPWR,2024-08-05,chapter_11_with_debt_acceleration_and_stalking_horse_asset_sale,2024-08-05,SEC Form 8-K,"Chapter 11 petitions, debt acceleration and stalking-horse asset sale",https://www.sec.gov/Archives/edgar/data/867773/000086777324000086/spwr-20240802.htm,"SPWR and certain subsidiaries entered Chapter 11, approximately $509 million of debt became accelerated, and a $45 million stalking-horse transaction covered selected assets; final old-common recovery was not established.",verified,distress_equity_death,chapter_11_with_debt_acceleration_and_stalking_horse_asset_sale,3,3,2,3,0,-1,10,A++,positive_chapter_11_asset_sale_nonterminal_common_outcome_boundary,A++ for judicial insolvency and asset sale; no S without final old-common cancellation or explicit zero recovery.
CAND-5055782402603900658,permaticker:119281,ITRMF,2026-03-31,delisted,2026-03-30,SEC Form 8-K,event-time ITRM winding-up and final Nasdaq determination,https://www.sec.gov/Archives/edgar/data/1659323/000119312526133247/itrm-20260330.htm,"Iterum filed its Irish winding-up petition under ticker ITRM on March 27, withdrew its Nasdaq appeal, and received a final delisting letter March 30 with suspension scheduled for April 1; ITRMF is a later identifier.",rejected,identity_and_date_control,later_OTC_alias_and_date_backfilled_over_ITRM_winding_up_and_delisting,0,0,0,3,0,-3,0,rejected,rejected_later_ticker_proxy_with_two_primary_event_recoveries,Reject the March 31 ITRMF proxy row; preserve the March 27 winding-up petition and March 30 final listing determination under ITRM separately.
MANUAL-SEC-ITRM-20260327-WINDING-UP-PETITION,permaticker:119281,ITRM,2026-03-27,court_winding_up_petition_with_provisional_liquidators,2026-03-27,SEC Form 8-K,Irish High Court winding-up petition with provisional liquidators,https://www.sec.gov/Archives/edgar/data/1659323/000119312526133247/itrm-20260330.htm,"ITRM filed a petition in the Irish High Court to wind up the company, operated under joint provisional liquidators and disclosed limited cash; shareholder value or recovery remained uncertain.",verified,distress_equity_death,court_winding_up_petition_with_provisional_liquidators,3,3,2,3,0,-1,10,A++,positive_judicial_winding_up_nonterminal_common_outcome_boundary,A++ for a judicial winding-up process; uncertain shareholder recovery is not final zero recovery and cannot support S.
MANUAL-SEC-ITRM-20260330-NASDAQ-FINAL-DELISTING-DETERMINATION,permaticker:119281,ITRM,2026-03-30,final_delisting_determination_after_appeal_withdrawal,2026-03-30,SEC Form 8-K,appeal withdrawal and final Nasdaq delisting determination,https://www.sec.gov/Archives/edgar/data/1659323/000119312526133247/itrm-20260330.htm,"After ITRM withdrew its appeal in connection with the winding-up petition, Nasdaq issued a final delisting determination on March 30 and scheduled trading suspension for April 1.",verified,delisting_or_suspension,final_delisting_determination_after_appeal_withdrawal,2,2,1,3,0,-1,7,A,positive_final_listing_determination_as_distress_consequence,Keep as a separately timed listing consequence; do not double-count it as an independent insolvency event.
CAND-18381365756284287052,permaticker:124324,BBU,2026-03-30,delisted,2026-03-27,SEC Form 15,one-for-one successor-share arrangement,https://www.sec.gov/Archives/edgar/data/1654795/000110465926042297/tm263986d15_1512g.htm,The court-approved arrangement exchanged each BBU unit for one listed successor Corporation share; BBU became a subsidiary and its Form 15 did not affect the successor's reporting obligations.,rejected,corporate_reorganization_control,one_for_one_successor_exchange_not_adverse_delisting,0,0,0,3,0,-3,0,rejected,rejected_successor_exchange_delisting_control,"The listing/reporting exit reflects a one-for-one successor exchange, not holder-value destruction."
CAND-2369953739956317210,permaticker:638313,BBUC1,2026-03-30,delisted,2026-03-27,SEC Form 15,one-for-one Old BBUC successor-share arrangement,https://www.sec.gov/Archives/edgar/data/1871130/000110465926042300/tm263986d16_1512g.htm,"Old BBUC exchangeable shares were exchanged one-for-one for successor Corporation shares under the same court-approved arrangement, after which Old BBUC became a subsidiary.",rejected,corporate_reorganization_control,one_for_one_successor_exchange_not_adverse_delisting,0,0,0,3,0,-3,0,rejected,rejected_successor_exchange_delisting_control,"The listing/reporting exit reflects a one-for-one successor exchange, not holder-value destruction."
CAND-16017602358506140024,permaticker:120813,HYPD,2025-02-03,reverse_split,2025-01-31,SEC Form 8-K,event-time EYEN one-for-80 compliance reverse split,https://www.sec.gov/Archives/edgar/data/1682639/000110465925008090/tm254752d1_8k.htm,"The February 3 split-adjusted trading event belonged to Eyenovia under ticker EYEN, not the later Hyperion DeFi name and HYPD ticker; the split was a proportional one-for-80 compliance action.",rejected,identity_control,later_HYPD_ticker_backfilled_over_event_time_EYEN_reverse_split,0,0,0,3,0,-3,0,rejected,rejected_later_ticker_reverse_split_proxy_with_primary_event_recovery,Reject HYPD as the event-time identifier and recover the February 3 EYEN trading-basis event separately.
MANUAL-SEC-EYEN-20250203-ONE-FOR-80-COMPLIANCE-REVERSE-SPLIT,permaticker:120813,EYEN,2025-02-03,one_for_80_compliance_reverse_split,2025-01-31,SEC Form 8-K,one-for-80 reverse split trading February 3,https://www.sec.gov/Archives/edgar/data/1682639/000110465925008090/tm254752d1_8k.htm,Eyenovia effected a proportional one-for-80 reverse split on January 31 and its EYEN common stock began split-adjusted Nasdaq trading on February 3 to address minimum-bid compliance.,verified,equity_structure,one_for_80_compliance_reverse_split,1,0,0,3,0,-2,2,B,positive_mechanical_reverse_split_boundary,"B only: a proportional compliance split is not itself fraud, dilution issuance or equity death."
CAND-2735619811252289209,permaticker:185815,PVLA,2024-04-23,reverse_split,2024-04-18,SEC Form 8-K,event-time PIRS one-for-80 compliance reverse split,https://www.sec.gov/Archives/edgar/data/1583648/000143774924012442/pirs20240401_8k.htm,"The April 23 split-adjusted trading event belonged to Pieris Pharmaceuticals under ticker PIRS, not the later Palvella name and PVLA ticker; it was a proportional one-for-80 compliance split.",rejected,identity_control,later_PVLA_ticker_backfilled_over_event_time_PIRS_reverse_split,0,0,0,3,0,-3,0,rejected,rejected_later_ticker_reverse_split_proxy_with_primary_event_recovery,Reject PVLA as the event-time identifier and recover the April 23 PIRS trading-basis event separately.
MANUAL-SEC-PIRS-20240423-ONE-FOR-80-COMPLIANCE-REVERSE-SPLIT,permaticker:185815,PIRS,2024-04-23,one_for_80_compliance_reverse_split,2024-04-18,SEC Form 8-K,one-for-80 reverse split trading April 23,https://www.sec.gov/Archives/edgar/data/1583648/000143774924012442/pirs20240401_8k.htm,Pieris effected a one-for-80 reverse split effective April 22 and began split-adjusted Nasdaq trading under PIRS on April 23 to regain minimum-bid compliance.,verified,equity_structure,one_for_80_compliance_reverse_split,1,0,0,3,0,-2,2,B,positive_mechanical_reverse_split_boundary,B only: retain the event-time ticker and separate the mechanical split from later merger and identity changes.
CAND-16935584860040721302,permaticker:636376,BENF,2024-04-18,reverse_split,2024-04-18,SEC Form 8-K exhibit,one-for-80 compliance reverse split,https://www.sec.gov/Archives/edgar/data/1775734/000119312524097050/d774956dex991.htm,Beneficient's BENF common stock began post-split Nasdaq trading after a proportional one-for-80 reverse split intended to regain minimum-bid compliance.,verified,equity_structure,one_for_80_compliance_reverse_split,1,0,0,3,0,-2,2,B,positive_mechanical_reverse_split_boundary,"B only. The filing proves proportional recapitalization, not a financing issuance or terminal equity outcome."
CAND-6495027695820583913,permaticker:195844,UBFO,2026-03-31,delisted,2026-04-01,SEC Form 4 and merger agreement disclosure,completed all-stock merger with 0.4520 CWBC-share consideration,https://www.sec.gov/Archives/edgar/data/1137547/000172382526000002/xslF345X03/wk-form4_1775261258.xml,United Security merged into Community West effective April 1 and each UBFO share converted into the right to receive 0.4520 CWBC shares; the Nasdaq exit was paid merger mechanics.,rejected,corporate_action_merger,paid_stock_merger_delisting_not_adverse_event,0,0,0,3,0,-3,0,rejected,rejected_paid_stock_merger_delisting,The March 31 vendor row precedes the April 1 effective time and must not be learned as a distress delisting.
CAND-12009901493286745731,permaticker:636452,FEXD,2024-08-19,bankruptcy_liquidation,2024-08-16,SEC Form 8-K,SPAC charter liquidation and trust redemption,https://www.sec.gov/Archives/edgar/data/1852407/000121390024069998/ea0211593-8k_fintech.htm,FEXD could not complete a business combination or obtain an extension and planned to dissolve under its charter and redeem public shares from the trust account; no bankruptcy petition was reported.,rejected,SPAC_lifecycle_control,SPAC_trust_redemption_and_charter_liquidation_not_bankruptcy,0,0,0,3,0,-3,0,rejected,rejected_SPAC_liquidation_false_bankruptcy,"SPAC trust redemption is a contractually funded lifecycle event, not judicial insolvency or common-equity death."
CAND-15556005067682168469,permaticker:633591,CVII,2024-08-19,bankruptcy_liquidation,2024-08-18,SEC Form 8-K,mutual termination of SPAC business combination,https://www.sec.gov/Archives/edgar/data/1828248/000110465924090907/tm2422024d1_8k.htm,"Churchill Capital Corp VII and CorpAcq mutually terminated their business combination agreement effective August 18; the filing did not report bankruptcy, liquidation or court proceedings.",rejected,SPAC_transaction_control,terminated_business_combination_not_bankruptcy,0,0,0,3,0,-3,0,rejected,rejected_SPAC_deal_termination_false_bankruptcy,A terminated SPAC transaction is not a bankruptcy event; any later lifecycle event requires separate evidence and timing.
CAND-15951232874309485895,permaticker:194051,LLFLQ,2024-08-09,bankruptcy_liquidation,2024-08-11,SEC Form 8-K,event-time LL Chapter 11 petition,https://www.sec.gov/Archives/edgar/data/1396033/000119312524198385/d794510d8k.htm,LL Flooring and certain subsidiaries filed Chapter 11 on August 11 under NYSE ticker LL and pursued a going-concern sale; LLFLQ was the later OTC ticker after NYSE suspension.,rejected,identity_and_date_control,later_OTC_alias_and_vendor_date_backfilled_over_LL_Chapter_11_petition,0,0,0,3,0,-3,0,rejected,rejected_later_Q_ticker_proxy_with_primary_event_recovery,Reject the August 9 LLFLQ proxy. Preserve the August 11 LL petition separately and do not infer final old-common treatment.
MANUAL-SEC-LL-20240811-CHAPTER11-GOING-CONCERN-SALE,permaticker:194051,LL,2024-08-11,chapter_11_with_debtor_in_possession_and_going_concern_sale_process,2024-08-11,SEC Form 8-K,Chapter 11 petitions with debtor-in-possession operations and going-concern sale,https://www.sec.gov/Archives/edgar/data/1396033/000119312524198385/d794510d8k.htm,"LL and certain subsidiaries commenced Chapter 11, continued as debtors in possession and sought a going-concern sale while closing selected stores; final old-common recovery was not established.",verified,distress_equity_death,chapter_11_with_debtor_in_possession_and_going_concern_sale_process,3,3,2,3,0,-1,10,A++,positive_chapter_11_sale_process_nonterminal_common_outcome_boundary,A++ for judicial insolvency and sale process; no S without final cancellation or explicit zero recovery for old common.
CAND-10551485143182212477,permaticker:124607,TTM,2023-01-23,voluntarydelisting,2023-01-23,SEC Form 6-K exhibit,voluntary NYSE ADS delisting with Indian listings continuing,https://www.sec.gov/Archives/edgar/data/926042/000156459023000617/ttm-ex991_6.htm,Tata Motors' ADS delisting became effective at the close of NYSE trading on January 23 while its equity shares continued trading on BSE and NSE in India.,verified,delisting_or_suspension,voluntary_US_ADS_delisting_with_home_market_continuity,1,0,0,3,0,-2,2,B,positive_cross_listing_exit_boundary,B only: the U.S. ADS exit did not remove the issuer's principal Indian equity-market access.
CAND-9392422711857777792,permaticker:124752,TIPT,2025-03-31,revenue_collapse_yoy,2025-04-30,SEC Form 10-Q,financial-sector segment-revenue composition,https://www.sec.gov/Archives/edgar/data/1393726/000139372625000055/tipt-20250331.htm,"Tiptree's generic revenue-collapse signal was driven by a small segment comparison involving prior-year realized investment gains and lower interest income; insurance and financial businesses require sector-specific income, book-value and credit metrics.",rejected,fundamental_metric_control,financial_business_model_generic_revenue_collapse_mismatch,0,0,0,3,0,-3,0,rejected,rejected_sector_metric_false_fundamental_shock,Do not train a severe operating event from a generic revenue formula that ignores financial-sector accounting and segment mix.
CAND-211638562769221862,permaticker:635986,KCGI,2024-08-16,bankruptcy_liquidation,2024-08-01,SEC Form 8-K exhibit,SPAC trust redemption and charter liquidation,https://www.sec.gov/Archives/edgar/data/1865407/000119312524191540/d827852dex991.htm,"KCGI could not find a business-combination target, elected charter liquidation and made each public share a right to its pro rata trust-account redemption amount after August 19.",rejected,SPAC_lifecycle_control,SPAC_trust_redemption_and_charter_liquidation_not_bankruptcy,0,0,0,3,0,-3,0,rejected,rejected_SPAC_liquidation_false_bankruptcy,"The note's hypothetical liquidation trigger was not the event; the actual event was a funded SPAC redemption, not judicial insolvency."
CAND-8640498476427722792,permaticker:635500,TRON2,2024-08-13,bankruptcy_liquidation,2024-08-13,SEC Form 10-Q,Nasdaq SPAC listing-rule delisting decision,https://www.sec.gov/Archives/edgar/data/1847513/000141057824001464/tronu-20240630x10q.htm,Nasdaq's panel determined to delist Corner Growth Acquisition Corp. 2 for minimum publicly held shares and SPAC business-combination rule noncompliance; the filing did not report bankruptcy.,rejected,source_and_identity_control,SPAC_listing_rule_exit_not_bankruptcy_and_TRON2_vendor_identity,0,0,0,3,0,-3,0,rejected,rejected_SPAC_listing_failure_false_bankruptcy_with_primary_event_recovery,Reject the bankruptcy family and TRON2 vendor identifier; preserve the formal TRON listing decision separately.
MANUAL-SEC-TRON-20240813-NASDAQ-SPAC-DELISTING-DECISION,permaticker:635500,TRON,2024-08-13,formal_SPAC_listing_rule_delisting_decision,2024-08-13,SEC Form 10-Q,Nasdaq panel delisting for publicly held shares and IM-5101-2 noncompliance,https://www.sec.gov/Archives/edgar/data/1847513/000141057824001464/tronu-20240630x10q.htm,Nasdaq determined to delist TRON because the SPAC failed the minimum publicly held shares requirement and IM-5101-2 business-combination requirements.,verified,delisting_or_suspension,formal_SPAC_listing_rule_delisting_decision,2,2,1,3,0,-1,7,A,positive_formal_SPAC_market_access_loss_boundary,A for a formal venue-loss decision; it remains distinct from bankruptcy and from any later trust redemption.
CAND-9081255006119395682,permaticker:119273,AIU,2024-08-13,bankruptcy_liquidation,2024-08-07,SEC Form 6-K,Cayman court winding-up order and liquidator appointment,https://www.sec.gov/Archives/edgar/data/1722380/000121390024070808/ea0211824-6k_metadata.htm,Meta Data was ordered wound up by the Cayman Grand Court on August 7 and joint official liquidators were appointed; NYSE halted AIU on August 13 as a consequence.,rejected,date_control,market_halt_date_backfilled_over_Cayman_winding_up_order,0,0,0,3,0,-3,0,rejected,rejected_market_date_proxy_with_primary_legal_event_recovery,Reject August 13 as the insolvency date; preserve the August 7 court order and do not infer zero common recovery merely from statutory priority.
MANUAL-SEC-AIU-20240807-CAYMAN-WINDING-UP-ORDER,permaticker:119273,AIU,2024-08-07,court_winding_up_order_with_joint_official_liquidators,2024-08-07,SEC Form 6-K,Grand Court winding-up order and joint official liquidators,https://www.sec.gov/Archives/edgar/data/1722380/000121390024070808/ea0211824-6k_metadata.htm,"The Cayman Grand Court ordered AIU wound up and appointed joint official liquidators; ordinary holders rank behind unsecured creditors, but distributable assets and final recovery were not yet known.",verified,distress_equity_death,court_winding_up_order_with_joint_official_liquidators,3,3,2,3,0,-1,10,A++,positive_court_liquidation_nonterminal_common_outcome_boundary,A++ for court-ordered liquidation; no S until final old-common cancellation or explicit zero recovery is proven.
CAND-1975291528062882079,permaticker:635868,IMAQ,2024-08-07,bankruptcy_liquidation,2024-07-30,SEC Form 8-K,Nasdaq SPAC 36-month and filing-delinquency delisting notice,https://www.sec.gov/Archives/edgar/data/1846235/000121390024065129/ea0210569-8k_intern.htm,"IMAQ was subject to Nasdaq delisting for failing to complete a business combination within 36 months and for a late annual report, then moved to OTC; no bankruptcy was reported.",rejected,source_and_date_control,SPAC_listing_rule_exit_not_bankruptcy,0,0,0,3,0,-3,0,rejected,rejected_SPAC_listing_failure_false_bankruptcy_with_primary_event_recovery,Reject the August 7 bankruptcy metadata row; preserve the July 30 formal listing determination separately.
MANUAL-SEC-IMAQ-20240730-NASDAQ-SPAC-DELISTING-NOTICE,permaticker:635868,IMAQ,2024-07-30,formal_SPAC_deadline_and_filing_delinquency_delisting_notice,2024-07-30,SEC Form 8-K,Nasdaq delisting notice for 36-month SPAC deadline and filing delinquency,https://www.sec.gov/Archives/edgar/data/1846235/000121390024065129/ea0210569-8k_intern.htm,Nasdaq notified IMAQ that it was subject to delisting for missing the 36-month business-combination deadline and failing to file its annual report; suspension followed on August 8 and OTC quotation continued.,verified,delisting_or_suspension,formal_SPAC_deadline_and_filing_delinquency_delisting_notice,2,2,1,3,0,-1,7,A,positive_formal_SPAC_market_access_loss_with_OTC_continuity,A for formal primary-venue loss; OTC continuity and absence of insolvency keep it separate from corporate death.
CAND-192498506841213770,permaticker:633306,KRNL,2024-08-05,bankruptcy_liquidation,2024-08-05,SEC Form 8-K,SPAC public-share trust redemption,https://www.sec.gov/Archives/edgar/data/1832950/000149315224030245/form8-k.htm,KRNL elected to redeem all public Class A shares from its trust because it would not complete a business combination by its charter deadline; this was not bankruptcy.,rejected,SPAC_lifecycle_control,SPAC_trust_redemption_and_charter_liquidation_not_bankruptcy,0,0,0,3,0,-3,0,rejected,rejected_SPAC_liquidation_false_bankruptcy,A funded trust redemption extinguishing public shares is not judicial insolvency or an unprotected common-equity wipeout.
CAND-2731107630033755067,permaticker:197280,AATC,2022-12-29,voluntarydelisting,2022-12-21,SEC Form 8-K,planned Form 25 date versus January 9 legal effectiveness,https://www.sec.gov/Archives/edgar/data/943034/000089710122001055/aatc-20221221.htm,"Autoscope announced December 21 that it expected to file Form 25 around December 30, with delisting effective January 9 and OTCQX quotation continuing; December 29 was not the legal event date.",rejected,date_control,planned_Form_25_date_proxy_for_later_voluntary_delisting,0,0,0,3,0,-3,0,rejected,rejected_planned_date_proxy_with_primary_event_recovery,Reject the December 29 vendor date and preserve the January 9 effective listing exit separately.
MANUAL-SEC-AATC-20230109-VOLUNTARY-DELISTING-OTCQX-CONTINUITY,permaticker:197280,AATC,2023-01-09,voluntary_delisting_with_OTCQX_continuity_and_going_dark_plan,2022-12-21,SEC Form 8-K,voluntary Nasdaq delisting effective January 9 with OTCQX continuity,https://www.sec.gov/Archives/edgar/data/943034/000089710122001055/aatc-20221221.htm,"AATC voluntarily left Nasdaq effective January 9, expected its common stock to continue on OTCQX and planned later reporting deregistration.",verified,delisting_or_suspension,voluntary_delisting_with_OTCQX_continuity_and_going_dark_plan,1,0,0,3,0,-2,2,B,positive_voluntary_listing_exit_boundary,"B only: venue and reporting access narrowed, but OTCQX continuity and no forced or insolvency cause were disclosed."
CAND-5152030546365564523,permaticker:165450,BDRX,2023-07-05,reverse_split,2023-07-05,SEC Form F-1/A,one-for-80 ADS ratio change for minimum-bid compliance,https://www.sec.gov/Archives/edgar/data/1643918/000121465923015583/j1121230f1a1.htm,"Biodexa changed its depositary-share ratio from five to 400 ordinary shares per ADS on July 5, producing a proportional one-for-80 reverse split for Nasdaq minimum-bid compliance.",verified,equity_structure,one_for_80_ADS_ratio_change_for_listing_compliance,1,0,0,3,0,-2,2,B,positive_mechanical_reverse_split_boundary,B only. May and June financing and warrants are separately timed securities events and cannot be backfilled into the July 5 split grade.
CAND-2710882450691583396,permaticker:192248,BKGM,2022-10-24,voluntarydelisting,2022-10-31,SEC Schedule 13E-3/A,completed 1-for-500 going-private reverse split,https://www.sec.gov/Archives/edgar/data/1527383/000119312522277115/d396046dsc13e3a.htm,"BankGuam completed a 1-for-500 reverse split on October 31, 2022 and paid $14.75 per pre-split share to holders whose positions became fractional; the October 24 vendor row was not the completed legal event date.",rejected,date_control,pre_effective_date_proxy_for_later_going_private_reverse_split,0,0,0,3,0,-3,0,rejected,rejected_wrong_date_with_primary_event_recovery,Reject the October 24 voluntary-delisting row and preserve the completed October 31 going-private transaction separately.
MANUAL-SEC-BKGM-20221031-GOING-PRIVATE-REVERSE-SPLIT,permaticker:192248,BKGM,2022-10-31,one_for_500_going_private_reverse_split_with_cash_out_of_fractional_holders,2022-10-31,SEC Schedule 13E-3/A,1-for-500 reverse split with cash-out of fractional holders,https://www.sec.gov/Archives/edgar/data/1527383/000119312522277115/d396046dsc13e3a.htm,Each 500 BankGuam shares became one post-split share on October 31; holders of fewer than 500 shares had their stock canceled for $14.75 cash per pre-split share as part of a going-private transaction.,verified,corporate_action_going_private,one_for_500_going_private_reverse_split_with_cash_out_of_fractional_holders,1,0,0,3,0,-2,2,B,positive_going_private_cash_out_boundary,"B boundary: this is a completed market-access and ownership-structure change with stated cash consideration, not insolvency or uncompensated equity destruction."
CAND-5586693163450084043,permaticker:633367,VWESQ,2024-08-01,bankruptcy_liquidation,2024-07-24,SEC Form 8-K,Item 1.03 Chapter 11 filing,https://www.sec.gov/Archives/edgar/data/1834045/000095017024087506/vwe-20240724.htm,"Vintage Wine Estates and certain subsidiaries filed Chapter 11 on July 24, 2024 under the Nasdaq ticker VWE; VWESQ was a later OTC alias and August 1 was not the petition date.",rejected,identity_and_date_control,later_OTC_alias_and_date_proxy_for_prior_Chapter_11_filing,0,0,0,3,0,-3,0,rejected,rejected_wrong_ticker_and_date_with_primary_event_recovery,Reject the VWESQ August 1 metadata row; preserve the July 24 VWE petition with the event-time identity.
MANUAL-SEC-VWE-20240724-CHAPTER11,permaticker:633367,VWE,2024-07-24,chapter_11_with_listing_loss_and_unresolved_old_common_recovery,2024-07-24,SEC Form 8-K,Item 1.03 voluntary Chapter 11 petitions,https://www.sec.gov/Archives/edgar/data/1834045/000095017024087506/vwe-20240724.htm,"Vintage Wine Estates and debtor subsidiaries filed voluntary Chapter 11 petitions on July 24; Nasdaq cited the cases and residual-equity concerns in its delisting decision, while the company warned of significant or complete loss but did not establish final old-common treatment.",verified,distress_equity_death,chapter_11_with_listing_loss_and_unresolved_old_common_recovery,3,2,2,3,0,-1,9,A++,positive_chapter_11_boundary_with_event_time_identity,"A++ ceiling: the petition and listing loss are realized, but expected or possible loss is not final proof that old common was canceled without recovery."
CAND-2017671539261236789,permaticker:119351,ASLN,2024-07-18,bankruptcy_liquidation,2024-07-17,SEC Form 6-K exhibit,sole operating subsidiary voluntary liquidation and parent liquidation decision,https://www.sec.gov/Archives/edgar/data/1722926/000095017024084064/asln-ex99_1.htm,"ASLAN's sole operating subsidiary filed for voluntary liquidation on July 17, terminated all subsidiary employees and appointed provisional liquidators; the parent board also resolved it could not continue because of liabilities and would seek Cayman liquidation. July 18 was a vendor date proxy.",rejected,date_control,one_day_late_proxy_for_operating_subsidiary_liquidation_and_parent_wind_down_decision,0,0,0,3,0,-3,0,rejected,rejected_wrong_date_with_primary_event_recovery,Reject the July 18 bankruptcy metadata row and preserve the July 17 realized liquidation event separately.
MANUAL-SEC-ASLN-20240717-VOLUNTARY-LIQUIDATION,permaticker:119351,ASLN,2024-07-17,sole_operating_subsidiary_liquidation_with_parent_inability_to_continue_and_wind_down_resolution,2024-07-17,SEC Form 6-K exhibit,"operating subsidiary filing, employee terminations and parent liquidation resolution",https://www.sec.gov/Archives/edgar/data/1722926/000095017024084064/asln-ex99_1.htm,"ASLAN SG filed for voluntary liquidation, appointed provisional liquidators and terminated all employees; the listed parent separately resolved that liabilities prevented continued business and that it would apply for Cayman liquidation.",verified,distress_equity_death,sole_operating_subsidiary_liquidation_with_parent_inability_to_continue_and_wind_down_resolution,3,3,2,3,0,-1,10,A++,positive_operating_business_liquidation_boundary,"A++ ceiling: operating cessation and liquidation are realized, but the filing does not establish the terminal recovery or cancellation outcome for parent ADS holders."
CAND-15497583587010941722,permaticker:196164,ADXS,2022-06-06,reverse_split,2022-06-03,issuer release distributed by Nasdaq,1-for-80 reverse split effective June 6,https://www.nasdaq.com/press-release/advaxis-inc.-announces-1-for-80-reverse-stock-split-2022-06-03,"Advaxis implemented a 1-for-80 reverse split effective and trading-adjusted on June 6, 2022 to support a Nasdaq uplisting application and increase authorized-but-unissued share availability for possible future financing.",verified,listing_remediation,one_for_80_reverse_split_for_uplisting_preparation,1,0,0,3,0,-2,2,B,positive_mechanical_reverse_split_boundary,"B only. The split and financing capacity are real, but no same-event issuance or old-equity destruction was established."
CAND-3693652671906260978,permaticker:637535,AREB,2022-02-07,reverse_split,2022-02-04,SEC Form 424B4,1-for-80 split with completed Nasdaq unit offering,https://www.sec.gov/Archives/edgar/data/1648087/000149315222003514/form424b4.htm,"American Rebel's 1-for-80 split became effective for Nasdaq trading on February 7 as part of a firm-commitment offering of 2,530,121 units at $4.15, each containing one common share and one immediately exercisable warrant at $5.1875.",verified,equity_dilution,one_for_80_reverse_split_with_concurrent_completed_unit_and_warrant_offering,2,0,2,3,2,-1,8,A,positive_material_recapitalization_with_temporal_alignment,"A: the new common and warrants were part of the same completed uplisting transaction, making this materially different from a stand-alone mechanical split."
CAND-17657393969551480173,permaticker:632362,SPRB,2025-08-07,reverse_split,2025-08-14,SEC Form 8-K exhibit,implemented 1-for-75 reverse split and actual OTCQB trading date,https://www.sec.gov/Archives/edgar/data/1683553/000095017025108868/sprb-ex99_1.htm,"Spruce implemented a 1-for-75 reverse split for minimum-bid remediation and later reported that split-adjusted OTCQB trading began on August 7, 2025; older financing passages were not contemporaneous with this split.",verified,listing_remediation,one_for_75_reverse_split_for_nasdaq_relisting_compliance,1,0,0,3,0,-2,2,B,positive_mechanical_reverse_split_boundary,"B only. Use the later filing's realized August 7 trading date rather than the earlier release's expected August 5 date, and do not backfill 2023 financing into the event."
CAND-2790415768822286589,permaticker:637024,PFSA,2026-02-09,reverse_split,2026-02-05,SEC Form 8-K exhibit,1-for-75 reverse split effective for February 9 trading,https://www.sec.gov/Archives/edgar/data/1859807/000121390026012552/ea027504701ex99-1_profusa.htm,"Profusa announced that every 75 outstanding common shares would be consolidated into one and that PFSA would open on a post-split basis on February 9, 2026 to address Nasdaq minimum-bid compliance.",verified,listing_remediation,one_for_75_reverse_split_for_minimum_bid_compliance,1,0,0,3,0,-2,2,B,positive_mechanical_reverse_split_boundary,"B only. The reviewed evidence establishes a proportional compliance split, not contemporaneous dilution or terminal equity harm."
CAND-15371484264616635972,permaticker:636461,PBM,2024-11-26,reverse_split,2024-11-19,SEC Form 6-K exhibit,1-for-75 share consolidation effective November 22 and trading November 25,https://www.sec.gov/Archives/edgar/data/1985062/000110465924121840/tm2429142d1_ex99-1.htm,"Psyence's 1-for-75 consolidation became effective November 22 and began post-consolidation trading on November 25, 2024; the November 26 vendor date was late.",rejected,date_control,one_day_late_proxy_for_prior_split_adjusted_trading_date,0,0,0,3,0,-3,0,rejected,rejected_wrong_date_with_primary_event_recovery,Reject November 26 and preserve the November 25 realized split-adjusted trading event separately.
MANUAL-SEC-PBM-20241125-ONE-FOR-75-CONSOLIDATION,permaticker:636461,PBM,2024-11-25,one_for_75_share_consolidation_for_minimum_bid_compliance,2024-11-19,SEC Form 6-K exhibit,1-for-75 share consolidation for Nasdaq minimum-bid compliance,https://www.sec.gov/Archives/edgar/data/1985062/000110465924121840/tm2429142d1_ex99-1.htm,"Every 75 Psyence common shares became one, with the common shares beginning post-consolidation trading under PBM on November 25 as a Nasdaq minimum-bid compliance measure.",verified,listing_remediation,one_for_75_share_consolidation_for_minimum_bid_compliance,1,0,0,3,0,-2,2,B,positive_mechanical_reverse_split_boundary,B only. The consolidation was proportional and the filing did not establish a same-event issuance or old-equity destruction.
CAND-17582684864167480082,permaticker:638451,AFAR,2024-07-19,bankruptcy_liquidation,2024-07-16,SEC Form 8-K,SPAC extension and trust amendment approvals,https://www.sec.gov/Archives/edgar/data/1901886/000182912624004834/aurafatprojects_8k.htm,"Aura FAT shareholders approved charter and trust amendments extending the SPAC combination deadline and 2,728,914 public shares were redeemed for cash; the filing did not report bankruptcy or an insolvency liquidation.",rejected,SPAC_lifecycle_control,SPAC_deadline_extension_and_trust_redemption_not_bankruptcy,0,0,0,3,0,-3,0,rejected,rejected_SPAC_extension_false_bankruptcy,"A funded public-share redemption and deadline extension are SPAC lifecycle mechanics, not judicial insolvency or unprotected common-equity death."
CAND-18009639482563221840,permaticker:110448,SHPWQ,2024-07-16,bankruptcy_liquidation,2024-07-02,SEC Form 8-K,Item 1.03 Chapter 7 filing and cessation of operations,https://www.sec.gov/Archives/edgar/data/1784851/000162828024030980/shpw-20240702.htm,"Shapeways filed Chapter 7 and ceased all operations on July 2, 2024 under the Nasdaq ticker SHPW; SHPWQ and July 16 were later OTC identity and market-date proxies.",rejected,identity_and_date_control,later_OTC_q_alias_and_date_proxy_for_prior_Chapter_7_filing,0,0,0,3,0,-3,0,rejected,rejected_wrong_ticker_and_date_with_primary_event_recovery,Reject the SHPWQ July 16 metadata row and preserve the July 2 SHPW Chapter 7 filing separately.
MANUAL-SEC-SHPW-20240702-CHAPTER7-CEASED-OPERATIONS,permaticker:110448,SHPW,2024-07-02,chapter_7_with_groupwide_operating_cessation_and_trustee_liquidation,2024-07-02,SEC Form 8-K,"Items 1.03, 2.04 and 5.02",https://www.sec.gov/Archives/edgar/data/1784851/000162828024030980/shpw-20240702.htm,"Shapeways and every subsidiary ceased operations and filed Chapter 7; all officers, employees and directors departed, debt accelerated and a trustee took responsibility for liquidating the estate.",verified,distress_equity_death,chapter_7_with_groupwide_operating_cessation_and_trustee_liquidation,3,3,2,3,0,-1,10,A++,positive_chapter_7_operating_death_boundary,"A++ ceiling: company and operations are terminal, but this filing does not itself establish the final cancellation or zero-recovery treatment of old common stock."
CAND-9059616765106939977,permaticker:198174,IDEXQ,2024-07-10,bankruptcy_liquidation,2024-12-04,SEC Form 8-K/A,Item 1.03 Chapter 11 filing,https://www.sec.gov/Archives/edgar/data/837852/000162828024050149/idex-20241204.htm,"Ideanomics filed Chapter 11 on December 4, 2024 and pursued a sale of substantially all assets; the IDEXQ July 10 metadata row preceded the petition by almost five months and used a later OTC Q alias.",rejected,identity_and_date_control,premature_bankruptcy_metadata_with_later_OTC_q_alias,0,0,0,3,0,-3,0,rejected,rejected_premature_date_and_wrong_ticker_with_primary_event_recovery,Reject July 10 rather than leaking the December petition backward; preserve the petition and later plan-effective equity death on their own dates.
MANUAL-SEC-IDEX-20241204-CHAPTER11-ASSET-SALE,permaticker:198174,IDEX,2024-12-04,chapter_11_with_debtor_in_possession_and_substantially_all_asset_sale,2024-12-04,SEC Form 8-K/A,Item 1.03 Chapter 11 and Section 363 asset-sale process,https://www.sec.gov/Archives/edgar/data/837852/000162828024050149/idex-20241204.htm,"Ideanomics and debtor subsidiaries filed Chapter 11 on December 4, remained debtors in possession and entered a stalking-horse process to sell all or substantially all assets.",verified,distress_equity_death,chapter_11_with_debtor_in_possession_and_substantially_all_asset_sale,3,2,2,3,0,-1,9,A++,positive_chapter_11_asset_sale_boundary,A++ at petition. Final old-common treatment was not yet legally effective and is recorded only in the later independent S event.
MANUAL-FINRA-IDEXQ-20260213-PLAN-EFFECTIVE-OLD-EQUITY-ZERO,permaticker:198174,IDEXQ,2026-02-13,liquidation_plan_effective_old_common_cancelled_no_distribution,2026-02-19,FINRA Uniform Practice Advisory UPC 19-26,liquidation plan effective; all non-intercompany interests canceled with no distribution,https://www.finra.org/sites/default/files/2026-02/UPC-19-2026-IDEXQ.pdf,"The Ideanomics liquidation plan became effective February 13, 2026; all debtor interests other than intercompany interests were automatically canceled, released and extinguished, and no holder of an interest received any plan distribution.",verified,distress_equity_death,liquidation_plan_effective_old_common_cancelled_no_distribution,3,3,3,3,0,-1,11,S,positive_terminal_old_common_equity_death,S is dated only to plan effectiveness. FINRA's primary market notice confirms both final cancellation and no distribution; it is not backfilled to the December 2024 petition.
CAND-16022193494403027092,permaticker:121793,CSSEQ,2024-07-02,bankruptcy_liquidation,2024-06-28,U.S. Bankruptcy Court opinion,petition and later conversion chronology,https://www.deb.uscourts.gov/sites/deb/files/opinions/Skajem%20v%20Rouhana%20Opinion%20%26%20Order%20%2824-41028%29.pdf,Chicken Soup for the Soul Entertainment filed Chapter 11 on June 28 under CSSE and the cases converted to Chapter 7 on July 10; CSSEQ on July 2 was neither legal milestone and was a later OTC identity proxy.,rejected,identity_and_date_control,intermediate_market_date_and_later_OTC_q_alias_between_Chapter_11_and_Chapter_7,0,0,0,3,0,-3,0,rejected,rejected_intermediate_date_and_wrong_ticker_with_legal_event_recovery,Reject July 2 and separately preserve the June 28 petition and July 10 Chapter 7 conversion.
MANUAL-COURT-CSSE-20240628-CHAPTER11,permaticker:121793,CSSE,2024-06-28,chapter_11_after_debt_service_failure_and_liquidity_exhaustion,2024-06-28,U.S. Bankruptcy Court opinion,Chapter 11 petition chronology,https://www.deb.uscourts.gov/sites/deb/files/opinions/Skajem%20v%20Rouhana%20Opinion%20%26%20Order%20%2824-41028%29.pdf,"Chicken Soup for the Soul Entertainment and debtor subsidiaries filed Chapter 11 on June 28, 2024 after debt-service failure, falling revenue, insufficient cash flow and liquidity challenges.",verified,distress_equity_death,chapter_11_after_debt_service_failure_and_liquidity_exhaustion,3,2,2,3,0,-1,9,A++,positive_chapter_11_petition_boundary,A++ at petition; do not merge the later Chapter 7 conversion or infer final old-common treatment.
MANUAL-COURT-CSSE-20240710-CHAPTER7-CONVERSION,permaticker:121793,CSSEQ,2024-07-10,chapter_11_case_converted_to_chapter_7_liquidation,2024-07-10,U.S. Bankruptcy Court opinion,conversion of Chapter 11 cases to Chapter 7,https://www.deb.uscourts.gov/sites/deb/files/opinions/Skajem%20v%20Rouhana%20Opinion%20%26%20Order%20%2824-41028%29.pdf,"The Bankruptcy Court records that the CSSE cases converted from Chapter 11 to Chapter 7 on July 10, 2024, a separate realized liquidation escalation.",verified,distress_equity_death,chapter_11_case_converted_to_chapter_7_liquidation,3,3,2,3,0,-1,10,A++,positive_chapter_7_conversion_boundary,A++ rather than S because conversion proves liquidation posture but not final cancellation or explicit zero recovery for old common.
CAND-15609044671884324435,permaticker:196600,GAMI,2022-10-06,voluntarydelisting,2022-09-16,SEC Form 8-K exhibit,voluntary NYSE delisting and OTCQX transition plan,https://www.sec.gov/Archives/edgar/data/1060349/000106034922000039/ex991091622.htm,"GAMCO's NYSE ticker was GBL through the October 6 delisting; GAMI was the subsequent OTCQX symbol. The candidate date was usable, but its ticker identity represented the post-event venue.",rejected,identity_control,post_delisting_OTCQX_ticker_substituted_for_event_time_NYSE_ticker,0,0,0,3,0,-3,0,rejected,rejected_wrong_ticker_with_primary_event_recovery,Reject GAMI as the event-time ticker and preserve the October 6 GBL voluntary listing exit separately.
MANUAL-SEC-GBL-20221006-VOLUNTARY-NYSE-DELISTING,permaticker:196600,GBL,2022-10-06,voluntary_NYSE_delisting_with_OTCQX_transition_and_reporting_deregistration,2022-09-16,SEC Form 8-K exhibit,Form 25 effective date and OTCQX continuity plan,https://www.sec.gov/Archives/edgar/data/1060349/000106034922000039/ex991091622.htm,"GAMCO voluntarily ended GBL trading on NYSE when Form 25 took effect around October 6 to reduce reporting and compliance costs, while seeking continued liquidity on OTCQX under a new symbol.",verified,delisting_or_suspension,voluntary_NYSE_delisting_with_OTCQX_transition_and_reporting_deregistration,1,0,0,3,0,-2,2,B,positive_voluntary_listing_exit_boundary,"B only: national-exchange and SEC-reporting access narrowed, but the issuer sought OTCQX continuity and disclosed no forced or insolvency cause."
CAND-11196921265501879771,permaticker:633924,SLNAF,2024-07-26,bankruptcy_liquidation,2024-07-22,SEC Form 6-K,appointment of UK joint administrators,https://www.sec.gov/Archives/edgar/data/1909417/000149315224028632/form6-k.htm,Selina entered administration on July 22 under the Nasdaq ticker SLNA; joint administrators assumed control because the board saw no reasonable prospect of avoiding insolvency. SLNAF and July 26 were later OTC and delisting-consequence proxies.,rejected,identity_and_date_control,later_OTC_f_alias_and_delisting_notice_proxy_for_prior_administration,0,0,0,3,0,-3,0,rejected,rejected_wrong_ticker_and_date_with_primary_event_recovery,Reject the July 26 SLNAF bankruptcy metadata row; preserve the July 22 SLNA appointment of administrators separately.
MANUAL-SEC-SLNA-20240722-JOINT-ADMINISTRATION,permaticker:633924,SLNA,2024-07-22,UK_administration_after_no_reasonable_insolvency_avoidance_with_control_transfer,2024-07-22,SEC Form 6-K,UK Insolvency Act administration and control transfer,https://www.sec.gov/Archives/edgar/data/1909417/000149315224028632/form6-k.htm,"Selina's board concluded insolvency could no longer reasonably be avoided, appointed joint administrators with no funding for subsidiaries, and transferred management of the parent's affairs, business and property from the board to those administrators.",verified,distress_equity_death,UK_administration_after_no_reasonable_insolvency_avoidance_with_control_transfer,3,3,2,3,0,-1,10,A++,positive_court_insolvency_control_transfer_boundary,"A++: parent control and solvency are terminal, but operating subsidiaries remained outside administration and final ordinary-share recovery was not established."
CAND-12615777365975467807,permaticker:635853,SEPA,2024-07-16,bankruptcy_liquidation,2024-07-15,SEC Form 8-K,"SPAC trust redemption, dissolution and requested delisting",https://www.sec.gov/Archives/edgar/data/1849902/000175392624001242/g084339_8k.htm,"SEP Acquisition planned to redeem every public share for approximately $10.35474496 from its funded trust, then dissolve after failing to complete a combination; this was SPAC lifecycle mechanics, not bankruptcy.",rejected,SPAC_lifecycle_control,SPAC_trust_redemption_and_dissolution_with_cash_consideration_not_bankruptcy,0,0,0,3,0,-3,0,rejected,rejected_SPAC_liquidation_false_bankruptcy,A funded trust redemption returning approximately $10.35 per public share is not judicial insolvency or uncompensated common-equity death.
CAND-14420534963935884768,permaticker:637207,VCXB,2024-07-12,bankruptcy_liquidation,2024-07-11,SEC Form 8-K,SPAC trust redemption after combination deadline,https://www.sec.gov/Archives/edgar/data/1848948/000109991024000270/vcxb-8k.htm,"10X Capital Venture Acquisition Corp III would redeem all public Class A shares for approximately $11.13 per share after failing to complete a business combination, cancel the July 12 meeting and wind up; this was a funded SPAC lifecycle event rather than bankruptcy.",rejected,SPAC_lifecycle_control,SPAC_trust_redemption_and_windup_with_cash_consideration_not_bankruptcy,0,0,0,3,0,-3,0,rejected,rejected_SPAC_liquidation_false_bankruptcy,Reject bankruptcy. Public common was redeemed from trust for cash; warrant expiry is a separate instrument outcome and does not make the common-share event uncompensated equity death.
CAND-17780488477058277565,permaticker:636600,SMX,2024-07-15,reverse_split,2024-07-11,SEC Form 6-K,implemented 75-for-1 reverse split for Nasdaq compliance,https://www.sec.gov/Archives/edgar/data/1940674/000149315224026901/form6-k.htm,SMX automatically combined every 75 ordinary shares into one for Nasdaq minimum-bid compliance effective for July 15 trading. A separately described note-and-warrant issuance was later rescinded because the investor did not pay the proceeds.,verified,listing_remediation,one_for_75_reverse_split_for_minimum_bid_compliance_without_funded_concurrent_issuance,1,0,0,3,0,-2,2,B,positive_mechanical_reverse_split_with_rescinded_financing_control,B only. The split was realized and proportional; the nearby financing cannot upgrade the event because the note and warrants were rescinded after non-payment of proceeds.
CAND-13592066942914131313,permaticker:187699,XTIA,2022-10-07,reverse_split,2022-10-06,SEC Form 8-K,event-time INPX identity and one-for-75 reverse split,https://www.sec.gov/Archives/edgar/data/1529113/000121390022062538/ea166773-8k425_inpixon.htm,"Inpixon implemented the October 7 one-for-75 reverse split under ticker INPX for Nasdaq minimum-bid compliance. XTIA was a later issuer identity, and a later prospectus passage about a November 2020 financing did not describe the October 2022 split event.",rejected,identity_control,later_XTIA_identity_substituted_for_event_time_INPX_reverse_split,0,0,0,3,0,-3,0,rejected,rejected_wrong_ticker_with_primary_event_recovery,Reject XTIA as the event-time ticker and recover the proportional October 7 INPX split separately. Do not backfill either the embedded 2020 financing history or the separate October 2022 offering into the split date.
MANUAL-SEC-INPX-20221007-ONE-FOR-75-COMPLIANCE-REVERSE-SPLIT,permaticker:187699,INPX,2022-10-07,one_for_75_compliance_reverse_split,2022-10-06,SEC Form 8-K,one-for-75 reverse split effective for October 7 trading,https://www.sec.gov/Archives/edgar/data/1529113/000121390022062538/ea166773-8k425_inpixon.htm,"Inpixon's one-for-75 reverse split became effective and began split-adjusted Nasdaq trading under INPX on October 7, 2022 to address minimum-bid compliance.",verified,listing_remediation,one_for_75_reverse_split_for_minimum_bid_compliance,1,0,0,3,0,-2,2,B,positive_mechanical_reverse_split_boundary,B only. Preserve the exact INPX identity and October 7 effective/trading date; later offerings remain separate events.
CAND-2432084127040003320,permaticker:157178,JAGX,2023-01-23,reverse_split,2023-01-23,SEC Form 8-K,filed one-for-75 reverse-split amendment with exact effective time,https://www.sec.gov/Archives/edgar/data/1585608/000110465923005489/tm234025d1_8k.htm,"Jaguar filed the Seventh Amendment with Delaware and its one-for-75 reverse split became effective at 12:01 a.m. on January 23, with split-adjusted Nasdaq trading that day; Nasdaq later confirmed minimum-bid compliance was regained.",verified,listing_remediation,one_for_75_reverse_split_for_minimum_bid_compliance,1,0,0,3,0,-2,2,B,positive_filed_effective_reverse_split_boundary,B only. The same-day filed charter amendment and exact legal effective time establish realization; future-tense wording alone does not make this merely an expected event.
CAND-1726542871695052124,permaticker:631604,ADTX,2026-06-09,twenty_one_day_crash,2026-06-23,SEC Form 8-K exhibit containing Nasdaq Hearings Panel decision,price-dislocation proxy resolved into four dated corporate events,https://www.sec.gov/Archives/edgar/data/1726711/000121390026071380/ea029578801ex99-1.htm,"ADTX's June 9 twenty-one-day return was a market outcome spanning a repeated reverse split, severe equity deficiency, distressed secured-note refinancing, management departures and a pending Nasdaq appeal. The Panel's later decision established a separate June 25 suspension date; the price row itself is not event truth.",rejected,price_proxy_control,multi_cause_price_dislocation_replaced_by_dated_primary_events,0,0,0,3,0,-3,0,rejected,rejected_price_proxy_with_primary_event_recovery,"Reject the return endpoint as a hard event label. Preserve the May 18 split, May 27 equity deficiency, June 3 secured refinancing and June 25 listing suspension separately."
MANUAL-SEC-ADTX-20260518-SEVENTH-ONE-FOR-27-REVERSE-SPLIT,permaticker:631604,ADTX,2026-05-18,seventh_one_for_27_compliance_reverse_split,2026-05-14,SEC Form 8-K,filed one-for-27 reverse split effective for May 18 trading,https://www.sec.gov/Archives/edgar/data/1726711/000121390026057811/ea0290707-8k_aditxt.htm,"Aditxt filed a Delaware amendment for a one-for-27 reverse split effective May 15 and split-adjusted Nasdaq trading May 18, reducing approximately 13.77 million shares to about 510,123 while leaving authorized shares unchanged.",verified,listing_remediation,seventh_reverse_split_one_for_27_for_minimum_bid_compliance,1,1,0,3,0,-2,3,B,positive_repeated_mechanical_reverse_split_boundary,"B only. Repetition and unchanged authorized share headroom matter for review, but the split remained proportional and no same-event common issuance was established."
MANUAL-SEC-ADTX-20260527-SEVERE-EQUITY-DEFICIENCY,permaticker:631604,ADTX,2026-05-27,severe_negative_equity_and_second_Nasdaq_delisting_basis,2026-05-27,SEC Form 8-K,negative $35.17 million stockholders' equity and second Nasdaq delisting basis,https://www.sec.gov/Archives/edgar/data/1726711/000121390026062844/ea0292786-8k_aditxt.htm,"Nasdaq identified stockholders' equity of negative $35,174,386, failure of the $2.5 million equity standard and failure of both alternative standards, adding a second delisting basis to the existing minimum-bid determination.",verified,fundamental_and_listing_distress,severe_negative_equity_and_second_Nasdaq_delisting_basis,2,2,1,3,0,-1,7,A,positive_primary_fundamental_and_listing_distress,"A: the negative equity and listing consequence were explicit and current, but the appeal stayed suspension and no court insolvency or old-common terminal outcome existed on May 27."
MANUAL-SEC-ADTX-20260603-DISTRESSED-SECURED-NOTE-REFINANCING,permaticker:631604,ADTX,2026-06-03,distressed_35_percent_OID_secured_note_refinancing_with_core_subsidiary_collateral,2026-06-03,SEC Form 8-K and note exhibits,35-percent-OID secured note refinancing collateralized by the only revenue-generating subsidiary,https://www.sec.gov/Archives/edgar/data/1726711/000121390026066823/ea0293812-8k_aditxt.htm,"Aditxt and Ignite rolled March and April notes into a new jointly owed senior secured series, added about $725,000 of cash, priced the notes at approximately $650 per $1,000 principal, pledged substantially all Ignite assets and equity, and set November 30 maturity.",verified,liquidity_and_financing_risk,distressed_35_percent_OID_secured_note_refinancing_with_core_subsidiary_collateral,2,2,1,3,0,-1,7,A,positive_realized_distressed_secured_refinancing,"A: the cash need, discount, short maturity and core collateral are realized distress facts. No default on the new notes, court process, common conversion or terminal equity treatment was established, so A++ and S are prohibited."
MANUAL-NASDAQ-ADTX-20260625-TRADING-SUSPENSION,permaticker:631604,ADTX,2026-06-25,Nasdaq_panel_denial_and_trading_suspension_after_repeated_failed_remediation,2026-06-23,SEC Form 8-K exhibit containing Nasdaq Hearings Panel decision,appeal denied and Nasdaq trading suspension effective June 25,https://www.sec.gov/Archives/edgar/data/1726711/000121390026071380/ea029578801ex99-1.htm,"The Nasdaq Hearings Panel denied continued listing after seven reverse splits, persistent bid-price failure, negative equity and a non-compelling compliance plan; ADTX trading was ordered suspended at the June 25 open.",verified,delisting_or_suspension,Nasdaq_panel_denial_and_trading_suspension_after_repeated_failed_remediation,2,2,0,3,0,-1,6,A,positive_forced_listing_access_loss,"A: the national-market access loss was final at the Panel level and date-specific, but it did not itself establish company death, old-common cancellation or zero recovery."
CAND-16601231050482423640,permaticker:634449,EXNRF,2023-01-30,voluntarydelisting,2023-01-09,SEC Form 6-K issuer release,event-time EXN identity and continued TSX listing,https://www.sec.gov/Archives/edgar/data/1263011/000149315223000984/form6-k.htm,"Excellon announced the January 30 NYSE American exit under ticker EXN, with continued TSX trading under EXN and an application for later U.S. OTC quotation; EXNRF was the post-delisting U.S. OTC identity.",rejected,identity_control,post_delisting_EXNRF_OTC_ticker_substituted_for_event_time_EXN_ticker,0,0,0,3,0,-3,0,rejected,rejected_wrong_ticker_with_primary_event_recovery,Reject EXNRF as the event-time ticker and preserve the January 30 EXN voluntary NYSE American exit separately.
MANUAL-SEC-EXN-20230130-VOLUNTARY-NYSE-AMERICAN-DELISTING,permaticker:634449,EXN,2023-01-30,voluntary_NYSE_American_delisting_with_TSX_continuity_and_transaction_condition,2023-01-09,SEC Form 6-K issuer release,voluntary NYSE American delisting with TSX continuity and La Negra acquisition condition,https://www.sec.gov/Archives/edgar/data/1263011/000149315223000984/form6-k.htm,Excellon expected January 30 to be the last NYSE American trading day under EXN because U.S. listing and reporting burdens outweighed their benefits and the exit was a condition of the pending La Negra mine acquisition; the shares remained listed on TSX and the issuer sought OTC quotation.,verified,delisting_or_suspension,voluntary_NYSE_American_delisting_with_TSX_continuity_and_transaction_condition,1,0,0,3,0,-2,2,B,positive_voluntary_listing_exit_boundary,"B only: U.S. national-exchange and SEC-reporting access narrowed, but the same common equity continued on TSX, OTC quotation was sought and no forced or insolvency cause was disclosed."
CAND-10003479746888781337,permaticker:632613,CIXXF,2023-01-19,voluntarydelisting,2022-12-30,issuer release distributed by Business Wire,event-time CIXX identity and continued TSX listing,https://www.nasdaq.com/press-release/following-previously-announced-confidential-submission-of-draft-registration,CI Financial announced the January 19 NYSE exit under CIXX while its common shares continued on TSX under CIX; CIXXF is a later U.S. OTC-style identity and was not the event-time NYSE ticker.,rejected,identity_control,post_delisting_CIXXF_OTC_ticker_substituted_for_event_time_CIXX_ticker,0,0,0,3,0,-3,0,rejected,rejected_wrong_ticker_with_primary_event_recovery,Reject CIXXF as the event-time ticker and preserve the January 19 CIXX voluntary NYSE exit separately.
MANUAL-ISSUER-CIXX-20230119-VOLUNTARY-NYSE-DELISTING,permaticker:632613,CIXX,2023-01-19,voluntary_NYSE_delisting_with_TSX_continuity_and_US_business_IPO_strategy,2022-12-30,issuer release distributed by Business Wire,voluntary NYSE delisting with TSX continuity and U.S.-business IPO strategy,https://www.nasdaq.com/press-release/following-previously-announced-confidential-submission-of-draft-registration,"CI Financial expected January 19 to be the last NYSE trading day under CIXX. Its board concluded that dual-listing and SEC-reporting costs outweighed the benefits as it pursued a separate U.S.-business IPO, while the same common equity continued on TSX under CIX.",verified,delisting_or_suspension,voluntary_NYSE_delisting_with_TSX_continuity_and_US_business_IPO_strategy,1,0,0,3,0,-2,2,B,positive_voluntary_listing_exit_boundary,"B only: U.S. market access narrowed and no replacement U.S. quotation was arranged, but the equity continued on TSX and the disclosed cause was strategic and cost-based rather than forced distress."
CAND-967164122268999885,permaticker:197277,EVKG,2022-12-23,voluntarydelisting,2022-12-22,issuer release and SEC Form 25,event-time EVK identity and later OTC Pink transition,https://www.prnewswire.com/news-releases/ever-glory-announces-voluntary-delisting-from-the-nasdaq-global-market-301708855.html,Ever-Glory identified EVK as the Nasdaq ticker through the December 23 last trading day and stated that OTC Pink trading would start December 27; EVKG was therefore a post-event OTC identity.,rejected,identity_control,post_delisting_EVKG_OTC_ticker_substituted_for_event_time_EVK_ticker,0,0,0,3,0,-3,0,rejected,rejected_wrong_ticker_with_primary_event_recovery,Reject EVKG as the event-time ticker and preserve the December 23 EVK Nasdaq exit separately.
MANUAL-SEC-EVK-20221223-VOLUNTARY-NASDAQ-DELISTING,permaticker:197277,EVK,2022-12-23,voluntary_Nasdaq_delisting_after_operating_decline_and_unresolved_listing_deficiencies_with_OTC_continuity,2022-12-22,"issuer release, SEC Form 25 and Form 15",voluntary Nasdaq exit after operating deterioration and unresolved listing deficiencies,https://www.prnewswire.com/news-releases/ever-glory-announces-voluntary-delisting-from-the-nasdaq-global-market-301708855.html,"Ever-Glory ended Nasdaq trading under EVK on December 23 after three years of COVID-related sales harm, a fall below one dollar and unresolved minimum-bid noncompliance. The shares moved to OTC Pink on December 27 and the company later reported only 59 holders of record on Form 15.",verified,delisting_or_suspension,voluntary_Nasdaq_delisting_after_operating_decline_and_unresolved_listing_deficiencies_with_OTC_continuity,2,2,1,3,0,-1,7,A,positive_distress_linked_voluntary_listing_exit,"A: the issuer explicitly connected the exit to operating harm, sub-dollar pricing and unresolved listing noncompliance. OTC continuity prevents an A++ or S equity-death label."
CAND-9443199726681514773,permaticker:121781,ZEAL,2022-09-29,voluntarydelisting,2022-08-08,issuer release and SEC Form 25,Nasdaq ADS exit with Copenhagen ordinary-share continuity,https://www.nasdaq.com/press-release/zealand-pharma-announces-voluntary-delisting-of-american-depositary-shares-from-the-u,"Zealand consolidated trading on Nasdaq Copenhagen, where its ordinary shares remained listed, because U.S. ADSs represented less than 1.5% of share capital and the company wanted to reduce costs and prioritize R&D.",verified,delisting_or_suspension,voluntary_Nasdaq_ADS_delisting_with_Copenhagen_market_continuity_and_R_and_D_cost_focus,1,0,0,3,0,-2,2,B,positive_voluntary_ADS_exit_boundary,"B only: the U.S. ADS venue closed, but the underlying ordinary shares retained their primary and more liquid Copenhagen listing and no forced or insolvency cause existed."
CAND-14802061094102104698,permaticker:124675,BRCNF,2022-09-09,voluntarydelisting,2022-09-02,issuer release furnished on Form 6-K,event-time BRCN Nasdaq identity before TSX consolidation,https://www.nasdaq.com/press-release/burcon-announces-delisting-from-nasdaq-capital-market-2022-09-02,Burcon's last Nasdaq session belonged to BRCN; BRCNF was the later U.S. OTC identity. The issuer consolidated trading on TSX after concluding that it was unlikely to cure the one-dollar bid-price deficiency and that Nasdaq costs outweighed limited secondary-market volume.,rejected,identity_control,post_delisting_BRCNF_OTC_ticker_substituted_for_event_time_BRCN_ticker,0,0,0,3,0,-3,0,rejected,rejected_wrong_ticker_with_primary_event_recovery,Reject BRCNF as the event-time Nasdaq ticker and preserve the September 9 BRCN last-trading event separately.
MANUAL-ISSUER-BRCN-20220909-VOLUNTARY-NASDAQ-DELISTING,permaticker:124675,BRCN,2022-09-09,voluntary_Nasdaq_delisting_after_unresolved_bid_price_deficiency_with_TSX_continuity,2022-09-02,issuer release furnished on Form 6-K,voluntary Nasdaq exit after unresolved bid-price deficiency with TSX continuity,https://www.nasdaq.com/press-release/burcon-announces-delisting-from-nasdaq-capital-market-2022-09-02,"Burcon ended Nasdaq trading under BRCN after determining that it was unlikely to regain the one-dollar minimum bid by September 28 and that a share consolidation was not beneficial. Its common shares continued on TSX, the primary venue.",verified,delisting_or_suspension,voluntary_Nasdaq_delisting_after_unresolved_bid_price_deficiency_with_TSX_continuity,1,1,0,3,0,-2,3,B,positive_compliance_linked_voluntary_listing_exit_boundary,"B: the unresolved bid-price issue is real, but the same common shares continued on TSX and no operating collapse, insolvency or old-common impairment was established."
CAND-4681086346537567378,permaticker:166144,PTRCY,2022-09-08,voluntarydelisting,2022-08-12,SEC Form 6-K exhibit,event-time PTR NYSE ADS identity with HKSE and SSE continuity,https://www.sec.gov/Archives/edgar/data/1108329/000119312522219217/d336755dex992.htm,PetroChina's September 8 last NYSE session belonged to ADS ticker PTR; PTRCY was the subsequent OTC ticker. The underlying H and A shares continued on HKSE and SSE.,rejected,identity_control,post_delisting_PTRCY_OTC_ticker_substituted_for_event_time_PTR_ADS_ticker,0,0,0,3,0,-3,0,rejected,rejected_wrong_ticker_with_primary_event_recovery,Reject PTRCY as the event-time ticker and preserve the September 8 PTR ADS listing exit separately.
MANUAL-SEC-PTR-20220908-VOLUNTARY-NYSE-ADS-DELISTING,permaticker:166144,PTR,2022-09-08,voluntary_NYSE_ADS_delisting_with_HKSE_and_SSE_underlying_share_continuity,2022-08-12,SEC Form 6-K exhibit,voluntary NYSE ADS delisting with HKSE and SSE underlying-share continuity,https://www.sec.gov/Archives/edgar/data/1108329/000119312522219217/d336755dex992.htm,"PetroChina ended NYSE ADS trading under PTR because ADSs represented only 0.45% of total capital, trading was limited, regulatory administration was burdensome and NYSE had not been used for follow-on financing; HKSE and SSE listings remained available and ADS holders could obtain H shares.",verified,delisting_or_suspension,voluntary_NYSE_ADS_delisting_with_HKSE_and_SSE_underlying_share_continuity,1,0,0,3,0,-2,2,B,positive_voluntary_ADS_exit_boundary,"B only: this was a venue and depositary-program contraction with liquid home-market alternatives, not deterioration of the underlying company or common equity."
CAND-4701785437264901137,permaticker:166000,SNPTY,2022-09-08,voluntarydelisting,2022-08-12,SEC Form 6-K,event-time SNP NYSE ADS identity with Hong Kong and Shanghai continuity,https://www.sec.gov/Archives/edgar/data/1123658/000134100422000181/form6-k.htm,China Petroleum & Chemical's September 8 U.S. last-trading event belonged to NYSE ADS ticker SNP; SNPTY was the later OTC identity. The underlying shares remained listed in Hong Kong and Shanghai.,rejected,identity_control,post_delisting_SNPTY_OTC_ticker_substituted_for_event_time_SNP_ADS_ticker,0,0,0,3,0,-3,0,rejected,rejected_wrong_ticker_with_primary_event_recovery,Reject SNPTY as the event-time ticker and preserve the September 8 SNP ADS listing exit separately.
MANUAL-SEC-SNP-20220908-VOLUNTARY-NYSE-ADS-DELISTING,permaticker:166000,SNP,2022-09-08,voluntary_NYSE_ADS_delisting_with_Hong_Kong_and_Shanghai_underlying_share_continuity,2022-08-12,SEC Form 6-K,voluntary NYSE ADS delisting with Hong Kong and Shanghai underlying-share continuity,https://www.sec.gov/Archives/edgar/data/1123658/000134100422000181/form6-k.htm,"China Petroleum & Chemical ended NYSE ADS trading under SNP after citing the small ADS share base, limited ADS volume and long-term U.S. reporting burden. Its ordinary shares continued in Hong Kong and Shanghai.",verified,delisting_or_suspension,voluntary_NYSE_ADS_delisting_with_Hong_Kong_and_Shanghai_underlying_share_continuity,1,0,0,3,0,-2,2,B,positive_voluntary_ADS_exit_boundary,B only: the U.S. ADS venue ended for cost and volume reasons while the underlying equity retained its home-market listings.
CAND-15542262695504282924,permaticker:166226,SHIIY,2022-09-02,voluntarydelisting,2022-08-12,SEC Form 6-K exhibit,event-time SHI NYSE ADS identity with HKEX and SSE continuity,https://www.sec.gov/Archives/edgar/data/908732/000119312522219187/d392831dex991.htm,Sinopec Shanghai Petrochemical's September 2 last NYSE session belonged to ADS ticker SHI; SHIIY was a later OTC identity. The underlying H and A shares retained Hong Kong and Shanghai listings.,rejected,identity_control,post_delisting_SHIIY_OTC_ticker_substituted_for_event_time_SHI_ADS_ticker,0,0,0,3,0,-3,0,rejected,rejected_wrong_ticker_with_primary_event_recovery,Reject SHIIY as the event-time ticker and preserve the September 2 SHI ADS last-trading event separately.
MANUAL-SEC-SHI-20220902-VOLUNTARY-NYSE-ADS-DELISTING,permaticker:166226,SHI,2022-09-02,voluntary_NYSE_ADS_delisting_with_HKEX_and_SSE_underlying_share_continuity,2022-08-12,SEC Form 6-K exhibit,voluntary NYSE ADS delisting with HKEX and SSE underlying-share continuity,https://www.sec.gov/Archives/edgar/data/908732/000119312522219187/d392831dex991.htm,"Sinopec Shanghai Petrochemical ended NYSE ADS trading under SHI after citing the small ADS share base, limited trading volume and U.S. administrative cost. The underlying Class H and A shares continued in Hong Kong and Shanghai.",verified,delisting_or_suspension,voluntary_NYSE_ADS_delisting_with_HKEX_and_SSE_underlying_share_continuity,1,0,0,3,0,-2,2,B,positive_voluntary_ADS_exit_boundary,"B only: an ADS and reporting-cost decision with home-market continuity is not forced delisting, insolvency or old-common impairment."
CAND-17267141230909173555,permaticker:166504,LFCHY,2022-09-01,voluntarydelisting,2022-08-12,issuer announcement later reproduced in SEC annual report,event-time LFC NYSE ADS identity before LFCHY OTC trading,https://www.sec.gov/Archives/edgar/data/1268896/000119312523105600/d469104dex991.pdf,China Life's September 1 last NYSE session belonged to ADS ticker LFC; LFCHY was the later OTC identity. The ADSs represented underlying H shares that continued on HKEX.,rejected,identity_control,post_delisting_LFCHY_OTC_ticker_substituted_for_event_time_LFC_ADS_ticker,0,0,0,3,0,-3,0,rejected,rejected_wrong_ticker_with_primary_event_recovery,Reject LFCHY as the event-time ticker and preserve the September 1 LFC ADS last-trading event separately.
MANUAL-SEC-LFC-20220901-VOLUNTARY-NYSE-ADS-DELISTING,permaticker:166504,LFC,2022-09-01,voluntary_NYSE_ADS_delisting_with_HKEX_underlying_share_conversion_and_continuity,2022-08-12,issuer announcement later reproduced in SEC annual report,voluntary NYSE ADS delisting with HKEX underlying-share continuity,https://www.sec.gov/Archives/edgar/data/1268896/000119312523105600/d469104dex991.pdf,China Life ended NYSE ADS trading under LFC after citing limited ADS volume and considerable U.S. listing and reporting cost. ADS holders retained a conversion route to underlying H shares listed on HKEX.,verified,delisting_or_suspension,voluntary_NYSE_ADS_delisting_with_HKEX_underlying_share_conversion_and_continuity,1,0,0,3,0,-2,2,B,positive_voluntary_ADS_exit_boundary,"B only: U.S. ADS liquidity ended, but the underlying H shares remained listed and deliverable; no company or common-equity death occurred."
CAND-10483532264237559445,permaticker:196324,UBOH,2022-08-26,voluntarydelisting,2022-07-25,SEC Form 8-K issuer release,Nasdaq exit with same-ticker OTCQX continuity,https://www.sec.gov/Archives/edgar/data/1087456/000143774922017687/ex_399114.htm,"United Bancshares expected August 26 to be the last Nasdaq trading day and arranged OTCQX quotation under the same UBOH ticker from August 29, citing the cost savings available to a bank holding company with fewer than 1,200 holders of record.",verified,delisting_or_suspension,voluntary_Nasdaq_delisting_with_same_ticker_OTCQX_continuity_and_reporting_cost_reduction,1,0,0,3,0,-2,2,B,positive_voluntary_listing_exit_boundary,"B only: exchange and SEC-reporting access narrowed, but same-security OTCQX continuity and ongoing audited/regulatory financial reporting were explicit."
CAND-13388840642351938555,permaticker:121521,ENIAY,2022-06-17,voluntarydelisting,2022-05-31,official issuer delisting release,event-time ENIA NYSE ADS identity with Chilean-market continuity,https://www.enelamericas.com/content/dam/enel-americas/en/investor/sec-desregistration/ENIA%20Press%20release%20-%20Delisting.pdf,Enel Americas' final U.S. trading session belonged to NYSE ADS ticker ENIA; ENIAY was the later U.S. OTC identity. Ordinary shares remained listed on the Santiago and Chile Electronic exchanges.,rejected,identity_control,post_delisting_ENIAY_OTC_ticker_substituted_for_event_time_ENIA_ADS_ticker,0,0,0,3,0,-3,0,rejected,rejected_wrong_ticker_with_primary_event_recovery,Reject ENIAY as the event-time ticker and preserve the June 17 ENIA last U.S. trading session separately.
MANUAL-ISSUER-ENIA-20220617-VOLUNTARY-NYSE-ADS-DELISTING,permaticker:121521,ENIA,2022-06-17,voluntary_NYSE_ADS_delisting_after_parent_ownership_concentration_with_Chilean_market_continuity,2022-05-31,official issuer delisting release,voluntary NYSE ADS delisting with Chilean ordinary-share continuity,https://www.enelamericas.com/content/dam/enel-americas/en/investor/sec-desregistration/ENIA%20Press%20release%20-%20Delisting.pdf,"Enel Americas ended U.S. ADS trading under ENIA after Enel S.p.A. ownership reached 82.3%, ADSs fell to about 2.49% of total shares and NYSE costs exceeded benefits. Ordinary shares continued on two Chilean exchanges and ADS holders could receive the underlying shares.",verified,delisting_or_suspension,voluntary_NYSE_ADS_delisting_after_parent_ownership_concentration_with_Chilean_market_continuity,1,0,0,3,0,-2,2,B,positive_voluntary_ADS_exit_boundary,"B only: ownership concentration and cost rationalization reduced the U.S. venue, but the underlying ordinary shares and company remained publicly traded in Chile."
CAND-1949882773035440887,permaticker:632927,EFTR,2024-07-02,bankruptcy_liquidation,2024-06-24,SEC Forms 8-K,"vendor bankruptcy-liquidation date replaced by wind-down, acceleration and later suspension dates",https://www.sec.gov/Archives/edgar/data/1828522/000119312524166275/d860453d8k.htm,"eFFECTOR terminated all employees and entered a wind-down on June 24, received an insolvency-related loan default and immediate acceleration notice on June 25, and faced Nasdaq suspension on July 3. No Chapter 7, Chapter 11, receivership or other court petition was disclosed for July 2.",rejected,source_and_date_control,bankruptcy_liquidation_metadata_without_court_filing_replaced_by_wind_down_default_and_suspension_chain,0,0,0,3,0,-3,0,rejected,rejected_false_bankruptcy_and_intermediate_date_with_primary_event_recovery,"Reject the July 2 bankruptcy label. Preserve the June 24 operating wind-down, June 25 debt acceleration and July 3 exchange suspension on their own official dates; none establishes final old-common cancellation."
MANUAL-SEC-EFTR-20240624-ALL-EMPLOYEES-TERMINATED-WIND-DOWN,permaticker:632927,EFTR,2024-06-24,all_employee_termination_and_company_wide_operational_wind_down_with_distressed_manager_control,2024-06-24,SEC Form 8-K,"all employees terminated, legacy board and officers departed, distressed wind-down specialist appointed",https://www.sec.gov/Archives/edgar/data/1828522/000119312524166275/d860453d8k.htm,"eFFECTOR terminated all employees and planned to wind down operations. Seven directors and the CEO, CFO and CMO departed; a sole director and officer specializing in distressed-business wind-downs was appointed under a three-year engagement to develop the wind-down plan.",verified,distress_equity_death,all_employee_termination_and_company_wide_operational_wind_down_with_distressed_manager_control,3,3,2,3,0,-1,10,A++,positive_company_wide_operational_cessation_boundary,"A++: all-employee termination, governance replacement and a company-wide wind-down are severe terminal-company facts. S remains prohibited because no final legal instrument cancelled old common or fixed its distribution at zero."
MANUAL-SEC-EFTR-20240625-INSOLVENCY-DEFAULT-DEBT-ACCELERATION,permaticker:632927,EFTR,2024-06-25,secured_loan_insolvency_default_and_immediate_acceleration_during_wind_down,2024-06-25,SEC Form 8-K,material-adverse-change and insolvency defaults with all secured obligations immediately due,https://www.sec.gov/Archives/edgar/data/1828522/000095017024077530/eftr-20240625.htm,"Oxford Finance declared defaults under the material-adverse-change and insolvency clauses, made every loan obligation immediately due and payable, imposed the default interest rate and reserved all contractual remedies. The latest quarter had reported $19.4 million of outstanding principal.",verified,liquidity_and_financing_risk,secured_loan_insolvency_default_and_immediate_acceleration_during_wind_down,2,3,1,3,0,-1,8,A,positive_realized_secured_debt_default_and_acceleration,"A: the default and acceleration are realized and severe, but they are lender remedies rather than a court insolvency filing, and the filing did not resolve collateral proceeds, unsecured recoveries or old-common treatment."
MANUAL-NASDAQ-EFTR-20240703-TRADING-SUSPENSION,permaticker:632927,EFTR,2024-07-03,Nasdaq_trading_suspension_after_public_shell_wind_down_and_no_appeal,2024-06-24,SEC Form 8-K reporting Nasdaq determination,no-appeal Nasdaq suspension effective July 3 after public-shell and governance findings,https://www.sec.gov/Archives/edgar/data/1828522/000095017024077420/eftr-20240624.htm,"Nasdaq treated eFFECTOR as a public shell after the all-employee wind-down, identified board, committee and market-value deficiencies and scheduled suspension at the July 3 open. The company stated that it would not appeal and would file Form 15.",verified,delisting_or_suspension,Nasdaq_trading_suspension_after_public_shell_wind_down_and_no_appeal,2,2,0,3,0,-1,6,A,linked_consequence_forced_listing_access_loss,"A: national-market access ended and no appeal remained, but suspension is a consequence of the wind-down chain rather than proof of a bankruptcy petition or common-equity cancellation."
CAND-9738032636667602082,permaticker:639863,ELPW,2026-03-12,reverse_split,2026-03-09,SEC Forms 6-K,one-for-80 consolidation immediately after completed unit offering and full zero-price warrant exercise,https://www.sec.gov/Archives/edgar/data/2015691/000149315226009375/form6-k.htm,"Elong closed an approximately $7 million offering of 21.7 million shares and 24.955 million warrants on February 27. By March 9 every warrant had been exercised through the zero-price option, producing 77,764,364 additional shares; the one-for-80 consolidation then began trading on March 12 with authorized shares reduced proportionally.",verified,equity_dilution,one_for_80_consolidation_after_completed_unit_offering_and_full_zero_price_warrant_exercise,2,1,2,3,1,-1,8,A,positive_completed_financing_warrant_exercise_and_reverse_split_chain,"A: the offering, warrant exercise and consolidation are realized and tightly aligned. The split alone would be B; no terminal old-common outcome supports A++ or S."
CAND-14854406393846576287,permaticker:631233,VRM,2024-02-14,reverse_split,2024-02-14,SEC Forms 8-K,one-for-80 reverse split effective February 13 and trading February 14 under VRM,https://www.sec.gov/Archives/edgar/data/1580864/000095017024014928/vrm-20240213.htm,Vroom's board selected a one-for-80 ratio after stockholder approval. The amendment became effective at 5:00 p.m. on February 13 and split-adjusted Nasdaq trading began February 14 under VRM; reviewed filings did not establish a completed contemporaneous financing.,verified,listing_remediation,one_for_80_compliance_reverse_split,1,0,0,3,0,-2,2,B,positive_mechanical_reverse_split_boundary,B only. Preserve the realized February 14 trading date and do not infer dilution from proportional split mechanics.
CAND-13998778737808913118,permaticker:123178,TENX,2024-01-03,reverse_split,2024-01-05,SEC Form 8-K,one-for-80 reverse split effective January 2 and trading January 3 with authorized shares unchanged,https://www.sec.gov/Archives/edgar/data/34956/000165495424000269/tenx_8k.htm,"Tenax's one-for-80 split became legally effective at 5:00 p.m. on January 2, 2024 and post-split trading began January 3. Authorized common shares were not reduced, increasing future issuance capacity, but no completed same-event financing was established.",verified,listing_remediation,one_for_80_compliance_reverse_split_with_unreduced_authorized_shares,1,0,1,3,0,-2,3,B,positive_mechanical_reverse_split_with_authorized_headroom_boundary,"B only. Unreduced authorized shares create capacity, not proof that an issuance occurred."
CAND-9255315457363538582,permaticker:631705,FFAI,2023-08-28,reverse_split,2023-08-25,SEC Form 8-K,later FFAI identity substituted for event-time FFIE reverse split,https://www.sec.gov/Archives/edgar/data/1805521/000121390023070955/ea184150-8k_faraday.htm,"Faraday Future's August 25 filing identifies FFIE, not the later FFAI symbol. The one-for-80 split became effective August 25 and began split-adjusted trading August 28; the filing separately disclosed a 15 million share sale on August 24.",rejected,identity_control,later_FFAI_ticker_substituted_for_event_time_FFIE_reverse_split,0,0,0,3,0,-3,0,rejected,rejected_wrong_ticker_with_primary_event_recovery,Reject FFAI as the 2023 event-time ticker. Preserve the FFIE split and preceding FFIE equity sale as separate official events.
MANUAL-SEC-FFIE-20230828-ONE-FOR-80-REVERSE-SPLIT,permaticker:631705,FFIE,2023-08-28,one_for_80_reverse_split_with_proportional_authorized_share_reduction,2023-08-25,SEC Form 8-K,event-time FFIE one-for-80 reverse split and proportional authorized-share reduction,https://www.sec.gov/Archives/edgar/data/1805521/000121390023070955/ea184150-8k_faraday.htm,"FFIE's one-for-80 split became effective at 5:00 p.m. on August 25 and split-adjusted Nasdaq trading began August 28. Authorized common shares were reduced from 1.765 billion to 154,437,500 and outstanding derivative terms were adjusted proportionally.",verified,equity_structure,one_for_80_reverse_split_with_proportional_authorized_share_reduction,1,0,0,3,0,-2,2,B,positive_event_time_identity_and_mechanical_reverse_split_boundary,B only for the split itself. The August 24 standby-equity sale is represented separately rather than being hidden inside split mechanics.
MANUAL-SEC-FFIE-20230824-STANDBY-EQUITY-SALE,permaticker:631705,FFIE,2023-08-24,completed_15_million_share_standby_equity_sale_immediately_before_reverse_split,2023-08-25,SEC Form 8-K Item 3.02,15 million pre-split common shares sold under standby equity purchase agreement,https://www.sec.gov/Archives/edgar/data/1805521/000121390023070955/ea184150-8k_faraday.htm,"On August 24, before the reverse split took effect, FFIE sold 15 million Class A common shares to YA II PN at 97% of the three-day average VWAP under its standby equity purchase agreement.",verified,equity_dilution,completed_15_million_share_standby_equity_sale_immediately_before_reverse_split,2,1,2,3,1,-1,8,A,positive_completed_discounted_equity_sale,A: the share sale was completed and quantified. It is distinct from the proportional reverse split and does not prove terminal old-common loss.
CAND-11770767454284858092,permaticker:635703,NEUE,2023-05-22,reverse_split,2023-05-25,SEC Form 8-K,later NEUE identity substituted for event-time BHG reverse split,https://www.sec.gov/Archives/edgar/data/1671284/000167128423000021/bhg-20230519.htm,Bright Health Group's filing identifies BHG as the event-time NYSE symbol. The split became effective May 19 and BHG began one-for-80 split-adjusted trading on May 22; NEUE is a later issuer identity.,rejected,identity_control,later_NEUE_ticker_substituted_for_event_time_BHG_reverse_split,0,0,0,3,0,-3,0,rejected,rejected_wrong_ticker_with_primary_event_recovery,Reject NEUE as the May 2023 ticker and preserve the BHG split on its realized trading date.
MANUAL-SEC-BHG-20230522-ONE-FOR-80-REVERSE-SPLIT,permaticker:635703,BHG,2023-05-22,one_for_80_reverse_split_under_event_time_BHG_identity,2023-05-25,SEC Form 8-K,event-time BHG one-for-80 reverse split effective for May 22 trading,https://www.sec.gov/Archives/edgar/data/1671284/000167128423000021/bhg-20230519.htm,Bright Health Group's one-for-80 split became effective at 5:00 p.m. on May 19 and split-adjusted NYSE trading began May 22 under the unchanged BHG symbol. Fractional interests were paid in cash.,verified,equity_structure,one_for_80_reverse_split_under_event_time_BHG_identity,1,0,0,3,0,-2,2,B,positive_event_time_identity_and_mechanical_reverse_split_boundary,B only. A later financing agreement is not backfilled into the May 22 split event.
CAND-775525989718576232,permaticker:124545,ZIVO,2021-05-28,reverse_split,2021-06-02,SEC Form 8-K,one-for-80 reverse split with completed Nasdaq unit and warrant offering,https://www.sec.gov/Archives/edgar/data/1101026/000107878221000522/f8k060221_8k.htm,"ZIVO's one-for-80 split became effective and its common and warrants began Nasdaq trading on May 28. The linked underwritten offering of 2.76 million units at $5, each containing one share and one $5.50 warrant, closed June 2 for approximately $13.8 million gross proceeds; 414,000 additional warrants were exercised under the over-allotment option.",verified,equity_dilution,one_for_80_reverse_split_with_concurrent_completed_unit_and_warrant_offering,2,0,2,3,2,-1,8,A,positive_material_recapitalization_with_temporal_alignment,A: completed common-and-warrant financing and Nasdaq trading were part of the same recapitalization chain. The split alone would be B.
CAND-6554659748784314978,permaticker:197825,IMCI,2022-10-19,reverse_split,2022-10-19,SEC Form 8-K,one-for-75 OTC reverse split with authorized shares unchanged,https://www.sec.gov/Archives/edgar/data/884650/000165495422013879/igi_8k.htm,"Infinite Group's one-for-75 split became effective October 19, with temporary IMCID trading before reversion to IMCI. Authorized shares were unchanged; the reviewed financing filing was dated November 30, forty-two days later, and is not treated as contemporaneous.",verified,equity_structure,one_for_75_OTC_reverse_split_with_unreduced_authorized_shares,1,0,1,3,0,-2,3,B,positive_mechanical_reverse_split_with_temporal_financing_control,"B only. Authorized capacity is not a completed issuance, and the later note-and-warrant financing remains a separate event."
CAND-7037424998710681077,permaticker:633375,AEON,2025-02-26,reverse_split,2025-02-24,SEC Form 8-K,one-for-72 reverse split with simultaneous authorized-share increase,https://www.sec.gov/Archives/edgar/data/1837607/000183760725000013/aeon-20250224x8k.htm,"AEON approved a one-for-72 split effective February 26 and separately increased authorized common shares from 500 million to 1.04 billion effective February 25. Outstanding shares fell from about 79.9 million to 1.1 million, creating very large post-split headroom, but the filing does not establish a completed same-event issuance.",verified,equity_structure,one_for_72_reverse_split_with_simultaneous_2_08x_authorized_share_increase,1,0,1,3,0,-2,3,B,positive_reverse_split_and_authorized_headroom_boundary,B only. The authorization creates severe issuance capacity but is not itself completed financing; keep later warrant exercises and offerings separately dated.
CAND-11898495795247197469,permaticker:196144,DLAPQ,2024-07-01,bankruptcy_liquidation,2024-07-01,SEC Form 8-K Item 1.03,later DLAPQ identity and filing-date proxy for June 30 DLA Chapter 11 petitions,https://www.sec.gov/Archives/edgar/data/1101396/000143774924021637/dla20240619_8k.htm,"Delta Apparel and its domestic subsidiaries filed Chapter 11 on June 30, 2024 while the SEC cover identified NYSE American ticker DLA. July 1 was the filing and suspension date; DLAPQ was a later OTC identity.",rejected,identity_control,later_DLAPQ_ticker_and_filing_date_proxy_for_DLA_Chapter_11_petition,0,0,0,3,0,-3,0,rejected,rejected_event_time_identity_and_date_proxy_with_primary_event_recovery,Reject DLAPQ and July 1 as the petition identity and date. Preserve the June 30 DLA Chapter 11 filing separately; an expected complete or significant loss is not final old-common cancellation.
MANUAL-SEC-DLA-20240630-CHAPTER-11,permaticker:196144,DLA,2024-06-30,parent_and_domestic_subsidiary_Chapter_11_with_DIP_financing_and_court_supervised_asset_sales,2024-07-01,SEC Form 8-K Item 1.03,parent and domestic subsidiaries filed Chapter 11 and pursued court-supervised asset sales,https://www.sec.gov/Archives/edgar/data/1101396/000143774924021637/dla20240619_8k.htm,"DLA and its domestic subsidiaries filed voluntary Chapter 11 petitions on June 30 in Delaware, continued as debtors in possession, sought DIP financing and launched structured asset sales including a roughly $28.03 million Salt Life stalking-horse transaction. The issuer expected common holders to suffer a complete or significant loss.",verified,distress_equity_death,parent_and_domestic_subsidiary_Chapter_11_with_DIP_financing_and_court_supervised_asset_sales,3,3,2,3,0,-1,10,A++,positive_parent_level_Chapter_11_asset_sale_boundary,"A++: a realized parent-level court filing, debt acceleration and asset-sale process. S is prohibited until a final effective instrument cancels old common without distribution."
CAND-4537505427762818078,permaticker:123496,DMTKQ,2024-06-26,bankruptcy_liquidation,2024-06-18,SEC Form 8-K Item 1.03,later DMTKQ identity and June 26 proxy for June 18 DMTK Chapter 11 petitions,https://www.sec.gov/Archives/edgar/data/1651944/000165194424000060/dmtk-20240612.htm,"DermTech and DermTech Operations filed Chapter 11 on June 18, 2024 while the SEC cover identified Nasdaq ticker DMTK. The company intended to sell substantially all assets; DMTKQ and June 26 were later market identity and timing proxies.",rejected,identity_control,later_DMTKQ_ticker_and_market_date_proxy_for_DMTK_Chapter_11_petition,0,0,0,3,0,-3,0,rejected,rejected_event_time_identity_and_date_proxy_with_primary_event_recovery,Reject the Q-suffix and June 26 proxy. Recover the June 18 DMTK petition; likely complete equity loss is not a final legal cancellation finding.
MANUAL-SEC-DMTK-20240618-CHAPTER-11,permaticker:123496,DMTK,2024-06-18,parent_and_operating_subsidiary_Chapter_11_with_substantially_all_asset_sale_intent,2024-06-18,SEC Form 8-K Item 1.03,parent and operating subsidiary filed Chapter 11 to sell substantially all assets,https://www.sec.gov/Archives/edgar/data/1651944/000165194424000060/dmtk-20240612.htm,"DMTK and DermTech Operations filed voluntary Chapter 11 petitions in Delaware on June 18, remained debtors in possession and announced an intended sale of substantially all assets. A 20% workforce reduction had already been completed and the issuer warned equity holders would likely experience a complete loss.",verified,distress_equity_death,parent_and_operating_subsidiary_Chapter_11_with_substantially_all_asset_sale_intent,3,3,2,3,0,-1,10,A++,positive_parent_level_Chapter_11_asset_sale_boundary,A++: the petitions and substantially-all-asset sale intent are realized. S remains unavailable because likely loss language does not establish final cancellation or zero distribution.
CAND-7892097955996154014,permaticker:631886,AUVIQ,2024-05-28,bankruptcy_liquidation,2024-05-31,SEC Form 8-K Item 1.03,later AUVIQ identity and May 28 proxy for May 24 AUVI Chapter 11 petitions,https://www.sec.gov/Archives/edgar/data/1811109/000121390024048456/ea0207186-8k_applieduv.htm,"Applied UV and SteriLumen filed Chapter 11 on May 24, 2024 while the SEC cover identified Nasdaq common ticker AUVI. AUVIQ and May 28 were later market identity and timing proxies.",rejected,identity_control,later_AUVIQ_ticker_and_market_date_proxy_for_AUVI_Chapter_11_petition,0,0,0,3,0,-3,0,rejected,rejected_event_time_identity_and_date_proxy_with_primary_event_recovery,Reject AUVIQ and May 28 as the petition identity and date. Preserve the May 24 AUVI filing separately.
MANUAL-SEC-AUVI-20240524-CHAPTER-11,permaticker:631886,AUVI,2024-05-24,parent_and_subsidiary_Chapter_11_with_near_zero_post_petition_cash,2024-05-31,SEC Form 8-K Item 1.03,parent and wholly owned subsidiary filed Chapter 11 with near-zero operating cash,https://www.sec.gov/Archives/edgar/data/1811109/000121390024048456/ea0207186-8k_applieduv.htm,"AUVI and wholly owned SteriLumen filed voluntary Chapter 11 petitions in New York on May 24 and continued as debtors in possession. They reported only about $10,000 and $55,000 of cash respectively to fund post-petition operations and could not assure any distribution to common or preferred holders.",verified,distress_equity_death,parent_and_subsidiary_Chapter_11_with_near_zero_post_petition_cash,3,3,2,3,0,-1,10,A++,positive_parent_level_Chapter_11_near_zero_cash_boundary,A++: the court filings and near-zero cash are realized. Uncertainty about shareholder distributions is not the final no-distribution proof required for S.
CAND-7836944681690895718,permaticker:124633,ISUNQ,2024-05-22,bankruptcy_liquidation,2024-06-07,SEC Form 8-K Item 1.03,May 22 pre-petition ISUNQ proxy for June 3 ISUN Chapter 11 filing,https://www.sec.gov/Archives/edgar/data/1634447/000149315224023164/form8-k.htm,"iSun filed Chapter 11 on June 3, 2024 under ticker ISUN. The vendor's May 22 date preceded both the May 23 Nasdaq suspension and the June 3 petition, and the issuer explicitly said OTC Pink trading began under ISUN, not ISUNQ.",rejected,identity_control,pre_petition_date_and_false_ISUNQ_identity_proxy_for_ISUN_Chapter_11,0,0,0,3,0,-3,0,rejected,rejected_pre_petition_date_and_wrong_ticker_with_primary_event_recovery,Reject the May 22 bankruptcy label and ISUNQ identity. Preserve the June 3 ISUN petition; Nasdaq suspension and Form 25 remain separate market-access events.
MANUAL-SEC-ISUN-20240603-CHAPTER-11,permaticker:124633,ISUN,2024-06-03,parent_and_multi_subsidiary_Chapter_11_with_debt_acceleration,2024-06-07,SEC Form 8-K Item 1.03,parent and subsidiaries filed Chapter 11 with debt acceleration and continued DIP operations,https://www.sec.gov/Archives/edgar/data/1634447/000149315224023164/form8-k.htm,"ISUN and eleven subsidiaries filed voluntary Chapter 11 petitions in Delaware on June 3 under case 24-11144, continued as debtors in possession and triggered immediate maturity under multiple debt instruments. The issuer warned holders could experience significant or complete loss.",verified,distress_equity_death,parent_and_multi_subsidiary_Chapter_11_with_debt_acceleration,3,3,2,3,0,-1,10,A++,positive_parent_level_Chapter_11_debt_acceleration_boundary,A++: the parent-level petitions and debt acceleration are realized. Possible significant or complete loss is not a final effective cancellation and no-distribution instrument.
CAND-6255551945222234422,permaticker:635403,OSAPQ,2024-04-17,bankruptcy_liquidation,2024-05-08,SEC Form 8-K Item 1.03,pre-petition April 17 OSAPQ proxy for May 7 OSAP Chapter 11 filing,https://www.sec.gov/Archives/edgar/data/1934064/000110465924058473/tm2413824d1_8k.htm,"ProSomnus filed Chapter 11 on May 7, 2024 after its common began OTC trading under OSAP on April 18. The vendor's April 17 OSAPQ row predates both the OTC transition and the petition and does not preserve event-time identity.",rejected,identity_control,pre_petition_date_and_false_OSAPQ_identity_proxy_for_OSAP_Chapter_11,0,0,0,3,0,-3,0,rejected,rejected_pre_petition_date_and_wrong_ticker_with_primary_event_recovery,Reject April 17 and OSAPQ. Preserve the May 7 OSAP petition; the proposed no-recovery treatment was not yet an effective plan and cannot support S at filing.
MANUAL-SEC-OSAP-20240507-CHAPTER-11,permaticker:635403,OSAP,2024-05-07,pre_negotiated_Chapter_11_with_DIP_debt_acceleration_and_proposed_zero_recovery_old_equity,2024-05-08,SEC Form 8-K Item 1.03 and restructuring support agreement,"pre-negotiated Chapter 11 with DIP funding, debt acceleration and proposed no-recovery old equity treatment",https://www.sec.gov/Archives/edgar/data/1934064/000110465924058473/tm2413824d1_8k.htm,"OSAP and debtor subsidiaries filed Chapter 11 on May 7 with a restructuring support agreement, up to $13 million of DIP financing, $41.67 million principal acceleration and at least $9 million of proposed new-money equity. The proposed plan allocated new common to subordinated secured noteholders and proposed no recovery for other equity interests.",verified,distress_equity_death,pre_negotiated_Chapter_11_with_DIP_debt_acceleration_and_proposed_zero_recovery_old_equity,3,3,2,3,0,-1,10,A++,positive_pre_negotiated_Chapter_11_with_proposed_zero_recovery_boundary,"A++: the petition, DIP structure and debt acceleration are realized. The no-recovery term remains proposed until plan confirmation and effectiveness, so S is prohibited at this date."
CAND-834019470498474616,permaticker:197108,ACORQ,2024-04-11,bankruptcy_liquidation,2024-04-02,SEC Form 8-K Item 1.03,later ACORQ identity and April 11 proxy for April 1 ACOR Chapter 11 petitions,https://www.sec.gov/Archives/edgar/data/1008848/000095017024039674/acor-20240331.htm,"Acorda and subsidiaries filed Chapter 11 on April 1, 2024 while the SEC cover identified Nasdaq ticker ACOR. The April 11 ACORQ row is a later OTC market identity and date proxy.",rejected,identity_control,later_ACORQ_ticker_and_market_date_proxy_for_ACOR_Chapter_11_petition,0,0,0,3,0,-3,0,rejected,rejected_event_time_identity_and_date_proxy_with_primary_event_recovery,Reject ACORQ and April 11 as petition truth. Preserve the April 1 ACOR Chapter 11 filing and its court-supervised sale process separately.
MANUAL-SEC-ACOR-20240401-CHAPTER-11,permaticker:197108,ACOR,2024-04-01,parent_and_subsidiary_Chapter_11_with_185_million_stalking_horse_asset_sale_and_DIP,2024-04-02,SEC Form 8-K Item 1.03,parent and subsidiaries filed Chapter 11 with $185 million stalking-horse asset sale and DIP financing,https://www.sec.gov/Archives/edgar/data/1008848/000095017024039674/acor-20240331.htm,"ACOR and certain subsidiaries filed Chapter 11 on April 1 in New York, continued as debtors in possession and pursued a court-supervised sale of substantially all assets to Merz for $185 million subject to higher bids. The restructuring included a proposed $60 million DIP facility and automatic acceleration of the 2024 convertible notes.",verified,distress_equity_death,parent_and_subsidiary_Chapter_11_with_185_million_stalking_horse_asset_sale_and_DIP,3,3,2,3,0,-1,10,A++,positive_parent_level_Chapter_11_section_363_sale_boundary,"A++: the petition, DIP structure and substantially-all-asset sale process are realized. The filing does not by itself establish final old-common cancellation and no distribution."
CAND-12969189018441131215,permaticker:643238,TWNPQ,2026-02-03,bankruptcy_liquidation,2026-01-27,SEC Form 8-K Item 1.03,February 3 TWNPQ proxy for January 26 TWNP Chapter 11 petition,https://www.sec.gov/Archives/edgar/data/2011954/000149315226003699/form8-k.htm,"Twin Hospitality and its direct and indirect subsidiaries, together with parent FAT Brands and the other debtors, filed Chapter 11 on January 26, 2026 while Twin's Nasdaq Class A common ticker was TWNP. The February 3 TWNPQ row is a later market-identity and date proxy.",rejected,identity_control,later_TWNPQ_identity_and_market_date_proxy_for_TWNP_Chapter_11_petition,0,0,0,3,0,-3,0,rejected,rejected_event_time_identity_and_date_proxy_with_primary_event_recovery,"Reject TWNPQ and February 3 as petition truth. Preserve the January 26 TWNP petition, the February 4 Nasdaq suspension and later OTC events on their own dates."
MANUAL-SEC-TWNP-20260126-CHAPTER-11,permaticker:643238,TWNP,2026-01-26,public_subsidiary_Chapter_11_with_joint_parent_cases_and_debtor_in_possession_operations,2026-01-27,SEC Form 8-K Item 1.03,public subsidiary and related debtors commenced Chapter 11 under joint FAT Brands cases,https://www.sec.gov/Archives/edgar/data/2011954/000149315226003699/form8-k.htm,"TWNP, its direct and indirect subsidiaries, parent FAT Brands and the other debtors commenced voluntary Chapter 11 cases in the Southern District of Texas on January 26 under case 26-90126 and continued as debtors in possession. The issuer warned common holders could suffer complete or significant loss but did not report final cancellation or zero distribution.",verified,distress_equity_death,public_subsidiary_Chapter_11_with_joint_parent_cases_and_debtor_in_possession_operations,3,3,2,3,0,-1,10,A++,positive_public_subsidiary_Chapter_11_event_time_identity_boundary,A++: the petition and debtor-in-possession status are realized. Expected complete or significant loss is not the final effective old-common cancellation and no-distribution evidence required for S.
CAND-10275209490722863125,permaticker:643238,TWNPQ,2026-02-03,delisted,2026-01-30,SEC Form 8-K Item 3.01,February 3 TWNPQ delisting proxy one day before TWNP Nasdaq suspension,https://www.sec.gov/Archives/edgar/data/2011954/000149315226004291/form8-k.htm,"Nasdaq scheduled suspension of TWNP Class A common stock for the opening of business on February 4, 2026 because of the Chapter 11 cases and residual-equity concerns. The February 3 TWNPQ row is neither the event-time Nasdaq ticker nor the effective suspension date.",rejected,identity_control,pre_suspension_date_and_later_TWNPQ_identity_proxy_for_TWNP_Nasdaq_access_loss,0,0,0,3,0,-3,0,rejected,rejected_pre_effective_date_and_post_event_ticker_with_listing_consequence_recovery,Reject February 3 and TWNPQ as the delisting event. Preserve the February 4 TWNP suspension as an A-grade consequence linked to the January 26 Chapter 11 event.
MANUAL-SEC-TWNP-20260204-NASDAQ-SUSPENSION,permaticker:643238,TWNP,2026-02-04,bankruptcy_driven_Nasdaq_suspension_with_no_appeal_and_OTC_transition,2026-01-30,SEC Form 8-K Item 3.01,bankruptcy-driven Nasdaq trading suspension with expected Pink Limited transition,https://www.sec.gov/Archives/edgar/data/2011954/000149315226004291/form8-k.htm,"Nasdaq determined to delist TWNP under Rules 5101, 5110(b) and IM-5101-1 after the Chapter 11 filing and residual-equity concerns, suspended trading at the February 4 open and expected the common to move to Pink Limited. The company did not appeal.",verified,delisting_or_suspension,bankruptcy_driven_Nasdaq_suspension_with_no_appeal_and_OTC_transition,2,2,0,3,0,-1,6,A,linked_consequence_forced_listing_access_loss,"A: national-market access ended on a precise date, but the suspension is a consequence of the Chapter 11 chain and does not independently prove old-common cancellation or zero recovery."
MANUAL-SEC-TWNPQ-20260615-ASSET-SALE-CLOSING,permaticker:643238,TWNPQ,2026-06-15,substantially_all_Twin_Peaks_assets_sold_by_359_5_million_credit_bid_in_Chapter_11,2026-06-18,SEC Form 8-K Items 1.01 and 2.01,substantially all Twin Peaks assets sold through approximately $359.5 million credit bid,https://www.sec.gov/Archives/edgar/data/2011954/000149315226029245/form8-k.htm,"On June 15 the TWNP debtors closed the sale of substantially all Twin Peaks restaurant, bar, franchise and brand assets for an approximately $359.5 million credit bid comprising DIP and prepetition securitization obligations, plus assumed liabilities. The filing does not establish a confirmed effective plan or old-common distribution.",verified,distress_equity_death,substantially_all_Twin_Peaks_assets_sold_by_359_5_million_credit_bid_in_Chapter_11,3,3,3,3,0,-1,11,A++,positive_substantially_all_asset_credit_bid_sale_closing_boundary,"A++: the substantially-all-asset credit-bid sale actually closed. Without a final effective plan stating old-common cancellation and distribution, the event remains below S."
CAND-15689754966209912929,permaticker:120811,FATAQ,2026-02-03,bankruptcy_liquidation,2026-01-27,SEC Form 8-K Item 1.03,February 3 FATAQ proxy for January 26 FAT Chapter 11 petition,https://www.sec.gov/Archives/edgar/data/1705012/000149315226003696/form8-k.htm,"FAT Brands and its direct and indirect subsidiaries filed Chapter 11 on January 26, 2026 while its Nasdaq securities were FAT Class A, FATBB Class B and FATBP preferred. The February 3 FATAQ row is a later market-identity and date proxy for the Class A security.",rejected,identity_control,later_FATAQ_identity_and_market_date_proxy_for_FAT_Chapter_11_petition,0,0,0,3,0,-3,0,rejected,rejected_event_time_identity_and_date_proxy_with_primary_event_recovery,"Reject FATAQ and February 3 as petition truth. Preserve the January 26 FAT petition, February 4 multi-security Nasdaq suspension and later OTC events on their own dates."
MANUAL-SEC-FAT-20260126-CHAPTER-11,permaticker:120811,FAT,2026-01-26,parent_and_all_direct_and_indirect_subsidiaries_Chapter_11_with_debt_acceleration,2026-01-27,SEC Form 8-K Item 1.03,parent and all direct and indirect subsidiaries commenced Chapter 11 and continued as debtors in possession,https://www.sec.gov/Archives/edgar/data/1705012/000149315226003696/form8-k.htm,"FAT Brands and each direct and indirect subsidiary commenced voluntary Chapter 11 cases in the Southern District of Texas on January 26 under case 26-90126 and continued as debtors in possession. The filing identified FAT, FATBB and FATBP as the event-time Nasdaq securities and warned of possible complete or significant loss without final equity treatment.",verified,distress_equity_death,parent_and_all_direct_and_indirect_subsidiaries_Chapter_11_with_debt_acceleration,3,3,2,3,0,-1,10,A++,positive_parent_level_Chapter_11_multi_security_event_time_identity_boundary,"A++: the petitions, debtor-in-possession operations and debt acceleration are realized. Possible complete or significant loss is not the final effective old-common treatment required for S."
CAND-15773495596762990611,permaticker:120811,FATAQ,2026-02-03,delisted,2026-01-30,SEC Form 8-K Item 3.01,February 3 FATAQ delisting proxy one day before FAT Nasdaq suspension,https://www.sec.gov/Archives/edgar/data/1705012/000149315226004289/form8-k.htm,"Nasdaq scheduled suspension of FAT Class A, FATBB Class B and FATBP preferred securities for the opening of business on February 4 because of the Chapter 11 cases and residual-equity concerns. The February 3 FATAQ row is a later Class A identity and pre-effective-date proxy.",rejected,identity_control,pre_suspension_date_and_later_FATAQ_identity_proxy_for_FAT_Nasdaq_access_loss,0,0,0,3,0,-3,0,rejected,rejected_pre_effective_date_and_post_event_ticker_with_listing_consequence_recovery,Reject February 3 and FATAQ as the delisting event. Preserve the February 4 FAT/FATBB/FATBP suspension as an A-grade consequence linked to the January 26 Chapter 11 event.
MANUAL-SEC-FAT-20260204-NASDAQ-SUSPENSION,permaticker:120811,FAT,2026-02-04,bankruptcy_driven_multi_security_Nasdaq_suspension_with_no_appeal_and_OTC_transition,2026-01-30,SEC Form 8-K Item 3.01,bankruptcy-driven Nasdaq suspension of three listed security classes with expected Pink Limited transition,https://www.sec.gov/Archives/edgar/data/1705012/000149315226004289/form8-k.htm,"Nasdaq determined to delist FAT, FATBB and FATBP under Rules 5101, 5110(b) and IM-5101-1 after the Chapter 11 filing and residual-equity concerns, suspended trading at the February 4 open and expected the securities to move to Pink Limited. The company did not appeal.",verified,delisting_or_suspension,bankruptcy_driven_multi_security_Nasdaq_suspension_with_no_appeal_and_OTC_transition,2,2,0,3,0,-1,6,A,linked_consequence_forced_listing_access_loss,"A: national-market access ended for three securities on a precise date, but the suspension is a consequence of Chapter 11 and does not independently establish cancellation or zero recovery."
MANUAL-SEC-FATAQ-20260615-ASSET-SALE-CLOSING,permaticker:120811,FATAQ,2026-06-15,substantially_all_FAT_Brands_assets_sold_by_595_million_credit_bid_in_Chapter_11,2026-06-18,SEC Form 8-K Items 1.01 and 2.01,substantially all FAT Brands assets sold through approximately $595 million credit bid,https://www.sec.gov/Archives/edgar/data/2011954/000149315226029245/form8-k.htm,"On June 15 the FAT Brands debtors closed the sale of substantially all restaurant, bar, entertainment, franchise and brand assets for an approximately $595 million credit bid comprising DIP and prepetition note obligations, plus assumed liabilities. The filing does not establish a confirmed effective plan or old-common distribution.",verified,distress_equity_death,substantially_all_FAT_Brands_assets_sold_by_595_million_credit_bid_in_Chapter_11,3,3,3,3,0,-1,11,A++,positive_substantially_all_asset_credit_bid_sale_closing_boundary,"A++: the substantially-all-asset credit-bid sale actually closed. Without a final effective plan stating old-common cancellation and distribution, the event remains below S."
CAND-13942391637432201287,permaticker:187639,FELPQ,2020-03-10,volume_crash,2020-03-10,"SEC Form 8-K Items 1.01, 1.03 and 2.04",FELPQ volume-crash and post-event ticker proxy for same-day FELPU Chapter 11 petition,https://www.sec.gov/Archives/edgar/data/1540729/000095014220000757/eh2000444_8k.htm,"Foresight Energy and all subsidiaries filed Chapter 11 on March 10, 2020, but the issuer identified the event-time OTCQX unit ticker as FELPU. Sharadar's identity history records the later FELPU-to-FELPQ change on April 6, so the March 10 FELPQ price row is a post-event identity and market-outcome proxy rather than the legal event itself.",rejected,price_and_identity_control,same_day_price_crash_with_later_FELPQ_identity_proxy_for_FELPU_Chapter_11_petition,0,0,0,3,0,-3,0,rejected,rejected_price_outcome_and_post_event_ticker_with_primary_event_recovery,"Reject the price observation as a hard event and reject FELPQ as the March 10 identity. Preserve the FELPU petition, later plan confirmation and FELPQ plan-effective terminal outcome on their own dates."
MANUAL-SEC-FELPU-20200310-CHAPTER-11,permaticker:187639,FELPU,2020-03-10,parent_general_partner_and_all_subsidiaries_prearranged_Chapter_11_with_DIP_and_debt_equitization,2020-03-10,"SEC Form 8-K Items 1.01, 1.03 and 2.04 plus Exhibit 99.2","parent, general partner and all subsidiaries filed pre-arranged Chapter 11 with DIP and debt equitization",https://www.sec.gov/Archives/edgar/data/1540729/000095014220000757/eh2000444_8k.htm,"FELPU, its general partner and all subsidiaries filed voluntary Chapter 11 petitions in the Eastern District of Missouri on March 10 under case 20-41308-659. The RSA had support from lenders holding more than 73% of approximately $1.4 billion of first- and second-lien claims, contemplated substantially all funded debt being equitized, and included a committed $100 million new-money DIP facility and proposed $225 million exit facility.",verified,distress_equity_death,parent_general_partner_and_all_subsidiaries_prearranged_Chapter_11_with_DIP_and_debt_equitization,3,3,2,3,0,-1,10,A++,positive_prearranged_parent_level_Chapter_11_event_time_identity_boundary,"A++ on the petition date: court filing, broad debtor scope and debt equitization are realized, but the old-unit terminal treatment had not yet become effective."
MANUAL-SEC-FELPQ-20200624-PLAN-CONFIRMED-ZERO-RECOVERY,permaticker:187639,FELPQ,2020-06-24,Chapter_11_plan_confirmed_with_zero_recovery_old_units_pending_effectiveness,2020-06-25,SEC Form 8-K Item 1.03 and court confirmation order,court confirmed plan providing no recovery to common and subordinated units,https://www.sec.gov/Archives/edgar/data/1540729/000156459020030501/felp-8k_20200624.htm,"The Bankruptcy Court confirmed Foresight's plan on June 24. The confirmed plan reduced more than $1 billion of debt, eliminated about $94 million of anticipated annual cash interest and provided no recovery to 80,996,773 common units or 64,954,691 subordinated units, but the issuer expressly said the effective date remained subject to conditions.",verified,distress_equity_death,Chapter_11_plan_confirmed_with_zero_recovery_old_units_pending_effectiveness,3,3,2,3,0,-1,10,A++,positive_confirmed_zero_recovery_plan_pending_effectiveness_boundary,"A++ only on June 24: court confirmation and zero-recovery treatment are strong, but the issuer stated that effectiveness remained conditional. S is reserved for the June 30 effective date."
MANUAL-SEC-FELPQ-20200630-OLD-UNITS-EXTINGUISHED-ZERO-RECOVERY,permaticker:187639,FELPQ,2020-06-30,confirmed_plan_effective_all_common_and_subordinated_units_extinguished_zero_recovery,2020-07-01,"SEC Form 8-K Items 1.03, 3.03 and 5.01",plan effective; all common and subordinated units extinguished without consideration and no recovery,https://www.sec.gov/Archives/edgar/data/1540729/000156459020031377/felp-8k_20200630.htm,"Foresight's confirmed plan became effective on June 30 after all conditions were satisfied or waived. Holders received no recovery, all existing common and subordinated units were extinguished without consideration, the partnership and related dissolving entities were slated for dissolution, and operating assets moved to creditor-owned successor entities.",verified,distress_equity_death,confirmed_plan_effective_all_common_and_subordinated_units_extinguished_zero_recovery,3,3,3,3,0,-1,11,S,positive_terminal_old_common_and_subordinated_unit_equity_death,S is anchored only to June 30 plan effectiveness. Explicit zero recovery plus extinguishment without consideration satisfies finality and is not backfilled to the March petition or June 24 confirmation.
CAND-10979774555426283480,permaticker:632491,CZOOF,2024-05-21,bankruptcy_liquidation,2024-05-21,"SEC Forms 6-K dated May 21, May 22 and July 3, 2024","CZOOF bankruptcy-liquidation row conflates subsidiary administration, NYSE suspension and later parent winding up",https://www.sec.gov/Archives/edgar/data/1859639/000121390024045404/ea0206593-6k_cazoo.htm,"On May 21 three English operating and holding subsidiaries entered administration while the Cayman parent, whose NYSE ticker was still CZOO, only decided to seek shareholder approval for a winding up. NYSE suspended CZOO that day, CZOOF began as the post-suspension OTC identity, and the parent did not enter voluntary winding up until shareholders approved it on July 2.",rejected,identity_and_scope_control,post_suspension_CZOOF_identity_conflated_with_subsidiary_administration_and_later_parent_winding_up,0,0,0,3,0,-3,0,rejected,rejected_vendor_event_scope_date_and_ticker_conflation_with_primary_event_recovery,"Reject CZOOF, May 21 and bankruptcy liquidation as one parent-level event. Preserve the subsidiary administrations, NYSE suspension, final delisting and parent voluntary winding up as separate events on their exact dates. The Teneo exhibit's generic bankruptcy-and-insolvency service description is not event evidence."
MANUAL-SEC-CZOO-20240521-SUBSIDIARY-ADMINISTRATIONS,permaticker:632491,CZOO,2024-05-21,material_operating_and_holding_subsidiaries_entered_UK_administration,2024-05-21,SEC Form 6-K and Exhibit 99.1,three material English subsidiaries entered administration and administrators assumed control,https://www.sec.gov/Archives/edgar/data/1859639/000121390024045404/ea0206593-6k_cazoo.htm,"Cazoo Holdings Limited, Cazoo Ltd and Cazoo Properties Limited entered UK administration on May 21 and joint administrators from Teneo were appointed to manage their affairs, business and property. The listed Cayman parent was not itself in administration and only resolved to seek a winding up.",verified,distress_equity_death,material_operating_and_holding_subsidiaries_entered_UK_administration,3,3,2,3,0,-1,10,A++,positive_material_subsidiary_administration_with_parent_scope_boundary,"A++ for the realized administration of the three material English subsidiaries. Do not describe the Cayman parent as bankrupt or in liquidation on this date, and do not use the later CZOOF ticker."
MANUAL-SEC-CZOO-20240521-NYSE-SUSPENSION,permaticker:632491,CZOO,2024-05-21,distress_driven_NYSE_immediate_suspension_with_no_appeal_and_OTC_transition,2024-05-22,SEC Form 6-K,NYSE immediately suspended CZOO after material-subsidiary administrations and announced delisting proceedings,https://www.sec.gov/Archives/edgar/data/1859639/000121390024045906/ea020670801-6k_cazoogroup.htm,NYSE notified Cazoo on May 21 that it would commence proceedings to delist the Class A ordinary shares and suspended trading immediately under Section 802.01D after the subsidiary administrations and parent winding-up disclosure. The issuer did not intend to appeal and expected OTC Pink trading.,verified,delisting_or_suspension,distress_driven_NYSE_immediate_suspension_with_no_appeal_and_OTC_transition,3,2,1,3,0,-1,8,A,positive_listing_suspension_exact_event_time_identity,"Use CZOO for the security suspended from NYSE on May 21. CZOOF is the post-suspension OTC alias, not the event-time NYSE identity."
MANUAL-SEC-CZOO-20240603-NYSE-DELISTING,permaticker:632491,CZOO,2024-06-03,final_NYSE_delisting_after_distress_driven_suspension,2024-06-21,SEC Form 6-K Exhibit 99.1 proxy statement,Class A ordinary shares were finally delisted from NYSE effective June 3,https://www.sec.gov/Archives/edgar/data/1859639/000121390024054499/ea020814501ex99-1_cazoo.htm,"The issuer's winding-up proxy states that its Class A ordinary shares were delisted by NYSE effective June 3, 2024 and were then trading on the OTC Pink Marketplace.",verified,delisting_or_suspension,final_NYSE_delisting_after_distress_driven_suspension,3,2,2,3,0,-1,9,A,positive_final_delisting_effective_date_separated_from_suspension,"Preserve June 3 as the final NYSE delisting date, separate from the May 21 immediate suspension and OTC ticker transition."
MANUAL-SEC-CZOOF-20240702-INSOLVENT-VOLUNTARY-WINDING-UP,permaticker:632491,CZOOF,2024-07-02,insolvent_Cayman_parent_voluntary_winding_up_commenced_with_no_expected_shareholder_distribution,2024-07-03,SEC Form 6-K,"shareholders commenced insolvent Cayman voluntary winding up, appointed liquidators and closed share transfer books",https://www.sec.gov/Archives/edgar/data/1859639/000121390024058749/ea020890401-6k_cazoogroup.htm,"On July 2 shareholders approved voluntary winding up because Cazoo Group Ltd was unable to pay its debts, joint voluntary liquidators were appointed immediately, all directors resigned, share transfer books closed, all realizable assets had been disposed of and the company expected no remaining proceeds for shareholders.",verified,distress_equity_death,insolvent_Cayman_parent_voluntary_winding_up_commenced_with_no_expected_shareholder_distribution,3,3,2,3,0,-1,10,A++,positive_parent_insolvent_winding_up_and_negative_premature_S_boundary,"A++ only. Winding up commenced and transfers stopped, but the filing says the process will continue until affairs are finally wound up and liquidators later seek dissolution. Expected zero proceeds is not explicit final cancellation or completed dissolution, so S is prohibited."
